ticket_id,received_at,due_at,completed_at,status,priority,team,analyst,category,channel,reopened_flag,exception_flag
T00091,2025-01-01 08:45:00,2025-01-03 08:45:00,2025-01-02 15:45:00,Completed,Medium,East,I. Wright,Service Issue,Phone,0,1
T00403,2025-01-01 11:30:00,2025-01-02 11:30:00,2025-01-02 00:30:00,Completed,High,West,J. Scott,Technical Support,Portal,0,0
T00295,2025-01-02 07:00:00,2025-01-04 07:00:00,2025-01-03 21:00:00,Completed,Medium,West,J. Scott,Data Exception,Portal,0,0
T00331,2025-01-02 09:30:00,2025-01-05 09:30:00,2025-01-04 04:30:00,Completed,Low,West,K. Green,Customer Request,Email,0,0
T00204,2025-01-02 16:15:00,2025-01-04 16:15:00,2025-01-03 18:15:00,Completed,Medium,North,C. Lewis,Customer Request,Email,0,0
T00473,2025-01-03 12:30:00,2025-01-05 12:30:00,2025-01-04 13:30:00,Completed,Medium,West,L. Adams,Billing,Email,0,0
T00670,2025-01-05 07:45:00,2025-01-07 07:45:00,2025-01-06 22:45:00,Completed,Medium,West,L. Adams,Customer Request,System,1,0
T00469,2025-01-05 10:00:00,2025-01-07 10:00:00,2025-01-07 18:00:00,Completed,Medium,East,G. Walker,Billing,System,0,0
T00869,2025-01-05 15:45:00,2025-01-06 15:45:00,2025-01-06 02:45:00,Completed,High,South,D. Moore,Field Support,Email,0,0
T00117,2025-01-05 16:30:00,2025-01-06 16:30:00,2025-01-07 09:30:00,Completed,High,West,J. Scott,Customer Request,System,0,0
T00867,2025-01-06 07:00:00,2025-01-08 07:00:00,2025-01-08 10:00:00,Completed,Medium,North,B. Carter,Data Exception,Phone,0,0
T00901,2025-01-06 07:45:00,2025-01-09 07:45:00,2025-01-07 10:45:00,Completed,Low,North,A. Johnson,Technical Support,Email,0,1
T00928,2025-01-06 10:00:00,2025-01-07 10:00:00,2025-01-07 03:00:00,Completed,High,East,H. King,Technical Support,Email,0,1
T00193,2025-01-06 13:00:00,2025-01-08 13:00:00,2025-01-08 03:00:00,Completed,Medium,West,L. Adams,Billing,Phone,0,0
T00523,2025-01-06 13:15:00,2025-01-09 13:15:00,2025-01-10 22:15:00,Completed,Low,West,L. Adams,Data Exception,Phone,0,0
T00724,2025-01-06 13:15:00,2025-01-09 13:15:00,2025-01-07 16:15:00,Completed,Low,West,J. Scott,Field Support,System,0,0
T00179,2025-01-06 13:30:00,2025-01-09 13:30:00,2025-01-08 11:30:00,Completed,Low,South,E. Harris,Billing,System,0,0
T00537,2025-01-06 14:30:00,2025-01-09 14:30:00,2025-01-08 15:30:00,Completed,Low,West,J. Scott,Technical Support,Phone,0,0
T00543,2025-01-06 14:45:00,2025-01-07 14:45:00,2025-01-07 03:45:00,Completed,High,West,J. Scott,Customer Request,Phone,0,0
T00271,2025-01-06 16:00:00,2025-01-08 16:00:00,2025-01-08 01:00:00,Completed,Medium,North,A. Johnson,Service Issue,System,0,0
T00715,2025-01-06 16:15:00,2025-01-08 16:15:00,2025-01-08 06:15:00,Completed,Medium,East,H. King,Data Exception,Phone,0,0
T00188,2025-01-07 08:00:00,2025-01-07 16:00:00,,Assigned,Critical,South,F. Young,Field Support,System,0,0
T00421,2025-01-07 09:45:00,2025-01-10 09:45:00,2025-01-09 21:45:00,Completed,Low,East,I. Wright,Technical Support,Email,0,0
T00554,2025-01-07 12:30:00,2025-01-08 12:30:00,2025-01-07 19:30:00,Completed,High,North,B. Carter,Data Exception,System,0,0
T00294,2025-01-07 16:45:00,2025-01-08 16:45:00,2025-01-09 07:45:00,Completed,High,East,G. Walker,Customer Request,System,0,0
T00698,2025-01-08 09:00:00,2025-01-10 09:00:00,2025-01-09 08:00:00,Completed,Medium,West,J. Scott,Service Issue,Portal,0,0
T00067,2025-01-08 11:15:00,2025-01-10 11:15:00,2025-01-10 00:15:00,Completed,Medium,South,F. Young,Field Support,Phone,0,0
T00323,2025-01-08 13:30:00,2025-01-11 13:30:00,2025-01-10 04:30:00,Completed,Low,North,C. Lewis,Field Support,Phone,0,0
T00809,2025-01-09 07:00:00,2025-01-10 07:00:00,2025-01-10 00:00:00,Completed,High,South,D. Moore,Billing,Portal,0,0
T00712,2025-01-09 09:00:00,2025-01-11 09:00:00,,Assigned,Medium,North,A. Johnson,Field Support,Phone,0,1
T00878,2025-01-09 09:45:00,2025-01-11 09:45:00,2025-01-12 15:45:00,Completed,Medium,South,D. Moore,Technical Support,Portal,0,1
T00516,2025-01-09 10:45:00,2025-01-11 10:45:00,2025-01-11 02:45:00,Completed,Medium,West,K. Green,Field Support,Portal,0,0
T00699,2025-01-09 10:45:00,2025-01-11 10:45:00,2025-01-10 19:45:00,Completed,Medium,South,E. Harris,Data Exception,System,0,0
T00399,2025-01-09 16:00:00,2025-01-12 16:00:00,2025-01-12 02:00:00,Completed,Low,East,I. Wright,Customer Request,Email,0,1
T00136,2025-01-10 10:00:00,2025-01-12 10:00:00,2025-01-11 13:00:00,Completed,Medium,North,A. Johnson,Customer Request,System,0,0
T00380,2025-01-10 11:30:00,2025-01-12 11:30:00,2025-01-11 07:30:00,Completed,Medium,South,E. Harris,Billing,Portal,0,0
T00484,2025-01-10 13:00:00,2025-01-13 13:00:00,2025-01-11 19:00:00,Completed,Low,West,K. Green,Technical Support,Phone,0,0
T00480,2025-01-11 07:00:00,2025-01-12 07:00:00,2025-01-11 17:00:00,Completed,High,North,C. Lewis,Technical Support,Portal,0,1
T00693,2025-01-11 14:15:00,2025-01-12 14:15:00,2025-01-12 01:15:00,Completed,High,North,C. Lewis,Billing,Portal,0,0
T00743,2025-01-12 11:00:00,2025-01-13 11:00:00,2025-01-12 23:00:00,Completed,High,North,A. Johnson,Data Exception,Email,0,0
T00690,2025-01-12 12:00:00,2025-01-15 12:00:00,2025-01-14 18:00:00,Completed,Low,West,L. Adams,Customer Request,Portal,0,0
T00182,2025-01-12 14:15:00,2025-01-14 14:15:00,,Open,Medium,North,B. Carter,Data Exception,System,0,0
T00148,2025-01-13 11:45:00,2025-01-16 11:45:00,2025-01-17 05:45:00,Completed,Low,East,H. King,Field Support,Phone,0,0
T00816,2025-01-13 12:45:00,2025-01-14 12:45:00,2025-01-14 05:45:00,Completed,High,East,I. Wright,Data Exception,System,0,0
T00669,2025-01-14 07:45:00,2025-01-16 07:45:00,2025-01-14 23:45:00,Completed,Medium,East,I. Wright,Billing,Email,0,0
T00522,2025-01-14 10:00:00,2025-01-16 10:00:00,2025-01-15 02:00:00,Completed,Medium,South,D. Moore,Technical Support,System,0,0
T00561,2025-01-14 16:15:00,2025-01-16 16:15:00,2025-01-15 23:15:00,Completed,Medium,South,E. Harris,Data Exception,System,0,0
T00265,2025-01-14 16:45:00,2025-01-15 16:45:00,2025-01-15 02:45:00,Completed,High,West,K. Green,Technical Support,Phone,0,0
T00518,2025-01-15 08:00:00,2025-01-16 08:00:00,2025-01-16 01:00:00,Completed,High,West,L. Adams,Field Support,Portal,0,0
T00883,2025-01-17 10:45:00,2025-01-19 10:45:00,,Assigned,Medium,East,I. Wright,Billing,System,0,0
T00905,2025-01-18 11:30:00,2025-01-21 11:30:00,2025-01-22 19:30:00,Completed,Low,East,H. King,Service Issue,Phone,0,0
T00426,2025-01-18 12:30:00,2025-01-21 12:30:00,2025-01-19 21:30:00,Completed,Low,West,J. Scott,Technical Support,Email,0,0
T00164,2025-01-19 07:15:00,2025-01-21 07:15:00,2025-01-20 01:15:00,Completed,Medium,North,C. Lewis,Data Exception,Phone,0,0
T00262,2025-01-19 14:45:00,2025-01-21 14:45:00,2025-01-20 07:45:00,Completed,Medium,West,J. Scott,Technical Support,Phone,0,0
T00187,2025-01-19 15:00:00,2025-01-21 15:00:00,2025-01-21 04:00:00,Completed,Medium,North,B. Carter,Data Exception,Phone,1,0
T00688,2025-01-20 09:00:00,2025-01-23 09:00:00,,Open,Low,South,F. Young,Service Issue,System,0,0
T00499,2025-01-20 09:30:00,2025-01-22 09:30:00,2025-01-21 20:30:00,Completed,Medium,West,K. Green,Customer Request,System,0,0
T00207,2025-01-20 09:45:00,2025-01-22 09:45:00,2025-01-21 17:45:00,Completed,Medium,East,I. Wright,Billing,System,0,1
T00360,2025-01-20 10:30:00,2025-01-22 10:30:00,2025-01-21 23:30:00,Completed,Medium,West,J. Scott,Field Support,Email,0,0
T00361,2025-01-20 12:15:00,2025-01-23 12:15:00,2025-01-22 13:15:00,Completed,Low,North,B. Carter,Data Exception,Phone,0,0
T00689,2025-01-20 12:15:00,2025-01-22 12:15:00,2025-01-21 09:15:00,Completed,Medium,West,K. Green,Technical Support,Portal,0,1
T00998,2025-01-21 09:45:00,2025-01-23 09:45:00,2025-01-22 03:45:00,Completed,Medium,East,G. Walker,Data Exception,Portal,0,0
T00045,2025-01-21 12:15:00,2025-01-23 12:15:00,2025-01-22 14:15:00,Completed,Medium,South,F. Young,Field Support,Email,0,0
T00234,2025-01-21 13:45:00,2025-01-23 13:45:00,2025-01-23 04:45:00,Completed,Medium,North,B. Carter,Data Exception,Portal,0,0
T00289,2025-01-22 09:30:00,2025-01-25 09:30:00,2025-01-24 03:30:00,Completed,Low,North,A. Johnson,Billing,Phone,0,0
T00288,2025-01-22 12:45:00,2025-01-23 12:45:00,2025-01-23 08:45:00,Completed,High,North,A. Johnson,Service Issue,Portal,0,0
T00948,2025-01-23 08:00:00,2025-01-25 08:00:00,2025-01-24 23:00:00,Completed,Medium,South,F. Young,Billing,Portal,0,0
T00951,2025-01-23 08:30:00,2025-01-25 08:30:00,2025-01-24 10:30:00,Completed,Medium,East,G. Walker,Field Support,Email,0,0
T00175,2025-01-23 11:45:00,2025-01-25 11:45:00,2025-01-24 12:45:00,Completed,Medium,South,D. Moore,Technical Support,Email,0,0
T00401,2025-01-23 12:30:00,2025-01-25 12:30:00,2025-01-25 05:30:00,Completed,Medium,East,H. King,Billing,System,0,0
T00384,2025-01-24 07:30:00,2025-01-27 07:30:00,2025-01-28 16:30:00,Completed,Low,South,F. Young,Technical Support,System,0,0
T00269,2025-01-24 08:30:00,2025-01-27 08:30:00,2025-01-25 10:30:00,Completed,Low,East,I. Wright,Service Issue,Phone,0,0
T00435,2025-01-25 09:30:00,2025-01-27 09:30:00,2025-01-26 09:30:00,Completed,Medium,North,C. Lewis,Technical Support,Portal,1,0
T00785,2025-01-25 14:15:00,2025-01-27 14:15:00,2025-01-26 22:15:00,Completed,Medium,East,G. Walker,Billing,Portal,0,0
T00513,2025-01-26 08:00:00,2025-01-28 08:00:00,2025-01-27 01:00:00,Completed,Medium,West,J. Scott,Customer Request,System,1,0
T00542,2025-01-26 12:30:00,2025-01-28 12:30:00,2025-01-30 03:30:00,Completed,Medium,South,D. Moore,Field Support,Phone,0,0
T00529,2025-01-26 15:45:00,2025-01-27 15:45:00,2025-01-27 00:45:00,Completed,High,South,D. Moore,Billing,Email,1,0
T00599,2025-01-27 08:00:00,2025-01-29 08:00:00,,Assigned,Medium,North,C. Lewis,Field Support,Email,0,0
T00575,2025-01-27 09:00:00,2025-01-27 17:00:00,2025-01-27 12:00:00,Completed,Critical,North,C. Lewis,Data Exception,Portal,0,0
T00897,2025-01-27 15:15:00,2025-01-29 15:15:00,2025-01-29 02:15:00,Completed,Medium,North,C. Lewis,Billing,Email,0,0
T00908,2025-01-28 15:15:00,2025-01-30 15:15:00,2025-01-29 23:15:00,Completed,Medium,North,B. Carter,Data Exception,System,0,0
T00029,2025-01-28 16:30:00,2025-01-31 16:30:00,2025-01-30 19:30:00,Completed,Low,East,I. Wright,Technical Support,Email,0,0
T00325,2025-02-01 07:30:00,2025-02-03 07:30:00,2025-02-04 14:30:00,Completed,Medium,South,E. Harris,Field Support,System,0,0
T00424,2025-02-01 08:45:00,2025-02-03 08:45:00,2025-02-02 19:45:00,Completed,Medium,North,C. Lewis,Billing,Portal,0,1
T00150,2025-02-01 10:45:00,2025-02-04 10:45:00,2025-02-03 23:45:00,Completed,Low,North,A. Johnson,Technical Support,Portal,0,0
T00885,2025-02-01 11:15:00,2025-02-03 11:15:00,2025-02-02 12:15:00,Completed,Medium,North,C. Lewis,Service Issue,Portal,0,1
T00049,2025-02-01 12:45:00,2025-02-03 12:45:00,2025-02-02 06:45:00,Completed,Medium,East,I. Wright,Service Issue,Portal,0,0
T00378,2025-02-01 16:30:00,2025-02-04 16:30:00,2025-02-02 18:30:00,Completed,Low,South,E. Harris,Billing,Email,0,0
T00015,2025-02-01 16:45:00,2025-02-02 00:45:00,2025-02-01 19:45:00,Completed,Critical,South,E. Harris,Field Support,System,0,0
T00918,2025-02-02 10:15:00,2025-02-04 10:15:00,2025-02-03 15:15:00,Completed,Medium,East,H. King,Data Exception,Portal,0,0
T00470,2025-02-03 14:00:00,2025-02-05 14:00:00,,Pending,Medium,West,L. Adams,Technical Support,System,0,0
T00978,2025-02-04 07:15:00,2025-02-05 07:15:00,2025-02-05 03:15:00,Completed,High,North,C. Lewis,Field Support,System,0,0
T00674,2025-02-04 09:45:00,2025-02-04 17:45:00,,Open,Critical,West,J. Scott,Data Exception,System,0,0
T00596,2025-02-04 11:15:00,2025-02-05 11:15:00,2025-02-05 05:15:00,Completed,High,East,I. Wright,Billing,System,0,0
T00042,2025-02-04 14:45:00,2025-02-05 14:45:00,2025-02-05 04:45:00,Completed,High,North,A. Johnson,Data Exception,Email,0,0
T00608,2025-02-05 07:45:00,2025-02-07 07:45:00,2025-02-05 23:45:00,Completed,Medium,South,D. Moore,Billing,Email,0,0
T00515,2025-02-05 08:45:00,2025-02-08 08:45:00,2025-02-07 14:45:00,Completed,Low,North,C. Lewis,Technical Support,Portal,0,0
T00932,2025-02-05 08:45:00,2025-02-06 08:45:00,2025-02-06 00:45:00,Completed,High,East,H. King,Billing,Email,0,0
T00742,2025-02-05 10:15:00,2025-02-07 10:15:00,,Open,Medium,South,F. Young,Field Support,System,0,0
T00224,2025-02-05 10:45:00,2025-02-08 10:45:00,2025-02-07 16:45:00,Completed,Low,West,L. Adams,Service Issue,Portal,0,0
T00506,2025-02-05 11:45:00,2025-02-08 11:45:00,2025-02-06 22:45:00,Completed,Low,North,C. Lewis,Data Exception,Email,0,0
T00073,2025-02-05 16:45:00,2025-02-06 16:45:00,2025-02-06 08:45:00,Completed,High,South,D. Moore,Data Exception,System,0,0
T00769,2025-02-06 07:45:00,2025-02-09 07:45:00,2025-02-08 04:45:00,Completed,Low,North,A. Johnson,Billing,Email,0,0
T00924,2025-02-06 08:45:00,2025-02-08 08:45:00,2025-02-07 04:45:00,Completed,Medium,South,F. Young,Billing,Portal,0,0
T00080,2025-02-06 12:45:00,2025-02-09 12:45:00,2025-02-07 16:45:00,Completed,Low,North,A. Johnson,Customer Request,Email,0,0
T00792,2025-02-06 13:00:00,2025-02-07 13:00:00,2025-02-07 03:00:00,Completed,High,West,L. Adams,Billing,Email,1,0
T00768,2025-02-06 16:45:00,2025-02-09 16:45:00,2025-02-08 11:45:00,Completed,Low,South,F. Young,Service Issue,Phone,1,0
T00877,2025-02-06 16:45:00,2025-02-09 16:45:00,2025-02-08 00:45:00,Completed,Low,North,A. Johnson,Service Issue,Portal,0,0
T00552,2025-02-07 09:45:00,2025-02-10 09:45:00,2025-02-08 20:45:00,Completed,Low,North,A. Johnson,Technical Support,Email,0,0
T00356,2025-02-07 12:45:00,2025-02-09 12:45:00,2025-02-08 15:45:00,Completed,Medium,West,L. Adams,Technical Support,Phone,0,0
T00672,2025-02-07 13:15:00,2025-02-10 13:15:00,2025-02-10 01:15:00,Completed,Low,South,D. Moore,Billing,Phone,0,0
T00694,2025-02-07 14:00:00,2025-02-10 14:00:00,2025-02-11 08:00:00,Completed,Low,West,K. Green,Technical Support,Phone,1,0
T00154,2025-02-08 09:45:00,2025-02-10 09:45:00,2025-02-10 00:45:00,Completed,Medium,West,J. Scott,Customer Request,Portal,0,0
T00530,2025-02-08 13:15:00,2025-02-11 13:15:00,2025-02-11 00:15:00,Completed,Low,East,I. Wright,Customer Request,Portal,0,0
T00284,2025-02-09 09:00:00,2025-02-11 09:00:00,2025-02-10 07:00:00,Completed,Medium,East,I. Wright,Billing,Portal,1,0
T00008,2025-02-09 12:45:00,2025-02-10 12:45:00,2025-02-10 08:45:00,Completed,High,West,K. Green,Customer Request,Portal,0,0
T00177,2025-02-10 09:45:00,2025-02-12 09:45:00,2025-02-11 13:45:00,Completed,Medium,West,K. Green,Field Support,Phone,0,0
T00577,2025-02-10 09:45:00,2025-02-12 09:45:00,2025-02-11 07:45:00,Completed,Medium,South,D. Moore,Service Issue,Email,0,0
T00417,2025-02-11 14:15:00,2025-02-14 14:15:00,2025-02-13 14:15:00,Completed,Low,West,L. Adams,Service Issue,Email,0,0
T00030,2025-02-11 16:45:00,2025-02-13 16:45:00,2025-02-12 07:45:00,Completed,Medium,East,I. Wright,Technical Support,Phone,0,0
T00882,2025-02-12 09:15:00,2025-02-14 09:15:00,2025-02-16 02:15:00,Completed,Medium,South,E. Harris,Service Issue,Email,0,0
T00009,2025-02-12 09:45:00,2025-02-14 09:45:00,2025-02-13 07:45:00,Completed,Medium,South,D. Moore,Field Support,Email,0,0
T00989,2025-02-12 11:00:00,2025-02-14 11:00:00,2025-02-13 19:00:00,Completed,Medium,North,A. Johnson,Billing,System,0,0
T00859,2025-02-12 11:30:00,2025-02-15 11:30:00,2025-02-17 11:30:00,Completed,Low,West,L. Adams,Service Issue,Phone,0,0
T00492,2025-02-14 07:15:00,2025-02-15 07:15:00,2025-02-14 16:15:00,Completed,High,North,C. Lewis,Field Support,Phone,0,0
T00355,2025-02-14 13:15:00,2025-02-14 21:15:00,2025-02-14 19:15:00,Completed,Critical,West,K. Green,Field Support,Phone,0,0
T00257,2025-02-14 14:00:00,2025-02-15 14:00:00,2025-02-15 01:00:00,Completed,High,North,B. Carter,Billing,Phone,0,0
T00954,2025-02-14 14:45:00,2025-02-15 14:45:00,2025-02-15 08:45:00,Completed,High,South,F. Young,Data Exception,System,0,0
T00240,2025-02-14 15:30:00,2025-02-17 15:30:00,2025-02-16 08:30:00,Completed,Low,South,F. Young,Service Issue,Phone,0,0
T00227,2025-02-15 07:00:00,2025-02-16 07:00:00,2025-02-15 14:00:00,Completed,High,South,F. Young,Field Support,Phone,0,0
T00997,2025-02-16 10:15:00,2025-02-18 10:15:00,2025-02-17 07:15:00,Completed,Medium,West,J. Scott,Service Issue,Email,1,0
T00391,2025-02-16 15:15:00,2025-02-18 15:15:00,2025-02-18 00:15:00,Completed,Medium,East,H. King,Data Exception,Email,0,0
T00774,2025-02-17 08:00:00,2025-02-19 08:00:00,2025-02-18 14:00:00,Completed,Medium,East,G. Walker,Technical Support,Portal,0,0
T00657,2025-02-17 11:00:00,2025-02-19 11:00:00,2025-02-19 03:00:00,Completed,Medium,South,F. Young,Billing,Phone,0,0
T00829,2025-02-18 11:00:00,2025-02-18 19:00:00,2025-02-18 15:00:00,Completed,Critical,South,D. Moore,Field Support,Portal,0,1
T00431,2025-02-18 12:45:00,2025-02-20 12:45:00,,Pending,Medium,West,L. Adams,Field Support,Phone,0,0
T00352,2025-02-18 13:30:00,2025-02-20 13:30:00,2025-02-19 19:30:00,Completed,Medium,East,I. Wright,Field Support,Portal,0,0
T00539,2025-02-18 14:00:00,2025-02-20 14:00:00,,Assigned,Medium,South,F. Young,Field Support,Phone,0,0
T00152,2025-02-19 14:30:00,2025-02-20 14:30:00,2025-02-20 08:30:00,Completed,High,South,F. Young,Technical Support,Phone,0,0
T00048,2025-02-19 15:15:00,2025-02-22 15:15:00,2025-02-21 08:15:00,Completed,Low,West,K. Green,Field Support,System,0,0
T00793,2025-02-20 08:00:00,2025-02-23 08:00:00,2025-02-22 17:00:00,Completed,Low,South,D. Moore,Billing,Phone,0,0
T00635,2025-02-20 10:30:00,2025-02-22 10:30:00,2025-02-22 01:30:00,Completed,Medium,North,B. Carter,Technical Support,Email,0,0
T00968,2025-02-20 14:15:00,2025-02-23 14:15:00,2025-02-21 15:15:00,Completed,Low,South,E. Harris,Field Support,Portal,0,0
T00487,2025-02-21 13:30:00,2025-02-21 21:30:00,2025-02-22 04:30:00,Completed,Critical,West,L. Adams,Field Support,Phone,0,0
T00310,2025-02-21 15:15:00,2025-02-23 15:15:00,2025-02-22 23:15:00,Completed,Medium,East,I. Wright,Technical Support,Phone,0,0
T00866,2025-02-21 15:45:00,2025-02-22 15:45:00,2025-02-22 09:45:00,Completed,High,North,B. Carter,Customer Request,Portal,0,0
T00479,2025-02-22 11:30:00,2025-02-23 11:30:00,,Open,High,North,B. Carter,Field Support,Email,0,0
T00394,2025-02-22 12:15:00,2025-02-25 12:15:00,2025-02-24 14:15:00,Completed,Low,East,H. King,Field Support,Email,1,0
T00414,2025-02-22 16:30:00,2025-02-24 16:30:00,2025-02-23 21:30:00,Completed,Medium,South,F. Young,Field Support,Portal,0,0
T00447,2025-02-23 09:30:00,2025-02-26 09:30:00,2025-02-25 14:30:00,Completed,Low,South,E. Harris,Customer Request,Phone,0,0
T00472,2025-02-23 09:45:00,2025-02-23 17:45:00,2025-02-23 13:45:00,Completed,Critical,East,H. King,Technical Support,Portal,0,0
T00209,2025-02-23 12:45:00,2025-02-24 12:45:00,2025-02-23 20:45:00,Completed,High,East,H. King,Service Issue,System,0,0
T00153,2025-02-23 13:15:00,2025-02-25 13:15:00,2025-02-27 02:15:00,Completed,Medium,West,J. Scott,Data Exception,System,0,0
T00725,2025-02-23 13:45:00,2025-02-23 21:45:00,2025-02-23 18:45:00,Completed,Critical,West,K. Green,Field Support,System,0,0
T00278,2025-02-23 14:15:00,2025-02-24 14:15:00,2025-02-24 10:15:00,Completed,High,North,C. Lewis,Technical Support,System,0,0
T00706,2025-02-24 13:00:00,2025-02-26 13:00:00,2025-02-25 03:00:00,Completed,Medium,East,H. King,Technical Support,System,0,0
T00254,2025-02-25 10:00:00,2025-02-27 10:00:00,2025-02-26 10:00:00,Completed,Medium,North,B. Carter,Data Exception,Phone,0,0
T00617,2025-02-25 11:45:00,2025-02-27 11:45:00,2025-02-26 02:45:00,Completed,Medium,South,F. Young,Customer Request,Email,0,0
T00174,2025-02-25 15:00:00,2025-02-28 15:00:00,2025-02-27 15:00:00,Completed,Low,North,B. Carter,Field Support,System,0,0
T00740,2025-02-25 15:00:00,2025-02-25 23:00:00,2025-02-25 21:00:00,Completed,Critical,South,F. Young,Data Exception,Email,0,0
T00497,2025-02-26 07:00:00,2025-02-28 07:00:00,2025-02-27 13:00:00,Completed,Medium,West,K. Green,Service Issue,System,0,0
T00716,2025-02-26 08:00:00,2025-02-28 08:00:00,2025-02-28 01:00:00,Completed,Medium,East,H. King,Field Support,Portal,0,0
T00169,2025-02-27 10:15:00,2025-03-02 10:15:00,2025-03-01 20:15:00,Completed,Low,West,K. Green,Data Exception,System,0,0
T00836,2025-02-27 10:45:00,2025-03-02 10:45:00,2025-03-01 15:45:00,Completed,Low,West,K. Green,Service Issue,Portal,0,0
T00671,2025-02-27 12:45:00,2025-03-02 12:45:00,2025-02-28 17:45:00,Completed,Low,West,L. Adams,Technical Support,Portal,0,1
T00636,2025-02-27 13:00:00,2025-02-28 13:00:00,2025-02-28 05:00:00,Completed,High,West,J. Scott,Field Support,Phone,0,0
T00520,2025-02-27 14:30:00,2025-03-02 14:30:00,2025-03-04 09:30:00,Completed,Low,West,L. Adams,Field Support,Phone,0,0
T00069,2025-02-27 16:00:00,2025-03-01 16:00:00,2025-03-02 16:00:00,Completed,Medium,North,B. Carter,Customer Request,Phone,0,0
T00336,2025-02-28 09:00:00,2025-03-02 09:00:00,,Pending,Medium,North,B. Carter,Technical Support,Phone,0,0
T00891,2025-02-28 13:00:00,2025-03-03 13:00:00,2025-03-03 21:00:00,Completed,Low,West,K. Green,Service Issue,Phone,0,0
T00223,2025-02-28 16:00:00,2025-03-01 16:00:00,,Assigned,High,East,G. Walker,Billing,System,0,0
T00825,2025-03-01 10:00:00,2025-03-03 10:00:00,2025-03-04 07:00:00,Completed,Medium,North,C. Lewis,Data Exception,Portal,0,0
T00524,2025-03-01 15:15:00,2025-03-03 15:15:00,,Pending,Medium,West,K. Green,Technical Support,Portal,0,0
T00981,2025-03-02 15:15:00,2025-03-05 15:15:00,2025-03-04 00:15:00,Completed,Low,North,A. Johnson,Technical Support,Portal,0,0
T00762,2025-03-03 08:45:00,2025-03-06 08:45:00,2025-03-05 14:45:00,Completed,Low,North,A. Johnson,Field Support,System,0,0
T00412,2025-03-03 09:45:00,2025-03-04 09:45:00,2025-03-03 19:45:00,Completed,High,East,G. Walker,Data Exception,Email,0,0
T00862,2025-03-03 10:45:00,2025-03-05 10:45:00,2025-03-04 13:45:00,Completed,Medium,West,K. Green,Service Issue,Email,1,1
T00371,2025-03-03 16:30:00,2025-03-04 16:30:00,2025-03-04 05:30:00,Completed,High,North,A. Johnson,Field Support,Phone,0,0
T00359,2025-03-03 16:45:00,2025-03-05 16:45:00,2025-03-04 20:45:00,Completed,Medium,East,H. King,Service Issue,Email,0,0
T00478,2025-03-04 10:30:00,2025-03-06 10:30:00,2025-03-05 12:30:00,Completed,Medium,South,E. Harris,Field Support,Portal,0,0
T00642,2025-03-04 11:30:00,2025-03-07 11:30:00,2025-03-06 21:30:00,Completed,Low,East,I. Wright,Data Exception,Email,0,0
T00733,2025-03-04 15:30:00,2025-03-06 15:30:00,2025-03-06 07:30:00,Completed,Medium,East,H. King,Customer Request,Phone,0,0
T00647,2025-03-06 08:00:00,2025-03-08 08:00:00,2025-03-09 10:00:00,Completed,Medium,West,K. Green,Customer Request,Phone,0,0
T00339,2025-03-06 08:30:00,2025-03-08 08:30:00,2025-03-07 22:30:00,Completed,Medium,East,I. Wright,Technical Support,System,0,0
T00366,2025-03-06 09:00:00,2025-03-09 09:00:00,,Assigned,Low,South,D. Moore,Field Support,Email,0,0
T00075,2025-03-06 09:30:00,2025-03-09 09:30:00,2025-03-11 08:30:00,Completed,Low,West,K. Green,Billing,Email,0,0
T00256,2025-03-06 10:30:00,2025-03-07 10:30:00,2025-03-07 01:30:00,Completed,High,South,F. Young,Service Issue,Portal,0,0
T00126,2025-03-07 08:30:00,2025-03-10 08:30:00,2025-03-09 06:30:00,Completed,Low,North,A. Johnson,Technical Support,Email,0,0
T00973,2025-03-07 10:00:00,2025-03-09 10:00:00,2025-03-09 02:00:00,Completed,Medium,East,H. King,Technical Support,System,0,0
T00854,2025-03-07 10:45:00,2025-03-09 10:45:00,2025-03-08 13:45:00,Completed,Medium,North,B. Carter,Customer Request,Portal,0,0
T00754,2025-03-07 11:45:00,2025-03-09 11:45:00,2025-03-08 16:45:00,Completed,Medium,East,I. Wright,Technical Support,Email,0,0
T00456,2025-03-07 12:30:00,2025-03-10 12:30:00,2025-03-09 02:30:00,Completed,Low,East,G. Walker,Field Support,Phone,0,0
T00570,2025-03-07 15:30:00,2025-03-08 15:30:00,2025-03-08 05:30:00,Completed,High,South,E. Harris,Field Support,Phone,0,0
T00418,2025-03-08 07:45:00,2025-03-08 15:45:00,2025-03-08 11:45:00,Completed,Critical,North,A. Johnson,Field Support,Email,0,0
T00041,2025-03-08 15:00:00,2025-03-10 15:00:00,2025-03-11 04:00:00,Completed,Medium,South,D. Moore,Technical Support,System,0,0
T00677,2025-03-08 15:15:00,2025-03-10 15:15:00,2025-03-09 06:15:00,Completed,Medium,North,A. Johnson,Customer Request,Portal,0,0
T00317,2025-03-09 15:15:00,2025-03-11 15:15:00,2025-03-10 14:15:00,Completed,Medium,East,H. King,Billing,System,0,0
T00772,2025-03-09 15:30:00,2025-03-10 15:30:00,2025-03-10 21:30:00,Completed,High,West,J. Scott,Service Issue,System,0,0
T00810,2025-03-09 16:30:00,2025-03-12 16:30:00,2025-03-11 13:30:00,Completed,Low,North,A. Johnson,Data Exception,Email,0,0
T00967,2025-03-10 07:45:00,2025-03-13 07:45:00,2025-03-12 05:45:00,Completed,Low,West,L. Adams,Data Exception,Phone,1,0
T00454,2025-03-10 08:30:00,2025-03-12 08:30:00,2025-03-11 17:30:00,Completed,Medium,South,F. Young,Service Issue,System,0,0
T00675,2025-03-10 09:30:00,2025-03-12 09:30:00,2025-03-12 15:30:00,Completed,Medium,North,A. Johnson,Service Issue,Phone,0,0
T00786,2025-03-11 10:45:00,2025-03-13 10:45:00,2025-03-14 20:45:00,Completed,Medium,West,L. Adams,Technical Support,System,0,0
T00287,2025-03-11 13:15:00,2025-03-12 13:15:00,2025-03-12 09:15:00,Completed,High,South,D. Moore,Technical Support,Phone,0,0
T00957,2025-03-12 08:45:00,2025-03-12 16:45:00,2025-03-12 14:45:00,Completed,Critical,East,I. Wright,Data Exception,Portal,0,0
T00661,2025-03-12 09:15:00,2025-03-14 09:15:00,2025-03-13 16:15:00,Completed,Medium,East,G. Walker,Data Exception,Email,0,0
T00064,2025-03-12 09:45:00,2025-03-14 09:45:00,2025-03-13 06:45:00,Completed,Medium,South,D. Moore,Field Support,Portal,0,0
T00086,2025-03-12 13:15:00,2025-03-14 13:15:00,2025-03-13 23:15:00,Completed,Medium,West,L. Adams,Customer Request,Phone,0,0
T00571,2025-03-13 13:45:00,2025-03-15 13:45:00,2025-03-14 22:45:00,Completed,Medium,North,A. Johnson,Billing,Phone,1,0
T00129,2025-03-14 07:45:00,2025-03-17 07:45:00,2025-03-16 09:45:00,Completed,Low,West,K. Green,Customer Request,System,0,0
T00580,2025-03-14 08:30:00,2025-03-17 08:30:00,,Open,Low,West,J. Scott,Field Support,System,0,0
T00509,2025-03-14 09:30:00,2025-03-17 09:30:00,2025-03-15 12:30:00,Completed,Low,West,J. Scott,Data Exception,Email,0,0
T00220,2025-03-14 13:15:00,2025-03-16 13:15:00,2025-03-15 23:15:00,Completed,Medium,East,G. Walker,Billing,System,0,0
T00613,2025-03-14 14:15:00,2025-03-15 14:15:00,2025-03-15 08:15:00,Completed,High,West,L. Adams,Field Support,Email,0,0
T00062,2025-03-15 07:00:00,2025-03-15 15:00:00,2025-03-15 12:00:00,Completed,Critical,West,K. Green,Billing,Phone,0,0
T00685,2025-03-15 07:00:00,2025-03-16 07:00:00,2025-03-15 19:00:00,Completed,High,North,C. Lewis,Field Support,Email,0,1
T00547,2025-03-15 09:30:00,2025-03-17 09:30:00,,Open,Medium,South,F. Young,Billing,System,0,0
T00003,2025-03-15 16:15:00,2025-03-17 16:15:00,2025-03-16 15:15:00,Completed,Medium,North,C. Lewis,Technical Support,Email,0,1
T00261,2025-03-16 09:30:00,2025-03-18 09:30:00,2025-03-17 04:30:00,Completed,Medium,West,K. Green,Billing,Email,0,0
T00875,2025-03-16 09:45:00,2025-03-17 09:45:00,,Open,High,West,K. Green,Technical Support,Email,0,0
T00735,2025-03-16 11:00:00,2025-03-16 19:00:00,2025-03-16 16:00:00,Completed,Critical,East,G. Walker,Billing,System,0,1
T00206,2025-03-16 16:45:00,2025-03-17 16:45:00,2025-03-18 12:45:00,Completed,High,West,K. Green,Data Exception,System,0,0
T00904,2025-03-17 08:45:00,2025-03-19 08:45:00,2025-03-19 01:45:00,Completed,Medium,North,C. Lewis,Service Issue,Phone,0,0
T00411,2025-03-17 10:30:00,2025-03-19 10:30:00,2025-03-18 22:30:00,Completed,Medium,South,D. Moore,Customer Request,System,0,0
T00584,2025-03-17 11:30:00,2025-03-19 11:30:00,,Open,Medium,East,G. Walker,Data Exception,Phone,0,0
T00490,2025-03-17 16:00:00,2025-03-20 16:00:00,2025-03-19 23:00:00,Completed,Low,West,K. Green,Customer Request,Phone,0,0
T00637,2025-03-17 16:00:00,2025-03-19 16:00:00,2025-03-18 09:00:00,Completed,Medium,East,I. Wright,Customer Request,Email,0,0
T00600,2025-03-18 07:45:00,2025-03-20 07:45:00,2025-03-19 03:45:00,Completed,Medium,East,G. Walker,Billing,Portal,0,0
T00214,2025-03-18 08:45:00,2025-03-21 08:45:00,,Assigned,Low,North,C. Lewis,Technical Support,Phone,0,0
T00167,2025-03-18 12:45:00,2025-03-20 12:45:00,2025-03-19 10:45:00,Completed,Medium,West,K. Green,Service Issue,System,1,0
T00681,2025-03-19 07:00:00,2025-03-21 07:00:00,2025-03-20 01:00:00,Completed,Medium,South,E. Harris,Field Support,Portal,0,0
T00143,2025-03-19 08:30:00,2025-03-22 08:30:00,2025-03-20 14:30:00,Completed,Low,East,H. King,Billing,Phone,0,0
T00165,2025-03-19 12:30:00,2025-03-22 12:30:00,,Open,Low,West,L. Adams,Field Support,Portal,0,0
T00801,2025-03-19 12:30:00,2025-03-20 12:30:00,2025-03-21 02:30:00,Completed,High,West,J. Scott,Billing,Email,1,0
T00920,2025-03-19 15:15:00,2025-03-22 15:15:00,,Open,Low,South,F. Young,Field Support,Email,0,0
T00146,2025-03-19 16:30:00,2025-03-21 16:30:00,2025-03-20 14:30:00,Completed,Medium,East,H. King,Billing,Phone,0,0
T00230,2025-03-20 08:30:00,2025-03-22 08:30:00,2025-03-23 01:30:00,Completed,Medium,North,C. Lewis,Customer Request,System,0,0
T00024,2025-03-20 14:15:00,2025-03-22 14:15:00,,Pending,Medium,West,L. Adams,Billing,System,0,0
T00313,2025-03-21 09:00:00,2025-03-22 09:00:00,2025-03-21 23:00:00,Completed,High,South,D. Moore,Customer Request,Phone,0,0
T00342,2025-03-21 09:00:00,2025-03-23 09:00:00,2025-03-22 23:00:00,Completed,Medium,South,E. Harris,Customer Request,Portal,0,0
T00654,2025-03-21 13:45:00,2025-03-22 13:45:00,2025-03-21 22:45:00,Completed,High,West,J. Scott,Field Support,System,0,0
T00550,2025-03-21 15:30:00,2025-03-23 15:30:00,2025-03-22 15:30:00,Completed,Medium,West,J. Scott,Service Issue,Portal,0,0
T00947,2025-03-21 15:45:00,2025-03-22 15:45:00,2025-03-22 05:45:00,Completed,High,South,F. Young,Service Issue,System,0,0
T00643,2025-03-22 07:15:00,2025-03-22 15:15:00,2025-03-22 12:15:00,Completed,Critical,North,A. Johnson,Customer Request,System,0,0
T00451,2025-03-22 08:30:00,2025-03-22 16:30:00,,Assigned,Critical,East,I. Wright,Service Issue,Portal,0,0
T00602,2025-03-22 08:45:00,2025-03-24 08:45:00,2025-03-23 10:45:00,Completed,Medium,West,K. Green,Service Issue,Phone,0,0
T00134,2025-03-22 11:00:00,2025-03-24 11:00:00,2025-03-23 11:00:00,Completed,Medium,East,I. Wright,Technical Support,Portal,0,0
T00100,2025-03-22 11:30:00,2025-03-24 11:30:00,2025-03-23 05:30:00,Completed,Medium,West,K. Green,Technical Support,System,0,0
T00292,2025-03-22 15:00:00,2025-03-24 15:00:00,2025-03-23 22:00:00,Completed,Medium,South,E. Harris,Billing,Phone,0,0
T00745,2025-03-22 15:30:00,2025-03-24 15:30:00,2025-03-24 04:30:00,Completed,Medium,West,L. Adams,Data Exception,Portal,0,0
T00114,2025-03-22 16:45:00,2025-03-23 00:45:00,2025-03-23 07:45:00,Completed,Critical,South,D. Moore,Service Issue,Phone,0,0
T00138,2025-03-23 07:30:00,2025-03-24 07:30:00,2025-03-23 17:30:00,Completed,High,North,B. Carter,Technical Support,Phone,1,0
T00993,2025-03-23 09:15:00,2025-03-24 09:15:00,2025-03-24 20:15:00,Completed,High,South,D. Moore,Technical Support,Portal,0,0
T00128,2025-03-23 12:30:00,2025-03-24 12:30:00,2025-03-24 07:30:00,Completed,High,North,B. Carter,Field Support,System,0,0
T00759,2025-03-23 12:45:00,2025-03-26 12:45:00,2025-03-24 23:45:00,Completed,Low,South,F. Young,Customer Request,Portal,0,0
T00782,2025-03-23 15:00:00,2025-03-25 15:00:00,2025-03-25 01:00:00,Completed,Medium,West,J. Scott,Technical Support,Portal,0,0
T00072,2025-03-23 16:45:00,2025-03-24 16:45:00,2025-03-24 12:45:00,Completed,High,North,C. Lewis,Customer Request,Portal,0,0
T00253,2025-03-24 07:30:00,2025-03-26 07:30:00,2025-03-25 01:30:00,Completed,Medium,East,G. Walker,Service Issue,Phone,0,0
T00538,2025-03-24 07:30:00,2025-03-25 07:30:00,2025-03-25 03:30:00,Completed,High,East,G. Walker,Technical Support,Email,0,0
T00863,2025-03-24 09:30:00,2025-03-27 09:30:00,2025-03-26 07:30:00,Completed,Low,South,F. Young,Technical Support,Email,1,0
T00665,2025-03-24 14:45:00,2025-03-26 14:45:00,,Open,Medium,South,D. Moore,Field Support,Email,0,0
T00120,2025-03-24 16:45:00,2025-03-26 16:45:00,2025-03-25 11:45:00,Completed,Medium,North,A. Johnson,Service Issue,Portal,0,0
T00555,2025-03-25 09:15:00,2025-03-28 09:15:00,2025-03-27 18:15:00,Completed,Low,East,G. Walker,Billing,System,0,0
T00312,2025-03-25 13:15:00,2025-03-27 13:15:00,2025-03-26 14:15:00,Completed,Medium,West,L. Adams,Field Support,Email,0,0
T00695,2025-03-26 07:45:00,2025-03-27 07:45:00,2025-03-26 21:45:00,Completed,High,North,A. Johnson,Service Issue,Portal,0,0
T00604,2025-03-26 09:00:00,2025-03-29 09:00:00,2025-03-28 06:00:00,Completed,Low,South,D. Moore,Data Exception,Portal,0,0
T00055,2025-03-26 10:15:00,2025-03-29 10:15:00,2025-03-28 13:15:00,Completed,Low,East,I. Wright,Customer Request,Portal,0,0
T00139,2025-03-26 12:15:00,2025-03-28 12:15:00,2025-03-27 11:15:00,Completed,Medium,East,G. Walker,Customer Request,System,0,0
T01000,2025-03-26 15:00:00,2025-03-28 15:00:00,2025-03-27 10:00:00,Completed,Medium,West,J. Scott,Service Issue,Portal,0,0
T00018,2025-03-27 10:30:00,2025-03-28 10:30:00,2025-03-28 06:30:00,Completed,High,West,J. Scott,Data Exception,Email,0,0
T00511,2025-03-27 15:00:00,2025-03-29 15:00:00,2025-03-28 18:00:00,Completed,Medium,North,C. Lewis,Field Support,System,0,0
T00332,2025-03-28 07:15:00,2025-03-31 07:15:00,2025-03-30 15:15:00,Completed,Low,North,C. Lewis,Billing,System,0,0
T00465,2025-03-28 07:30:00,2025-03-30 07:30:00,2025-03-29 03:30:00,Completed,Medium,West,J. Scott,Billing,Phone,0,0
T00263,2025-03-28 08:30:00,2025-03-30 08:30:00,2025-03-29 19:30:00,Completed,Medium,North,B. Carter,Billing,Phone,0,0
T00620,2025-03-28 10:00:00,2025-03-31 10:00:00,2025-03-30 19:00:00,Completed,Low,South,D. Moore,Customer Request,Email,0,0
T00778,2025-03-28 14:00:00,2025-03-30 14:00:00,,Pending,Medium,East,G. Walker,Data Exception,System,0,0
T00751,2025-03-28 14:45:00,2025-03-30 14:45:00,2025-03-29 06:45:00,Completed,Medium,East,I. Wright,Customer Request,Email,0,0
T00995,2025-03-28 15:45:00,2025-03-30 15:45:00,2025-03-29 10:45:00,Completed,Medium,South,F. Young,Field Support,Email,0,0
T00259,2025-04-01 10:00:00,2025-04-03 10:00:00,2025-04-02 06:00:00,Completed,Medium,East,I. Wright,Service Issue,Portal,0,0
T00172,2025-04-01 10:15:00,2025-04-03 10:15:00,2025-04-03 00:15:00,Completed,Medium,East,I. Wright,Customer Request,Phone,1,0
T00865,2025-04-01 12:00:00,2025-04-02 12:00:00,2025-04-02 03:00:00,Completed,High,South,E. Harris,Service Issue,System,0,0
T00199,2025-04-02 11:30:00,2025-04-03 11:30:00,2025-04-03 05:30:00,Completed,High,East,I. Wright,Technical Support,Email,0,0
T00556,2025-04-02 13:45:00,2025-04-04 13:45:00,2025-04-04 03:45:00,Completed,Medium,South,D. Moore,Data Exception,Email,0,0
T00282,2025-04-02 15:15:00,2025-04-04 15:15:00,2025-04-05 20:15:00,Completed,Medium,South,F. Young,Technical Support,Portal,0,0
T00119,2025-04-03 08:00:00,2025-04-06 08:00:00,2025-04-04 14:00:00,Completed,Low,South,E. Harris,Data Exception,Email,1,0
T00764,2025-04-03 08:30:00,2025-04-03 16:30:00,2025-04-03 22:30:00,Completed,Critical,West,L. Adams,Billing,Phone,0,0
T00104,2025-04-03 16:00:00,2025-04-06 16:00:00,2025-04-05 08:00:00,Completed,Low,North,A. Johnson,Service Issue,System,0,0
T00110,2025-04-04 09:00:00,2025-04-05 09:00:00,2025-04-05 00:00:00,Completed,High,North,A. Johnson,Customer Request,System,0,0
T00832,2025-04-04 10:15:00,2025-04-06 10:15:00,2025-04-05 15:15:00,Completed,Medium,South,E. Harris,Billing,Email,0,0
T00140,2025-04-04 13:15:00,2025-04-06 13:15:00,2025-04-05 08:15:00,Completed,Medium,South,F. Young,Customer Request,Phone,0,0
T00044,2025-04-05 08:15:00,2025-04-07 08:15:00,2025-04-07 20:15:00,Completed,Medium,South,D. Moore,Field Support,Portal,0,0
T00614,2025-04-05 12:30:00,2025-04-07 12:30:00,2025-04-06 13:30:00,Completed,Medium,South,F. Young,Service Issue,System,0,0
T00653,2025-04-05 14:15:00,2025-04-08 14:15:00,2025-04-07 12:15:00,Completed,Low,South,E. Harris,Billing,Email,0,0
T00343,2025-04-05 15:00:00,2025-04-07 15:00:00,2025-04-06 15:00:00,Completed,Medium,West,L. Adams,Customer Request,Portal,0,0
T00628,2025-04-05 15:00:00,2025-04-06 15:00:00,2025-04-06 03:00:00,Completed,High,West,L. Adams,Data Exception,System,0,0
T00242,2025-04-06 13:00:00,2025-04-07 13:00:00,2025-04-07 05:00:00,Completed,High,South,D. Moore,Field Support,Email,1,0
T00943,2025-04-07 07:15:00,2025-04-09 07:15:00,2025-04-08 07:15:00,Completed,Medium,East,H. King,Billing,System,0,1
T00309,2025-04-07 12:00:00,2025-04-09 12:00:00,2025-04-08 10:00:00,Completed,Medium,East,H. King,Billing,Portal,0,1
T00935,2025-04-07 16:30:00,2025-04-10 16:30:00,2025-04-08 23:30:00,Completed,Low,East,I. Wright,Billing,System,0,0
T00853,2025-04-07 16:45:00,2025-04-08 00:45:00,,Open,Critical,West,K. Green,Data Exception,Phone,0,0
T00958,2025-04-08 07:45:00,2025-04-10 07:45:00,2025-04-10 22:45:00,Completed,Medium,West,L. Adams,Technical Support,Phone,0,0
T00105,2025-04-09 07:00:00,2025-04-12 07:00:00,2025-04-12 22:00:00,Completed,Low,West,K. Green,Billing,Portal,0,1
T00376,2025-04-09 08:00:00,2025-04-11 08:00:00,2025-04-10 19:00:00,Completed,Medium,East,I. Wright,Technical Support,Portal,0,0
T00618,2025-04-09 09:00:00,2025-04-11 09:00:00,2025-04-12 21:00:00,Completed,Medium,West,J. Scott,Field Support,System,0,0
T00078,2025-04-09 09:15:00,2025-04-12 09:15:00,,Assigned,Low,East,G. Walker,Technical Support,Phone,0,0
T00258,2025-04-09 11:15:00,2025-04-11 11:15:00,2025-04-10 18:15:00,Completed,Medium,East,H. King,Field Support,Phone,0,0
T00404,2025-04-10 09:45:00,2025-04-12 09:45:00,2025-04-11 10:45:00,Completed,Medium,East,G. Walker,Technical Support,Portal,0,1
T00144,2025-04-10 12:15:00,2025-04-12 12:15:00,,Open,Medium,North,C. Lewis,Billing,Phone,0,0
T00159,2025-04-10 13:45:00,2025-04-11 13:45:00,2025-04-11 04:45:00,Completed,High,East,G. Walker,Data Exception,Portal,1,0
T00969,2025-04-10 15:45:00,2025-04-12 15:45:00,2025-04-11 21:45:00,Completed,Medium,West,L. Adams,Data Exception,System,0,0
T00141,2025-04-10 16:45:00,2025-04-13 16:45:00,2025-04-14 17:45:00,Completed,Low,South,F. Young,Billing,Portal,0,0
T00125,2025-04-11 07:45:00,2025-04-13 07:45:00,,Pending,Medium,West,L. Adams,Field Support,System,0,0
T00710,2025-04-11 13:45:00,2025-04-13 13:45:00,2025-04-13 00:45:00,Completed,Medium,East,H. King,Service Issue,Email,0,1
T00340,2025-04-12 09:45:00,2025-04-14 09:45:00,2025-04-13 14:45:00,Completed,Medium,South,F. Young,Field Support,Phone,0,0
T00573,2025-04-12 11:30:00,2025-04-14 11:30:00,2025-04-13 03:30:00,Completed,Medium,North,A. Johnson,Service Issue,Email,0,0
T00692,2025-04-13 08:15:00,2025-04-14 08:15:00,2025-04-13 18:15:00,Completed,High,West,K. Green,Service Issue,Phone,0,0
T00458,2025-04-13 10:45:00,2025-04-15 10:45:00,2025-04-14 08:45:00,Completed,Medium,East,I. Wright,Field Support,Email,0,0
T00051,2025-04-14 11:45:00,2025-04-15 11:45:00,2025-04-14 20:45:00,Completed,High,North,C. Lewis,Billing,Portal,0,0
T00221,2025-04-14 12:45:00,2025-04-15 12:45:00,2025-04-15 08:45:00,Completed,High,North,A. Johnson,Data Exception,Phone,0,0
T00344,2025-04-15 08:00:00,2025-04-18 08:00:00,2025-04-18 19:00:00,Completed,Low,North,C. Lewis,Customer Request,Portal,0,0
T00101,2025-04-15 09:45:00,2025-04-17 09:45:00,2025-04-16 02:45:00,Completed,Medium,South,F. Young,Billing,Phone,0,1
T00341,2025-04-16 10:45:00,2025-04-18 10:45:00,,Open,Medium,North,B. Carter,Data Exception,Portal,0,1
T00839,2025-04-16 11:45:00,2025-04-18 11:45:00,2025-04-17 02:45:00,Completed,Medium,North,A. Johnson,Technical Support,System,1,0
T00703,2025-04-16 15:45:00,2025-04-18 15:45:00,2025-04-18 05:45:00,Completed,Medium,West,K. Green,Data Exception,System,0,0
T00208,2025-04-17 07:00:00,2025-04-19 07:00:00,2025-04-18 16:00:00,Completed,Medium,North,B. Carter,Technical Support,Phone,0,0
T00436,2025-04-17 08:45:00,2025-04-19 08:45:00,2025-04-18 17:45:00,Completed,Medium,North,C. Lewis,Service Issue,Portal,0,0
T00578,2025-04-17 09:00:00,2025-04-19 09:00:00,2025-04-18 10:00:00,Completed,Medium,West,K. Green,Billing,System,0,0
T00687,2025-04-17 09:15:00,2025-04-20 09:15:00,2025-04-19 10:15:00,Completed,Low,West,K. Green,Data Exception,Phone,0,0
T00077,2025-04-17 12:45:00,2025-04-19 12:45:00,2025-04-19 03:45:00,Completed,Medium,East,I. Wright,Billing,System,0,0
T00357,2025-04-18 07:00:00,2025-04-21 07:00:00,2025-04-19 15:00:00,Completed,Low,South,F. Young,Service Issue,Portal,0,0
T00747,2025-04-18 15:15:00,2025-04-19 15:15:00,2025-04-19 09:15:00,Completed,High,North,A. Johnson,Data Exception,System,0,0
T00979,2025-04-20 08:45:00,2025-04-22 08:45:00,2025-04-21 19:45:00,Completed,Medium,East,I. Wright,Customer Request,System,0,0
T00275,2025-04-20 12:00:00,2025-04-22 12:00:00,2025-04-22 04:00:00,Completed,Medium,East,G. Walker,Technical Support,System,0,0
T00899,2025-04-20 15:30:00,2025-04-22 15:30:00,2025-04-23 01:30:00,Completed,Medium,South,E. Harris,Data Exception,Portal,1,0
T00501,2025-04-21 12:45:00,2025-04-23 12:45:00,2025-04-22 14:45:00,Completed,Medium,South,F. Young,Billing,Portal,0,0
T00848,2025-04-21 13:00:00,2025-04-23 13:00:00,2025-04-23 02:00:00,Completed,Medium,West,J. Scott,Service Issue,Portal,0,0
T00301,2025-04-21 13:30:00,2025-04-23 13:30:00,2025-04-22 16:30:00,Completed,Medium,West,K. Green,Technical Support,Portal,1,0
T00200,2025-04-21 15:30:00,2025-04-23 15:30:00,2025-04-22 07:30:00,Completed,Medium,West,L. Adams,Data Exception,System,0,0
T00850,2025-04-22 08:30:00,2025-04-24 08:30:00,2025-04-23 14:30:00,Completed,Medium,West,J. Scott,Service Issue,Portal,0,0
T00758,2025-04-22 09:30:00,2025-04-24 09:30:00,2025-04-23 20:30:00,Completed,Medium,East,G. Walker,Data Exception,System,0,1
T00396,2025-04-22 13:30:00,2025-04-24 13:30:00,2025-04-23 13:30:00,Completed,Medium,West,K. Green,Customer Request,Portal,0,0
T00133,2025-04-23 07:45:00,2025-04-24 07:45:00,2025-04-23 16:45:00,Completed,High,East,G. Walker,Service Issue,System,0,0
T00210,2025-04-23 09:00:00,2025-04-25 09:00:00,2025-04-24 07:00:00,Completed,Medium,South,D. Moore,Customer Request,Phone,0,0
T00567,2025-04-23 10:30:00,2025-04-25 10:30:00,2025-04-24 19:30:00,Completed,Medium,North,B. Carter,Customer Request,System,0,0
T00197,2025-04-23 12:30:00,2025-04-25 12:30:00,2025-04-24 23:30:00,Completed,Medium,North,B. Carter,Billing,Phone,0,0
T00886,2025-04-23 14:00:00,2025-04-24 14:00:00,2025-04-24 05:00:00,Completed,High,East,G. Walker,Technical Support,Phone,0,1
T00443,2025-04-24 09:30:00,2025-04-24 17:30:00,2025-04-24 14:30:00,Completed,Critical,North,B. Carter,Field Support,Phone,0,0
T00723,2025-04-24 10:00:00,2025-04-26 10:00:00,2025-04-25 03:00:00,Completed,Medium,East,G. Walker,Billing,Phone,0,0
T00461,2025-04-24 10:15:00,2025-04-25 10:15:00,2025-04-25 02:15:00,Completed,High,South,D. Moore,Field Support,Phone,0,0
T00683,2025-04-24 10:45:00,2025-04-26 10:45:00,2025-04-25 02:45:00,Completed,Medium,East,I. Wright,Technical Support,Phone,0,0
T00279,2025-04-24 11:15:00,2025-04-26 11:15:00,2025-04-25 08:15:00,Completed,Medium,East,I. Wright,Service Issue,Portal,0,0
T00202,2025-04-24 13:15:00,2025-04-26 13:15:00,2025-04-28 07:15:00,Completed,Medium,South,E. Harris,Field Support,Email,0,0
T00505,2025-04-24 13:45:00,2025-04-26 13:45:00,,Assigned,Medium,North,B. Carter,Field Support,Portal,0,0
T00236,2025-04-24 15:00:00,2025-04-27 15:00:00,2025-04-26 07:00:00,Completed,Low,South,D. Moore,Customer Request,System,0,1
T00931,2025-04-25 09:45:00,2025-04-26 09:45:00,2025-04-25 23:45:00,Completed,High,West,J. Scott,Data Exception,Portal,0,0
T00813,2025-04-25 13:00:00,2025-04-26 13:00:00,,Assigned,High,West,K. Green,Customer Request,Portal,0,0
T00834,2025-04-25 13:45:00,2025-04-26 13:45:00,2025-04-26 22:45:00,Completed,High,West,K. Green,Billing,Email,0,0
T00950,2025-04-25 14:30:00,2025-04-27 14:30:00,2025-04-26 13:30:00,Completed,Medium,West,J. Scott,Customer Request,Email,0,0
T00630,2025-04-25 15:15:00,2025-04-27 15:15:00,2025-04-26 20:15:00,Completed,Medium,West,J. Scott,Customer Request,System,0,0
T00939,2025-04-26 10:45:00,2025-04-28 10:45:00,2025-04-27 20:45:00,Completed,Medium,South,F. Young,Field Support,Portal,0,0
T00802,2025-04-26 14:15:00,2025-04-29 14:15:00,2025-04-29 03:15:00,Completed,Low,South,F. Young,Data Exception,Phone,0,0
T00619,2025-04-27 08:00:00,2025-04-29 08:00:00,2025-04-28 08:00:00,Completed,Medium,South,E. Harris,Field Support,Portal,1,0
T00592,2025-04-27 09:00:00,2025-04-28 09:00:00,2025-04-28 03:00:00,Completed,High,North,A. Johnson,Data Exception,Phone,0,0
T00171,2025-04-27 10:15:00,2025-04-28 10:15:00,2025-04-28 02:15:00,Completed,High,West,L. Adams,Service Issue,Portal,0,0
T00273,2025-04-27 16:45:00,2025-04-29 16:45:00,2025-04-28 09:45:00,Completed,Medium,South,F. Young,Billing,System,0,0
T00364,2025-04-28 13:45:00,2025-04-30 13:45:00,2025-04-29 08:45:00,Completed,Medium,West,L. Adams,Field Support,Email,0,1
T00438,2025-05-01 11:00:00,2025-05-03 11:00:00,2025-05-02 16:00:00,Completed,Medium,West,L. Adams,Service Issue,Portal,0,0
T00450,2025-05-01 12:00:00,2025-05-03 12:00:00,2025-05-03 21:00:00,Completed,Medium,East,G. Walker,Billing,Phone,0,0
T00626,2025-05-01 13:45:00,2025-05-02 13:45:00,2025-05-02 05:45:00,Completed,High,West,L. Adams,Billing,Phone,0,0
T00330,2025-05-02 07:30:00,2025-05-04 07:30:00,,Pending,Medium,South,D. Moore,Customer Request,Phone,0,0
T00720,2025-05-02 08:15:00,2025-05-03 08:15:00,2025-05-02 21:15:00,Completed,High,South,F. Young,Customer Request,Portal,0,0
T00192,2025-05-02 15:30:00,2025-05-04 15:30:00,2025-05-03 12:30:00,Completed,Medium,North,C. Lewis,Customer Request,Email,0,0
T00385,2025-05-03 08:30:00,2025-05-06 08:30:00,2025-05-04 11:30:00,Completed,Low,South,E. Harris,Service Issue,Email,1,0
T00606,2025-05-03 11:00:00,2025-05-05 11:00:00,2025-05-04 02:00:00,Completed,Medium,South,D. Moore,Technical Support,Phone,0,1
T00090,2025-05-03 12:00:00,2025-05-04 12:00:00,2025-05-04 08:00:00,Completed,High,North,B. Carter,Customer Request,System,0,0
T00873,2025-05-03 15:30:00,2025-05-03 23:30:00,2025-05-03 18:30:00,Completed,Critical,North,A. Johnson,Field Support,System,0,0
T00938,2025-05-04 10:15:00,2025-05-06 10:15:00,2025-05-05 05:15:00,Completed,Medium,West,L. Adams,Data Exception,Phone,0,0
T00322,2025-05-05 13:45:00,2025-05-08 13:45:00,2025-05-07 21:45:00,Completed,Low,East,I. Wright,Data Exception,System,0,0
T00440,2025-05-05 15:30:00,2025-05-06 15:30:00,2025-05-06 11:30:00,Completed,High,South,E. Harris,Field Support,Portal,0,0
T00349,2025-05-05 16:00:00,2025-05-06 00:00:00,2025-05-05 22:00:00,Completed,Critical,North,A. Johnson,Customer Request,System,0,1
T00316,2025-05-05 16:15:00,2025-05-07 16:15:00,2025-05-06 19:15:00,Completed,Medium,East,H. King,Technical Support,Phone,0,0
T00502,2025-05-06 14:45:00,2025-05-08 14:45:00,2025-05-07 21:45:00,Completed,Medium,North,C. Lewis,Data Exception,System,0,0
T00730,2025-05-06 15:00:00,2025-05-08 15:00:00,2025-05-08 06:00:00,Completed,Medium,South,F. Young,Service Issue,System,0,0
T00615,2025-05-06 15:45:00,2025-05-08 15:45:00,2025-05-07 22:45:00,Completed,Medium,East,I. Wright,Customer Request,Phone,0,1
T00985,2025-05-07 09:00:00,2025-05-07 17:00:00,2025-05-07 12:00:00,Completed,Critical,East,G. Walker,Data Exception,Portal,0,0
T00137,2025-05-07 12:45:00,2025-05-10 12:45:00,2025-05-08 21:45:00,Completed,Low,South,E. Harris,Data Exception,Email,0,0
T00559,2025-05-07 14:15:00,2025-05-10 14:15:00,,Pending,Low,South,E. Harris,Customer Request,System,0,0
T00811,2025-05-07 15:30:00,2025-05-10 15:30:00,2025-05-09 11:30:00,Completed,Low,North,C. Lewis,Service Issue,Portal,0,0
T00651,2025-05-08 08:30:00,2025-05-09 08:30:00,2025-05-09 21:30:00,Completed,High,East,H. King,Customer Request,Portal,0,0
T00173,2025-05-08 12:00:00,2025-05-10 12:00:00,2025-05-10 02:00:00,Completed,Medium,East,H. King,Field Support,Phone,0,0
T00488,2025-05-08 12:00:00,2025-05-09 12:00:00,,Open,High,South,E. Harris,Service Issue,Portal,0,0
T00830,2025-05-08 15:00:00,2025-05-10 15:00:00,2025-05-09 10:00:00,Completed,Medium,West,L. Adams,Service Issue,System,1,0
T00953,2025-05-08 16:15:00,2025-05-09 16:15:00,,Assigned,High,South,E. Harris,Technical Support,System,0,0
T00840,2025-05-08 16:30:00,2025-05-09 16:30:00,2025-05-09 09:30:00,Completed,High,North,B. Carter,Technical Support,Portal,0,0
T00225,2025-05-09 09:45:00,2025-05-12 09:45:00,2025-05-12 13:45:00,Completed,Low,South,E. Harris,Technical Support,Portal,0,0
T00118,2025-05-10 12:00:00,2025-05-11 12:00:00,2025-05-11 06:00:00,Completed,High,East,I. Wright,Technical Support,Email,0,0
T00363,2025-05-10 14:15:00,2025-05-12 14:15:00,2025-05-12 03:15:00,Completed,Medium,East,I. Wright,Service Issue,Phone,0,0
T00566,2025-05-10 14:45:00,2025-05-13 14:45:00,2025-05-12 00:45:00,Completed,Low,South,F. Young,Field Support,Portal,0,0
T00087,2025-05-10 16:15:00,2025-05-11 16:15:00,2025-05-11 12:15:00,Completed,High,South,E. Harris,Customer Request,System,0,0
T00900,2025-05-11 08:15:00,2025-05-13 08:15:00,2025-05-12 08:15:00,Completed,Medium,East,G. Walker,Service Issue,Phone,0,0
T00921,2025-05-11 08:30:00,2025-05-13 08:30:00,2025-05-12 00:30:00,Completed,Medium,East,I. Wright,Data Exception,Phone,0,0
T00663,2025-05-11 13:30:00,2025-05-14 13:30:00,2025-05-12 13:30:00,Completed,Low,North,C. Lewis,Billing,System,0,0
T00116,2025-05-12 10:00:00,2025-05-13 10:00:00,2025-05-14 03:00:00,Completed,High,West,J. Scott,Data Exception,System,0,0
T00842,2025-05-13 08:00:00,2025-05-15 08:00:00,2025-05-14 22:00:00,Completed,Medium,West,L. Adams,Field Support,Portal,0,0
T00817,2025-05-13 12:30:00,2025-05-15 12:30:00,2025-05-14 17:30:00,Completed,Medium,South,F. Young,Service Issue,System,1,0
T00640,2025-05-13 14:30:00,2025-05-16 14:30:00,2025-05-18 22:30:00,Completed,Low,East,G. Walker,Field Support,Portal,0,0
T00243,2025-05-14 14:15:00,2025-05-16 14:15:00,2025-05-15 22:15:00,Completed,Medium,West,J. Scott,Billing,Portal,0,0
T00601,2025-05-14 16:15:00,2025-05-16 16:15:00,2025-05-15 22:15:00,Completed,Medium,North,A. Johnson,Service Issue,Portal,0,0
T00611,2025-05-15 07:00:00,2025-05-17 07:00:00,2025-05-16 05:00:00,Completed,Medium,East,G. Walker,Technical Support,Portal,0,0
T00040,2025-05-15 14:15:00,2025-05-15 22:15:00,2025-05-15 17:15:00,Completed,Critical,West,K. Green,Customer Request,Phone,0,0
T00564,2025-05-15 15:45:00,2025-05-18 15:45:00,2025-05-17 20:45:00,Completed,Low,West,K. Green,Technical Support,System,1,0
T00409,2025-05-16 08:15:00,2025-05-18 08:15:00,2025-05-17 00:15:00,Completed,Medium,South,E. Harris,Technical Support,System,0,0
T00752,2025-05-16 08:30:00,2025-05-18 08:30:00,2025-05-18 18:30:00,Completed,Medium,South,F. Young,Billing,Email,0,0
T00157,2025-05-16 09:00:00,2025-05-16 17:00:00,2025-05-16 13:00:00,Completed,Critical,North,C. Lewis,Field Support,System,0,0
T00680,2025-05-16 10:15:00,2025-05-16 18:15:00,2025-05-16 17:15:00,Completed,Critical,South,D. Moore,Billing,Email,0,0
T00151,2025-05-16 13:00:00,2025-05-19 13:00:00,2025-05-17 21:00:00,Completed,Low,South,F. Young,Customer Request,Phone,0,0
T00852,2025-05-16 16:30:00,2025-05-17 16:30:00,2025-05-17 05:30:00,Completed,High,West,J. Scott,Service Issue,Portal,0,1
T00972,2025-05-18 12:00:00,2025-05-20 12:00:00,2025-05-19 15:00:00,Completed,Medium,North,B. Carter,Field Support,Portal,0,0
T00370,2025-05-19 11:30:00,2025-05-21 11:30:00,2025-05-21 00:30:00,Completed,Medium,North,C. Lewis,Service Issue,Portal,0,0
T00251,2025-05-19 13:00:00,2025-05-19 21:00:00,2025-05-19 16:00:00,Completed,Critical,South,D. Moore,Customer Request,Phone,0,0
T00986,2025-05-19 14:00:00,2025-05-21 14:00:00,2025-05-21 05:00:00,Completed,Medium,South,F. Young,Customer Request,Email,0,0
T00155,2025-05-20 09:30:00,2025-05-20 17:30:00,2025-05-20 13:30:00,Completed,Critical,West,J. Scott,Field Support,Portal,0,0
T00952,2025-05-21 07:15:00,2025-05-23 07:15:00,2025-05-24 11:15:00,Completed,Medium,South,F. Young,Data Exception,Phone,0,0
T00413,2025-05-22 08:45:00,2025-05-25 08:45:00,2025-05-23 08:45:00,Completed,Low,West,L. Adams,Customer Request,Phone,0,1
T00970,2025-05-23 08:15:00,2025-05-26 08:15:00,2025-05-24 15:15:00,Completed,Low,West,K. Green,Field Support,Email,0,0
T00389,2025-05-23 08:30:00,2025-05-24 08:30:00,2025-05-24 02:30:00,Completed,High,West,K. Green,Customer Request,Phone,0,0
T00338,2025-05-23 16:30:00,2025-05-24 16:30:00,2025-05-24 07:30:00,Completed,High,South,E. Harris,Billing,Portal,0,0
T00753,2025-05-24 12:15:00,2025-05-26 12:15:00,2025-05-28 07:15:00,Completed,Medium,North,A. Johnson,Technical Support,Portal,0,0
T00994,2025-05-24 13:15:00,2025-05-26 13:15:00,,Pending,Medium,South,D. Moore,Service Issue,Phone,0,0
T00089,2025-05-27 15:15:00,2025-05-28 15:15:00,2025-05-28 01:15:00,Completed,High,East,H. King,Technical Support,Phone,0,0
T00923,2025-05-27 15:30:00,2025-05-27 23:30:00,2025-05-28 05:30:00,Completed,Critical,North,B. Carter,Service Issue,Portal,0,1
T00508,2025-05-28 07:00:00,2025-05-30 07:00:00,,Pending,Medium,South,D. Moore,Billing,Phone,0,0
T00464,2025-05-28 13:15:00,2025-05-30 13:15:00,2025-05-31 08:15:00,Completed,Medium,West,J. Scott,Technical Support,System,0,0
T00503,2025-06-01 08:00:00,2025-06-02 08:00:00,2025-06-01 18:00:00,Completed,High,South,E. Harris,Service Issue,Email,0,0
T00367,2025-06-01 16:00:00,2025-06-03 16:00:00,2025-06-02 21:00:00,Completed,Medium,West,J. Scott,Data Exception,Phone,0,0
T00264,2025-06-01 16:45:00,2025-06-04 16:45:00,2025-06-03 18:45:00,Completed,Low,North,B. Carter,Field Support,System,0,0
T00027,2025-06-02 11:30:00,2025-06-03 11:30:00,2025-06-02 20:30:00,Completed,High,East,G. Walker,Technical Support,Portal,0,0
T00061,2025-06-02 12:15:00,2025-06-04 12:15:00,2025-06-03 16:15:00,Completed,Medium,North,A. Johnson,Field Support,System,0,0
T00934,2025-06-03 08:30:00,2025-06-03 16:30:00,2025-06-03 17:30:00,Completed,Critical,North,A. Johnson,Data Exception,System,0,0
T00065,2025-06-03 08:45:00,2025-06-05 08:45:00,2025-06-04 23:45:00,Completed,Medium,West,L. Adams,Billing,Email,0,0
T00358,2025-06-03 13:00:00,2025-06-05 13:00:00,2025-06-04 13:00:00,Completed,Medium,West,J. Scott,Service Issue,System,0,0
T00807,2025-06-04 13:00:00,2025-06-07 13:00:00,2025-06-09 23:00:00,Completed,Low,West,L. Adams,Technical Support,Portal,0,0
T00641,2025-06-05 07:00:00,2025-06-07 07:00:00,2025-06-06 04:00:00,Completed,Medium,South,F. Young,Field Support,Portal,0,0
T00293,2025-06-05 09:15:00,2025-06-07 09:15:00,2025-06-06 18:15:00,Completed,Medium,South,E. Harris,Customer Request,System,0,0
T00722,2025-06-05 15:45:00,2025-06-08 15:45:00,2025-06-08 02:45:00,Completed,Low,South,E. Harris,Data Exception,System,0,0
T00229,2025-06-05 16:00:00,2025-06-07 16:00:00,2025-06-08 02:00:00,Completed,Medium,South,E. Harris,Service Issue,Portal,0,0
T00847,2025-06-06 07:15:00,2025-06-08 07:15:00,2025-06-07 23:15:00,Completed,Medium,North,C. Lewis,Technical Support,Portal,0,0
T00084,2025-06-06 07:30:00,2025-06-07 07:30:00,2025-06-06 17:30:00,Completed,High,South,F. Young,Data Exception,Phone,0,0
T00270,2025-06-06 08:30:00,2025-06-09 08:30:00,2025-06-11 22:30:00,Completed,Low,West,K. Green,Billing,Email,0,0
T00115,2025-06-07 09:15:00,2025-06-09 09:15:00,2025-06-08 07:15:00,Completed,Medium,North,C. Lewis,Field Support,Phone,0,0
T00982,2025-06-07 11:45:00,2025-06-09 11:45:00,2025-06-08 03:45:00,Completed,Medium,North,C. Lewis,Field Support,System,0,0
T00664,2025-06-07 16:15:00,2025-06-09 16:15:00,2025-06-08 08:15:00,Completed,Medium,South,D. Moore,Service Issue,Portal,0,0
T00445,2025-06-08 10:00:00,2025-06-09 10:00:00,2025-06-09 05:00:00,Completed,High,East,H. King,Technical Support,System,0,0
T00629,2025-06-08 15:15:00,2025-06-11 15:15:00,2025-06-12 12:15:00,Completed,Low,South,D. Moore,Billing,Email,0,0
T00362,2025-06-08 16:15:00,2025-06-11 16:15:00,2025-06-10 04:15:00,Completed,Low,East,G. Walker,Data Exception,Portal,0,0
T00738,2025-06-08 16:15:00,2025-06-10 16:15:00,2025-06-09 09:15:00,Completed,Medium,North,C. Lewis,Technical Support,Phone,0,0
T00645,2025-06-09 12:15:00,2025-06-10 12:15:00,2025-06-09 21:15:00,Completed,High,South,E. Harris,Billing,Email,1,0
T00668,2025-06-09 15:00:00,2025-06-10 15:00:00,2025-06-10 02:00:00,Completed,High,West,K. Green,Technical Support,Email,0,0
T00046,2025-06-09 15:15:00,2025-06-11 15:15:00,2025-06-11 02:15:00,Completed,Medium,East,G. Walker,Billing,Email,0,0
T00565,2025-06-10 07:00:00,2025-06-12 07:00:00,2025-06-12 00:00:00,Completed,Medium,West,K. Green,Data Exception,Email,0,0
T00784,2025-06-10 11:15:00,2025-06-12 11:15:00,2025-06-11 14:15:00,Completed,Medium,North,A. Johnson,Billing,System,0,0
T00806,2025-06-10 14:15:00,2025-06-12 14:15:00,,Assigned,Medium,East,I. Wright,Technical Support,System,0,0
T00222,2025-06-11 07:45:00,2025-06-13 07:45:00,2025-06-12 05:45:00,Completed,Medium,South,F. Young,Technical Support,System,0,0
T00241,2025-06-11 09:00:00,2025-06-13 09:00:00,,Open,Medium,East,H. King,Technical Support,Portal,0,1
T00544,2025-06-11 14:00:00,2025-06-14 14:00:00,2025-06-12 16:00:00,Completed,Low,North,A. Johnson,Billing,System,0,1
T00728,2025-06-12 07:15:00,2025-06-14 07:15:00,2025-06-15 03:15:00,Completed,Medium,West,L. Adams,Customer Request,Phone,0,0
T00184,2025-06-12 10:30:00,2025-06-14 10:30:00,2025-06-13 16:30:00,Completed,Medium,North,A. Johnson,Service Issue,Email,0,0
T00448,2025-06-12 12:00:00,2025-06-15 12:00:00,2025-06-18 01:00:00,Completed,Low,West,K. Green,Customer Request,Email,0,0
T00678,2025-06-13 13:45:00,2025-06-15 13:45:00,,Open,Medium,North,B. Carter,Service Issue,Portal,0,0
T00186,2025-06-13 14:15:00,2025-06-15 14:15:00,2025-06-15 22:15:00,Completed,Medium,North,A. Johnson,Billing,System,0,0
T00767,2025-06-13 14:30:00,2025-06-15 14:30:00,2025-06-14 07:30:00,Completed,Medium,West,K. Green,Customer Request,Email,0,0
T00771,2025-06-15 07:00:00,2025-06-17 07:00:00,2025-06-16 13:00:00,Completed,Medium,South,D. Moore,Field Support,Portal,0,0
T00383,2025-06-15 14:00:00,2025-06-17 14:00:00,2025-06-18 17:00:00,Completed,Medium,West,L. Adams,Data Exception,System,0,0
T00541,2025-06-16 08:45:00,2025-06-16 16:45:00,2025-06-16 14:45:00,Completed,Critical,East,H. King,Service Issue,Email,0,0
T00444,2025-06-16 10:00:00,2025-06-18 10:00:00,2025-06-18 00:00:00,Completed,Medium,East,H. King,Data Exception,Portal,0,0
T00737,2025-06-16 12:00:00,2025-06-17 12:00:00,,Assigned,High,West,K. Green,Billing,Portal,0,0
T00557,2025-06-16 15:15:00,2025-06-18 15:15:00,2025-06-17 08:15:00,Completed,Medium,South,E. Harris,Billing,Email,0,1
T00650,2025-06-17 11:30:00,2025-06-20 11:30:00,2025-06-18 14:30:00,Completed,Low,North,A. Johnson,Customer Request,Portal,0,0
T00274,2025-06-17 13:45:00,2025-06-17 21:45:00,2025-06-17 17:45:00,Completed,Critical,West,L. Adams,Technical Support,Email,0,0
T00996,2025-06-18 14:30:00,2025-06-18 22:30:00,2025-06-18 19:30:00,Completed,Critical,West,L. Adams,Customer Request,Portal,0,0
T00311,2025-06-18 15:15:00,2025-06-19 15:15:00,2025-06-19 02:15:00,Completed,High,South,F. Young,Service Issue,Email,0,0
T00937,2025-06-18 16:30:00,2025-06-20 16:30:00,2025-06-20 00:30:00,Completed,Medium,North,A. Johnson,Data Exception,System,0,0
T00351,2025-06-19 10:15:00,2025-06-19 18:15:00,,Assigned,Critical,South,D. Moore,Technical Support,Portal,0,1
T00517,2025-06-19 13:00:00,2025-06-20 13:00:00,2025-06-19 21:00:00,Completed,High,East,G. Walker,Service Issue,System,0,0
T00757,2025-06-19 15:15:00,2025-06-20 15:15:00,2025-06-20 02:15:00,Completed,High,North,C. Lewis,Field Support,System,0,0
T00056,2025-06-20 08:45:00,2025-06-21 08:45:00,2025-06-20 17:45:00,Completed,High,South,F. Young,Technical Support,System,0,0
T00750,2025-06-20 12:45:00,2025-06-23 12:45:00,2025-06-22 05:45:00,Completed,Low,East,I. Wright,Billing,System,0,0
T00988,2025-06-21 09:45:00,2025-06-23 09:45:00,2025-06-23 01:45:00,Completed,Medium,West,K. Green,Technical Support,Portal,0,0
T00028,2025-06-22 08:00:00,2025-06-24 08:00:00,2025-06-22 23:00:00,Completed,Medium,East,G. Walker,Field Support,System,0,0
T00821,2025-06-22 16:00:00,2025-06-24 16:00:00,,Open,Medium,East,G. Walker,Data Exception,Portal,0,0
T00021,2025-06-23 07:00:00,2025-06-25 07:00:00,2025-06-23 23:00:00,Completed,Medium,South,F. Young,Billing,System,0,0
T00266,2025-06-23 08:30:00,2025-06-23 16:30:00,2025-06-23 10:30:00,Completed,Critical,West,L. Adams,Billing,System,1,0
T00052,2025-06-23 10:15:00,2025-06-25 10:15:00,2025-06-24 21:15:00,Completed,Medium,South,D. Moore,Technical Support,Portal,0,0
T00122,2025-06-24 07:30:00,2025-06-27 07:30:00,2025-06-26 11:30:00,Completed,Low,West,L. Adams,Service Issue,Portal,0,0
T00246,2025-06-24 09:15:00,2025-06-24 17:15:00,2025-06-24 12:15:00,Completed,Critical,South,D. Moore,Customer Request,Phone,0,1
T00676,2025-06-24 13:15:00,2025-06-24 21:15:00,2025-06-24 20:15:00,Completed,Critical,South,E. Harris,Service Issue,System,0,0
T00216,2025-06-24 13:30:00,2025-06-26 13:30:00,2025-06-25 20:30:00,Completed,Medium,East,I. Wright,Customer Request,Email,0,0
T00283,2025-06-25 08:00:00,2025-06-25 16:00:00,2025-06-25 11:00:00,Completed,Critical,South,E. Harris,Data Exception,Email,0,0
T00975,2025-06-25 09:45:00,2025-06-26 09:45:00,2025-06-26 04:45:00,Completed,High,East,H. King,Billing,Phone,0,0
T00796,2025-06-25 10:30:00,2025-06-26 10:30:00,2025-06-26 04:30:00,Completed,High,East,I. Wright,Billing,Portal,0,0
T00098,2025-06-25 12:15:00,2025-06-26 12:15:00,2025-06-26 08:15:00,Completed,High,North,A. Johnson,Service Issue,Portal,0,0
T00232,2025-06-26 14:30:00,2025-06-27 14:30:00,2025-06-26 23:30:00,Completed,High,East,G. Walker,Customer Request,Email,0,0
T00697,2025-06-26 15:45:00,2025-06-28 15:45:00,2025-06-27 12:45:00,Completed,Medium,North,B. Carter,Customer Request,Phone,0,0
T00238,2025-06-27 07:45:00,2025-06-29 07:45:00,2025-06-28 19:45:00,Completed,Medium,East,H. King,Field Support,Portal,0,0
T00388,2025-06-27 08:30:00,2025-06-29 08:30:00,,Pending,Medium,West,J. Scott,Field Support,System,0,1
T00050,2025-06-27 08:45:00,2025-06-30 08:45:00,,Assigned,Low,East,H. King,Billing,Email,0,0
T00304,2025-06-27 14:00:00,2025-06-30 14:00:00,2025-06-29 06:00:00,Completed,Low,South,E. Harris,Technical Support,Phone,0,0
T00005,2025-06-28 07:00:00,2025-06-30 07:00:00,2025-06-28 23:00:00,Completed,Medium,South,F. Young,Service Issue,Email,0,0
T00467,2025-06-28 12:00:00,2025-06-30 12:00:00,2025-06-29 22:00:00,Completed,Medium,East,I. Wright,Billing,Phone,0,0
T00280,2025-06-28 12:45:00,2025-06-30 12:45:00,2025-06-30 01:45:00,Completed,Medium,West,K. Green,Service Issue,Portal,0,0
T00525,2025-06-28 12:45:00,2025-06-30 12:45:00,2025-06-29 15:45:00,Completed,Medium,South,E. Harris,Billing,System,0,0
T00001,2025-06-28 13:30:00,2025-06-29 13:30:00,2025-06-29 09:30:00,Completed,High,East,H. King,Technical Support,Email,0,0
T00639,2025-06-28 13:30:00,2025-06-29 13:30:00,2025-06-28 21:30:00,Completed,High,East,I. Wright,Data Exception,Email,0,0
T00025,2025-06-28 14:15:00,2025-06-29 14:15:00,2025-06-29 04:15:00,Completed,High,North,A. Johnson,Billing,System,0,0
T00011,2025-06-28 16:45:00,2025-07-01 16:45:00,2025-06-29 18:45:00,Completed,Low,South,E. Harris,Data Exception,Email,0,1
T00707,2025-07-01 11:00:00,2025-07-03 11:00:00,2025-07-02 18:00:00,Completed,Medium,South,F. Young,Customer Request,System,0,0
T00094,2025-07-01 11:30:00,2025-07-03 11:30:00,2025-07-02 16:30:00,Completed,Medium,East,I. Wright,Customer Request,System,0,0
T00746,2025-07-02 11:00:00,2025-07-05 11:00:00,2025-07-04 21:00:00,Completed,Low,North,B. Carter,Data Exception,Phone,0,0
T00579,2025-07-03 07:00:00,2025-07-06 07:00:00,2025-07-04 23:00:00,Completed,Low,East,G. Walker,Billing,System,0,0
T00971,2025-07-03 07:30:00,2025-07-05 07:30:00,2025-07-04 15:30:00,Completed,Medium,North,C. Lewis,Service Issue,Phone,0,0
T00103,2025-07-03 10:45:00,2025-07-04 10:45:00,2025-07-04 01:45:00,Completed,High,North,A. Johnson,Billing,Email,0,0
T00416,2025-07-03 13:15:00,2025-07-04 13:15:00,2025-07-04 03:15:00,Completed,High,North,B. Carter,Service Issue,Portal,0,0
T00272,2025-07-03 14:30:00,2025-07-04 14:30:00,2025-07-04 10:30:00,Completed,High,North,B. Carter,Data Exception,Portal,0,0
T00977,2025-07-03 16:45:00,2025-07-05 16:45:00,2025-07-04 19:45:00,Completed,Medium,West,J. Scott,Service Issue,Portal,0,0
T00097,2025-07-04 09:15:00,2025-07-06 09:15:00,2025-07-05 20:15:00,Completed,Medium,West,K. Green,Service Issue,Phone,0,0
T00346,2025-07-04 14:45:00,2025-07-06 14:45:00,2025-07-07 16:45:00,Completed,Medium,South,F. Young,Service Issue,Portal,0,0
T00593,2025-07-04 15:15:00,2025-07-05 15:15:00,2025-07-05 10:15:00,Completed,High,South,D. Moore,Data Exception,System,0,0
T00696,2025-07-05 12:15:00,2025-07-07 12:15:00,2025-07-08 08:15:00,Completed,Medium,North,A. Johnson,Billing,Email,0,0
T00890,2025-07-05 13:00:00,2025-07-05 21:00:00,2025-07-05 16:00:00,Completed,Critical,West,J. Scott,Data Exception,Phone,0,0
T00395,2025-07-06 08:15:00,2025-07-09 08:15:00,2025-07-08 01:15:00,Completed,Low,East,G. Walker,Data Exception,Phone,0,0
T00012,2025-07-06 16:15:00,2025-07-09 16:15:00,2025-07-08 18:15:00,Completed,Low,South,D. Moore,Billing,System,0,0
T00076,2025-07-08 07:45:00,2025-07-10 07:45:00,2025-07-09 09:45:00,Completed,Medium,North,A. Johnson,Service Issue,Email,0,0
T00408,2025-07-08 12:15:00,2025-07-10 12:15:00,,Pending,Medium,West,J. Scott,Data Exception,System,0,0
T00108,2025-07-08 13:15:00,2025-07-10 13:15:00,2025-07-09 05:15:00,Completed,Medium,West,L. Adams,Customer Request,Portal,0,0
T00656,2025-07-08 14:15:00,2025-07-11 14:15:00,2025-07-09 22:15:00,Completed,Low,West,J. Scott,Customer Request,Portal,0,0
T00476,2025-07-08 16:15:00,2025-07-10 16:15:00,2025-07-09 22:15:00,Completed,Medium,South,D. Moore,Billing,System,0,0
T00033,2025-07-09 11:15:00,2025-07-10 11:15:00,2025-07-10 02:15:00,Completed,High,East,G. Walker,Service Issue,Phone,0,0
T00910,2025-07-09 16:30:00,2025-07-10 00:30:00,2025-07-09 19:30:00,Completed,Critical,East,H. King,Service Issue,Portal,0,0
T00306,2025-07-10 14:30:00,2025-07-12 14:30:00,2025-07-11 21:30:00,Completed,Medium,North,C. Lewis,Technical Support,Portal,0,0
T00621,2025-07-10 14:30:00,2025-07-13 14:30:00,2025-07-11 21:30:00,Completed,Low,East,I. Wright,Service Issue,Email,0,0
T00679,2025-07-11 09:45:00,2025-07-12 09:45:00,2025-07-11 20:45:00,Completed,High,West,K. Green,Technical Support,Phone,0,0
T00824,2025-07-11 13:00:00,2025-07-12 13:00:00,2025-07-12 05:00:00,Completed,High,South,F. Young,Service Issue,Phone,0,0
T00560,2025-07-11 13:15:00,2025-07-12 13:15:00,2025-07-12 03:15:00,Completed,High,East,I. Wright,Technical Support,Portal,0,0
T00856,2025-07-12 09:30:00,2025-07-14 09:30:00,2025-07-13 23:30:00,Completed,Medium,East,G. Walker,Service Issue,Phone,0,0
T00368,2025-07-12 15:15:00,2025-07-15 15:15:00,2025-07-15 03:15:00,Completed,Low,North,C. Lewis,Technical Support,Portal,0,0
T00439,2025-07-12 16:45:00,2025-07-14 16:45:00,2025-07-13 22:45:00,Completed,Medium,South,D. Moore,Service Issue,System,1,0
T00783,2025-07-13 07:30:00,2025-07-15 07:30:00,2025-07-14 08:30:00,Completed,Medium,South,F. Young,Field Support,Phone,0,0
T00708,2025-07-13 11:45:00,2025-07-14 11:45:00,2025-07-13 19:45:00,Completed,High,West,K. Green,Field Support,Email,0,0
T00043,2025-07-14 11:00:00,2025-07-16 11:00:00,2025-07-15 07:00:00,Completed,Medium,East,H. King,Customer Request,Email,0,0
T00099,2025-07-14 14:45:00,2025-07-14 22:45:00,2025-07-14 20:45:00,Completed,Critical,South,D. Moore,Service Issue,System,0,0
T00945,2025-07-15 10:15:00,2025-07-18 10:15:00,2025-07-17 08:15:00,Completed,Low,North,C. Lewis,Service Issue,Email,0,0
T00107,2025-07-15 11:45:00,2025-07-17 11:45:00,,Assigned,Medium,East,G. Walker,Field Support,Email,0,0
T00162,2025-07-15 16:30:00,2025-07-18 16:30:00,2025-07-17 11:30:00,Completed,Low,South,D. Moore,Technical Support,Portal,0,0
T00106,2025-07-17 07:15:00,2025-07-19 07:15:00,2025-07-17 23:15:00,Completed,Medium,South,E. Harris,Customer Request,System,0,1
T00872,2025-07-17 11:45:00,2025-07-20 11:45:00,2025-07-18 12:45:00,Completed,Low,East,I. Wright,Technical Support,System,0,0
T00407,2025-07-17 12:00:00,2025-07-18 12:00:00,2025-07-18 07:00:00,Completed,High,North,C. Lewis,Data Exception,Phone,0,0
T00748,2025-07-17 16:45:00,2025-07-18 16:45:00,,Open,High,West,J. Scott,Field Support,Email,0,1
T00819,2025-07-17 16:45:00,2025-07-18 16:45:00,2025-07-18 07:45:00,Completed,High,West,K. Green,Data Exception,Email,0,0
T00913,2025-07-18 08:00:00,2025-07-19 08:00:00,2025-07-19 03:00:00,Completed,High,West,L. Adams,Data Exception,Phone,0,0
T00705,2025-07-18 13:15:00,2025-07-21 13:15:00,2025-07-19 18:15:00,Completed,Low,West,J. Scott,Field Support,Portal,1,0
T00300,2025-07-18 13:45:00,2025-07-19 13:45:00,2025-07-20 08:45:00,Completed,High,West,J. Scott,Data Exception,Email,0,0
T00959,2025-07-19 08:30:00,2025-07-21 08:30:00,,Pending,Medium,East,I. Wright,Service Issue,System,0,0
T00595,2025-07-19 12:45:00,2025-07-22 12:45:00,2025-07-24 21:45:00,Completed,Low,North,C. Lewis,Customer Request,System,0,0
T00808,2025-07-20 10:15:00,2025-07-23 10:15:00,2025-07-22 17:15:00,Completed,Low,West,J. Scott,Service Issue,Email,0,0
T00449,2025-07-20 13:00:00,2025-07-22 13:00:00,2025-07-22 03:00:00,Completed,Medium,East,I. Wright,Service Issue,Email,0,0
T00909,2025-07-20 16:00:00,2025-07-23 16:00:00,2025-07-22 00:00:00,Completed,Low,North,B. Carter,Billing,System,0,0
T00766,2025-07-20 16:15:00,2025-07-21 00:15:00,2025-07-20 22:15:00,Completed,Critical,North,C. Lewis,Billing,Phone,0,0
T00955,2025-07-21 15:45:00,2025-07-24 15:45:00,2025-07-23 00:45:00,Completed,Low,North,B. Carter,Billing,Phone,0,0
T00422,2025-07-22 12:30:00,2025-07-25 12:30:00,2025-07-24 23:30:00,Completed,Low,South,E. Harris,Technical Support,Email,0,0
T00082,2025-07-23 09:30:00,2025-07-25 09:30:00,2025-07-24 08:30:00,Completed,Medium,South,F. Young,Service Issue,System,0,0
T00063,2025-07-23 11:00:00,2025-07-24 11:00:00,2025-07-24 02:00:00,Completed,High,East,I. Wright,Data Exception,System,0,0
T00374,2025-07-24 10:15:00,2025-07-26 10:15:00,2025-07-25 11:15:00,Completed,Medium,West,J. Scott,Customer Request,System,0,0
T00166,2025-07-24 12:00:00,2025-07-25 12:00:00,2025-07-25 20:00:00,Completed,High,West,K. Green,Field Support,Portal,0,0
T00314,2025-07-25 07:15:00,2025-07-26 07:15:00,2025-07-25 16:15:00,Completed,High,East,I. Wright,Service Issue,Portal,0,1
T00884,2025-07-26 07:00:00,2025-07-28 07:00:00,2025-07-27 05:00:00,Completed,Medium,South,E. Harris,Billing,Phone,0,0
T00558,2025-07-26 11:30:00,2025-07-26 19:30:00,2025-07-26 14:30:00,Completed,Critical,North,B. Carter,Customer Request,Email,0,0
T00755,2025-07-26 14:15:00,2025-07-27 14:15:00,2025-07-26 22:15:00,Completed,High,North,A. Johnson,Technical Support,Phone,0,0
T00014,2025-07-26 15:00:00,2025-07-27 15:00:00,2025-07-27 02:00:00,Completed,High,East,H. King,Customer Request,Email,0,0
T00526,2025-07-27 13:45:00,2025-07-27 21:45:00,2025-07-27 16:45:00,Completed,Critical,North,A. Johnson,Billing,System,0,0
T00185,2025-07-27 16:45:00,2025-07-28 16:45:00,,Assigned,High,South,F. Young,Customer Request,System,0,0
T00102,2025-07-28 07:45:00,2025-07-29 07:45:00,2025-07-29 02:45:00,Completed,High,West,K. Green,Data Exception,System,0,0
T00335,2025-07-28 09:00:00,2025-07-30 09:00:00,2025-07-29 06:00:00,Completed,Medium,West,K. Green,Technical Support,System,0,0
T00777,2025-07-28 12:00:00,2025-07-29 12:00:00,2025-07-29 08:00:00,Completed,High,North,A. Johnson,Data Exception,System,0,0
T00946,2025-08-01 08:30:00,2025-08-03 08:30:00,2025-08-02 09:30:00,Completed,Medium,North,C. Lewis,Field Support,Email,0,0
T00233,2025-08-01 14:15:00,2025-08-03 14:15:00,2025-08-02 12:15:00,Completed,Medium,South,F. Young,Technical Support,System,0,0
T00741,2025-08-01 16:45:00,2025-08-03 16:45:00,2025-08-02 16:45:00,Completed,Medium,East,I. Wright,Billing,Portal,0,0
T00250,2025-08-02 08:00:00,2025-08-04 08:00:00,2025-08-03 21:00:00,Completed,Medium,East,H. King,Customer Request,Portal,0,0
T00112,2025-08-02 14:15:00,2025-08-04 14:15:00,2025-08-05 13:15:00,Completed,Medium,South,E. Harris,Billing,Email,0,0
T00925,2025-08-03 07:00:00,2025-08-05 07:00:00,2025-08-04 08:00:00,Completed,Medium,East,I. Wright,Field Support,Phone,0,0
T00244,2025-08-03 10:30:00,2025-08-05 10:30:00,2025-08-04 21:30:00,Completed,Medium,South,E. Harris,Customer Request,Email,0,0
T00911,2025-08-03 14:45:00,2025-08-04 14:45:00,2025-08-04 22:45:00,Completed,High,West,K. Green,Billing,Email,0,0
T00603,2025-08-04 10:00:00,2025-08-06 10:00:00,2025-08-05 21:00:00,Completed,Medium,North,C. Lewis,Customer Request,Portal,0,0
T00818,2025-08-04 10:00:00,2025-08-05 10:00:00,2025-08-04 22:00:00,Completed,High,East,G. Walker,Service Issue,Portal,1,0
T00434,2025-08-04 13:15:00,2025-08-06 13:15:00,2025-08-05 07:15:00,Completed,Medium,East,I. Wright,Data Exception,System,0,0
T00429,2025-08-04 14:00:00,2025-08-05 14:00:00,2025-08-04 21:00:00,Completed,High,North,C. Lewis,Data Exception,Email,0,0
T00666,2025-08-05 07:00:00,2025-08-05 15:00:00,2025-08-05 12:00:00,Completed,Critical,East,I. Wright,Service Issue,Phone,0,0
T00495,2025-08-05 11:15:00,2025-08-05 19:15:00,2025-08-05 16:15:00,Completed,Critical,South,F. Young,Customer Request,Email,0,0
T00536,2025-08-05 12:30:00,2025-08-08 12:30:00,2025-08-07 00:30:00,Completed,Low,West,L. Adams,Service Issue,Email,0,0
T00607,2025-08-05 14:00:00,2025-08-07 14:00:00,2025-08-06 05:00:00,Completed,Medium,East,G. Walker,Field Support,Phone,0,0
T00857,2025-08-06 09:30:00,2025-08-06 17:30:00,2025-08-06 15:30:00,Completed,Critical,East,G. Walker,Customer Request,System,0,0
T00849,2025-08-06 09:45:00,2025-08-07 09:45:00,2025-08-07 04:45:00,Completed,High,East,I. Wright,Technical Support,Phone,0,0
T00348,2025-08-07 08:30:00,2025-08-10 08:30:00,2025-08-08 11:30:00,Completed,Low,South,E. Harris,Service Issue,Phone,0,0
T00638,2025-08-07 08:45:00,2025-08-09 08:45:00,2025-08-08 20:45:00,Completed,Medium,South,D. Moore,Service Issue,Portal,0,0
T00496,2025-08-07 11:00:00,2025-08-09 11:00:00,2025-08-08 07:00:00,Completed,Medium,North,B. Carter,Customer Request,System,0,0
T00586,2025-08-07 14:15:00,2025-08-09 14:15:00,2025-08-08 19:15:00,Completed,Medium,West,J. Scott,Data Exception,System,0,0
T00655,2025-08-07 16:00:00,2025-08-09 16:00:00,2025-08-08 23:00:00,Completed,Medium,West,L. Adams,Customer Request,Phone,0,0
T00964,2025-08-08 13:15:00,2025-08-10 13:15:00,2025-08-09 14:15:00,Completed,Medium,West,L. Adams,Billing,Phone,1,0
T00941,2025-08-08 13:30:00,2025-08-11 13:30:00,2025-08-10 00:30:00,Completed,Low,South,F. Young,Field Support,Phone,0,0
T00598,2025-08-09 14:45:00,2025-08-11 14:45:00,2025-08-10 08:45:00,Completed,Medium,East,G. Walker,Technical Support,System,0,0
T00815,2025-08-10 09:45:00,2025-08-11 09:45:00,2025-08-10 18:45:00,Completed,High,North,C. Lewis,Data Exception,Portal,0,0
T00291,2025-08-10 10:00:00,2025-08-13 10:00:00,2025-08-12 05:00:00,Completed,Low,North,C. Lewis,Data Exception,System,0,1
T00521,2025-08-10 16:45:00,2025-08-12 16:45:00,,Pending,Medium,West,J. Scott,Technical Support,Email,0,0
T00623,2025-08-11 07:15:00,2025-08-13 07:15:00,2025-08-12 06:15:00,Completed,Medium,East,I. Wright,Data Exception,Email,0,0
T00966,2025-08-11 08:45:00,2025-08-12 08:45:00,,Assigned,High,West,J. Scott,Billing,System,0,1
T00739,2025-08-11 09:45:00,2025-08-13 09:45:00,2025-08-13 00:45:00,Completed,Medium,South,E. Harris,Technical Support,Email,0,0
T00907,2025-08-11 10:45:00,2025-08-12 10:45:00,2025-08-12 00:45:00,Completed,High,East,I. Wright,Technical Support,Email,0,0
T00991,2025-08-11 14:00:00,2025-08-13 14:00:00,,Pending,Medium,West,J. Scott,Customer Request,System,0,0
T00879,2025-08-12 15:15:00,2025-08-14 15:15:00,2025-08-14 07:15:00,Completed,Medium,South,E. Harris,Service Issue,Portal,0,1
T00231,2025-08-14 08:15:00,2025-08-17 08:15:00,2025-08-15 14:15:00,Completed,Low,South,E. Harris,Customer Request,System,0,0
T00906,2025-08-14 12:15:00,2025-08-17 12:15:00,2025-08-15 18:15:00,Completed,Low,South,E. Harris,Billing,System,0,0
T00226,2025-08-14 13:45:00,2025-08-16 13:45:00,2025-08-15 22:45:00,Completed,Medium,West,L. Adams,Service Issue,Portal,0,0
T00039,2025-08-14 16:00:00,2025-08-16 16:00:00,2025-08-16 04:00:00,Completed,Medium,South,D. Moore,Service Issue,Portal,0,0
T00442,2025-08-14 16:30:00,2025-08-17 16:30:00,2025-08-17 01:30:00,Completed,Low,East,G. Walker,Technical Support,System,0,0
T00930,2025-08-15 07:00:00,2025-08-18 07:00:00,2025-08-17 17:00:00,Completed,Low,North,A. Johnson,Field Support,Email,0,0
T00276,2025-08-15 08:30:00,2025-08-17 08:30:00,2025-08-16 07:30:00,Completed,Medium,West,L. Adams,Field Support,Portal,0,0
T00095,2025-08-15 14:30:00,2025-08-16 14:30:00,2025-08-17 05:30:00,Completed,High,South,E. Harris,Field Support,System,0,0
T00894,2025-08-15 15:00:00,2025-08-18 15:00:00,2025-08-18 02:00:00,Completed,Low,East,I. Wright,Data Exception,System,0,0
T00081,2025-08-16 07:30:00,2025-08-19 07:30:00,2025-08-17 20:30:00,Completed,Low,West,L. Adams,Data Exception,Email,0,0
T00845,2025-08-16 07:30:00,2025-08-17 07:30:00,2025-08-16 20:30:00,Completed,High,South,E. Harris,Technical Support,Email,0,0
T00402,2025-08-16 09:15:00,2025-08-19 09:15:00,2025-08-18 00:15:00,Completed,Low,West,L. Adams,Field Support,Email,0,0
T00914,2025-08-16 10:45:00,2025-08-18 10:45:00,,Assigned,Medium,South,E. Harris,Customer Request,Email,0,0
T00612,2025-08-16 12:15:00,2025-08-18 12:15:00,2025-08-19 12:15:00,Completed,Medium,West,J. Scott,Technical Support,Email,0,1
T00814,2025-08-17 08:45:00,2025-08-19 08:45:00,2025-08-18 10:45:00,Completed,Medium,West,J. Scott,Customer Request,Email,0,0
T00563,2025-08-17 09:15:00,2025-08-19 09:15:00,,Assigned,Medium,South,E. Harris,Service Issue,Portal,0,0
T00181,2025-08-17 10:30:00,2025-08-20 10:30:00,2025-08-18 11:30:00,Completed,Low,West,L. Adams,Data Exception,Portal,0,0
T00533,2025-08-17 14:15:00,2025-08-19 14:15:00,2025-08-18 22:15:00,Completed,Medium,North,C. Lewis,Technical Support,Phone,0,0
T00326,2025-08-17 16:15:00,2025-08-19 16:15:00,2025-08-18 08:15:00,Completed,Medium,North,B. Carter,Service Issue,Phone,1,0
T00718,2025-08-18 07:00:00,2025-08-20 07:00:00,2025-08-20 21:00:00,Completed,Medium,South,D. Moore,Technical Support,System,0,0
T00625,2025-08-18 08:45:00,2025-08-18 16:45:00,,Pending,Critical,South,F. Young,Technical Support,Portal,0,0
T00944,2025-08-18 10:00:00,2025-08-21 10:00:00,2025-08-20 05:00:00,Completed,Low,South,E. Harris,Billing,Email,0,0
T00190,2025-08-18 12:15:00,2025-08-20 12:15:00,2025-08-20 02:15:00,Completed,Medium,South,F. Young,Billing,System,0,0
T00235,2025-08-18 16:45:00,2025-08-20 16:45:00,2025-08-19 19:45:00,Completed,Medium,North,B. Carter,Data Exception,Phone,0,0
T00896,2025-08-20 08:15:00,2025-08-23 08:15:00,2025-08-21 11:15:00,Completed,Low,East,H. King,Billing,Portal,0,0
T00965,2025-08-20 10:45:00,2025-08-21 10:45:00,2025-08-21 05:45:00,Completed,High,West,K. Green,Customer Request,Portal,0,0
T00201,2025-08-20 14:00:00,2025-08-22 14:00:00,2025-08-21 06:00:00,Completed,Medium,West,K. Green,Customer Request,System,0,0
T00217,2025-08-20 14:45:00,2025-08-21 14:45:00,2025-08-20 22:45:00,Completed,High,North,A. Johnson,Service Issue,Phone,0,0
T00837,2025-08-20 16:15:00,2025-08-22 16:15:00,2025-08-21 07:15:00,Completed,Medium,North,C. Lewis,Technical Support,Email,0,0
T00059,2025-08-21 09:30:00,2025-08-24 09:30:00,2025-08-25 21:30:00,Completed,Low,North,C. Lewis,Billing,System,0,0
T00004,2025-08-22 09:15:00,2025-08-23 09:15:00,2025-08-23 03:15:00,Completed,High,North,A. Johnson,Field Support,System,0,0
T00673,2025-08-22 12:30:00,2025-08-24 12:30:00,2025-08-24 05:30:00,Completed,Medium,North,B. Carter,Field Support,System,0,0
T00057,2025-08-22 15:00:00,2025-08-24 15:00:00,2025-08-23 08:00:00,Completed,Medium,West,J. Scott,Field Support,System,0,0
T00382,2025-08-23 08:00:00,2025-08-25 08:00:00,2025-08-25 01:00:00,Completed,Medium,West,L. Adams,Service Issue,Email,0,0
T00260,2025-08-23 08:45:00,2025-08-26 08:45:00,2025-08-25 05:45:00,Completed,Low,North,C. Lewis,Service Issue,Phone,0,0
T00079,2025-08-23 14:45:00,2025-08-24 14:45:00,2025-08-24 09:45:00,Completed,High,North,A. Johnson,Billing,Email,0,0
T00540,2025-08-24 12:45:00,2025-08-25 12:45:00,2025-08-24 22:45:00,Completed,High,West,J. Scott,Billing,Portal,0,0
T00298,2025-08-25 08:00:00,2025-08-27 08:00:00,2025-08-26 06:00:00,Completed,Medium,North,C. Lewis,Data Exception,Portal,0,0
T00572,2025-08-25 08:15:00,2025-08-25 16:15:00,2025-08-25 11:15:00,Completed,Critical,West,K. Green,Technical Support,System,1,0
T00468,2025-08-25 15:00:00,2025-08-26 15:00:00,2025-08-26 09:00:00,Completed,High,West,L. Adams,Customer Request,Phone,0,1
T00574,2025-08-26 15:15:00,2025-08-29 15:15:00,2025-08-27 17:15:00,Completed,Low,West,J. Scott,Data Exception,Phone,0,0
T00405,2025-08-26 15:30:00,2025-08-28 15:30:00,2025-08-28 05:30:00,Completed,Medium,East,I. Wright,Data Exception,Email,0,0
T00984,2025-08-26 16:15:00,2025-08-29 16:15:00,2025-08-29 01:15:00,Completed,Low,East,G. Walker,Service Issue,Email,0,0
T00926,2025-08-26 16:30:00,2025-08-28 16:30:00,2025-08-27 09:30:00,Completed,Medium,North,A. Johnson,Customer Request,System,0,0
T00393,2025-08-27 12:15:00,2025-08-28 12:15:00,2025-08-28 06:15:00,Completed,High,North,A. Johnson,Customer Request,Portal,0,0
T00597,2025-08-27 14:00:00,2025-08-27 22:00:00,2025-08-27 18:00:00,Completed,Critical,East,I. Wright,Field Support,Email,1,1
T00729,2025-08-27 14:30:00,2025-08-28 14:30:00,2025-08-28 08:30:00,Completed,High,West,K. Green,Customer Request,Email,0,0
T00922,2025-08-27 15:45:00,2025-08-30 15:45:00,2025-08-30 01:45:00,Completed,Low,North,A. Johnson,Customer Request,System,0,0
T00471,2025-08-28 11:30:00,2025-08-30 11:30:00,2025-08-29 16:30:00,Completed,Medium,North,A. Johnson,Technical Support,Email,0,1
T00709,2025-08-28 12:15:00,2025-08-30 12:15:00,2025-08-29 16:15:00,Completed,Medium,South,E. Harris,Billing,Phone,0,0
T00789,2025-09-01 12:15:00,2025-09-03 12:15:00,2025-09-02 07:15:00,Completed,Medium,North,A. Johnson,Customer Request,System,0,0
T00494,2025-09-02 08:30:00,2025-09-05 08:30:00,2025-09-04 01:30:00,Completed,Low,East,H. King,Customer Request,Email,0,0
T00915,2025-09-02 15:30:00,2025-09-04 15:30:00,2025-09-03 17:30:00,Completed,Medium,East,I. Wright,Technical Support,System,0,0
T00659,2025-09-03 08:15:00,2025-09-05 08:15:00,2025-09-06 20:15:00,Completed,Medium,West,K. Green,Customer Request,System,1,1
T00170,2025-09-04 09:30:00,2025-09-07 09:30:00,2025-09-09 13:30:00,Completed,Low,West,J. Scott,Billing,System,0,0
T00562,2025-09-04 12:30:00,2025-09-06 12:30:00,2025-09-05 07:30:00,Completed,Medium,West,L. Adams,Technical Support,System,0,0
T00827,2025-09-04 14:00:00,2025-09-06 14:00:00,2025-09-05 20:00:00,Completed,Medium,East,H. King,Field Support,System,0,0
T00010,2025-09-04 14:15:00,2025-09-06 14:15:00,2025-09-05 18:15:00,Completed,Medium,South,F. Young,Data Exception,Phone,0,0
T00111,2025-09-04 15:45:00,2025-09-06 15:45:00,2025-09-05 06:45:00,Completed,Medium,South,D. Moore,Customer Request,System,0,0
T00876,2025-09-04 16:00:00,2025-09-07 16:00:00,2025-09-05 15:00:00,Completed,Low,East,H. King,Service Issue,Phone,1,0
T00803,2025-09-05 07:00:00,2025-09-06 07:00:00,2025-09-05 16:00:00,Completed,High,North,C. Lewis,Field Support,Email,0,0
T00215,2025-09-05 10:00:00,2025-09-05 18:00:00,2025-09-05 17:00:00,Completed,Critical,North,B. Carter,Service Issue,Email,0,0
T00627,2025-09-05 10:00:00,2025-09-07 10:00:00,2025-09-06 05:00:00,Completed,Medium,West,K. Green,Billing,Portal,0,0
T00198,2025-09-05 15:45:00,2025-09-06 15:45:00,2025-09-05 23:45:00,Completed,High,North,B. Carter,Data Exception,Email,0,0
T00779,2025-09-06 12:15:00,2025-09-08 12:15:00,2025-09-07 10:15:00,Completed,Medium,West,L. Adams,Field Support,Portal,0,0
T00714,2025-09-06 13:45:00,2025-09-08 13:45:00,2025-09-08 00:45:00,Completed,Medium,South,D. Moore,Data Exception,Portal,0,0
T00763,2025-09-07 11:45:00,2025-09-09 11:45:00,2025-09-08 18:45:00,Completed,Medium,East,I. Wright,Field Support,Email,0,0
T00587,2025-09-07 13:00:00,2025-09-08 13:00:00,2025-09-08 08:00:00,Completed,High,South,D. Moore,Technical Support,Phone,0,0
T00702,2025-09-07 14:15:00,2025-09-08 14:15:00,2025-09-09 06:15:00,Completed,High,East,H. King,Data Exception,Email,0,0
T00682,2025-09-08 11:15:00,2025-09-10 11:15:00,2025-09-09 07:15:00,Completed,Medium,West,K. Green,Billing,Phone,0,0
T00731,2025-09-08 11:45:00,2025-09-10 11:45:00,2025-09-11 08:45:00,Completed,Medium,East,H. King,Customer Request,Email,0,0
T00247,2025-09-08 14:45:00,2025-09-10 14:45:00,2025-09-10 03:45:00,Completed,Medium,North,A. Johnson,Data Exception,Email,0,0
T00868,2025-09-09 09:00:00,2025-09-10 09:00:00,2025-09-09 16:00:00,Completed,High,South,E. Harris,Customer Request,System,0,0
T00333,2025-09-09 12:45:00,2025-09-10 12:45:00,2025-09-10 06:45:00,Completed,High,East,I. Wright,Customer Request,Portal,0,0
T00841,2025-09-09 14:00:00,2025-09-10 14:00:00,2025-09-09 23:00:00,Completed,High,West,K. Green,Billing,Email,1,0
T00858,2025-09-11 14:15:00,2025-09-12 14:15:00,2025-09-12 00:15:00,Completed,High,North,A. Johnson,Technical Support,System,0,0
T00142,2025-09-12 07:00:00,2025-09-12 15:00:00,2025-09-12 10:00:00,Completed,Critical,East,G. Walker,Service Issue,System,0,0
T00319,2025-09-12 11:15:00,2025-09-12 19:15:00,,Assigned,Critical,North,C. Lewis,Technical Support,Email,0,0
T00500,2025-09-13 07:15:00,2025-09-15 07:15:00,2025-09-14 08:15:00,Completed,Medium,East,G. Walker,Service Issue,System,0,0
T00775,2025-09-13 09:15:00,2025-09-16 09:15:00,2025-09-18 02:15:00,Completed,Low,South,E. Harris,Billing,Email,0,0
T00156,2025-09-14 07:45:00,2025-09-16 07:45:00,2025-09-15 10:45:00,Completed,Medium,North,B. Carter,Field Support,Email,0,0
T00249,2025-09-14 08:00:00,2025-09-16 08:00:00,2025-09-15 23:00:00,Completed,Medium,North,B. Carter,Data Exception,System,0,0
T00303,2025-09-14 09:30:00,2025-09-16 09:30:00,,Assigned,Medium,East,G. Walker,Billing,Phone,0,0
T00963,2025-09-14 11:30:00,2025-09-17 11:30:00,2025-09-17 16:30:00,Completed,Low,South,D. Moore,Customer Request,System,0,0
T00591,2025-09-14 16:15:00,2025-09-15 16:15:00,2025-09-15 01:15:00,Completed,High,North,C. Lewis,Service Issue,System,0,0
T00006,2025-09-15 07:00:00,2025-09-17 07:00:00,2025-09-18 05:00:00,Completed,Medium,North,C. Lewis,Billing,Portal,0,0
T00534,2025-09-15 09:00:00,2025-09-17 09:00:00,2025-09-16 16:00:00,Completed,Medium,East,H. King,Technical Support,Portal,0,0
T00974,2025-09-15 10:30:00,2025-09-16 10:30:00,2025-09-15 19:30:00,Completed,High,East,G. Walker,Billing,Portal,0,0
T00123,2025-09-15 11:30:00,2025-09-16 11:30:00,2025-09-16 00:30:00,Completed,High,South,D. Moore,Customer Request,Email,0,0
T00770,2025-09-15 14:45:00,2025-09-16 14:45:00,2025-09-17 05:45:00,Completed,High,West,J. Scott,Data Exception,Portal,0,0
T00211,2025-09-15 15:45:00,2025-09-15 23:45:00,2025-09-15 20:45:00,Completed,Critical,West,K. Green,Field Support,Portal,0,0
T00372,2025-09-16 09:15:00,2025-09-18 09:15:00,2025-09-17 04:15:00,Completed,Medium,South,D. Moore,Field Support,Portal,0,0
T00491,2025-09-16 10:45:00,2025-09-18 10:45:00,2025-09-17 13:45:00,Completed,Medium,East,I. Wright,Service Issue,Email,0,1
T00482,2025-09-16 15:30:00,2025-09-17 15:30:00,2025-09-18 06:30:00,Completed,High,West,J. Scott,Data Exception,System,0,0
T00936,2025-09-16 15:30:00,2025-09-19 15:30:00,2025-09-20 04:30:00,Completed,Low,West,J. Scott,Billing,Portal,0,0
T00002,2025-09-17 11:45:00,2025-09-19 11:45:00,2025-09-18 10:45:00,Completed,Medium,East,G. Walker,Customer Request,System,0,0
T00127,2025-09-17 14:45:00,2025-09-20 14:45:00,2025-09-18 14:45:00,Completed,Low,North,A. Johnson,Service Issue,System,0,0
T00194,2025-09-18 07:15:00,2025-09-19 07:15:00,2025-09-19 23:15:00,Completed,High,South,D. Moore,Technical Support,Portal,0,0
T00761,2025-09-18 09:00:00,2025-09-18 17:00:00,2025-09-18 16:00:00,Completed,Critical,West,L. Adams,Service Issue,Portal,0,0
T00307,2025-09-18 09:45:00,2025-09-19 09:45:00,2025-09-19 13:45:00,Completed,High,North,B. Carter,Billing,System,0,1
T00711,2025-09-18 11:00:00,2025-09-20 11:00:00,,Assigned,Medium,North,A. Johnson,Data Exception,Portal,0,0
T00760,2025-09-18 13:45:00,2025-09-20 13:45:00,,Assigned,Medium,West,K. Green,Technical Support,System,0,0
T00844,2025-09-19 10:00:00,2025-09-20 10:00:00,2025-09-19 19:00:00,Completed,High,West,K. Green,Field Support,Phone,0,0
T00686,2025-09-19 11:00:00,2025-09-20 11:00:00,2025-09-19 20:00:00,Completed,High,East,I. Wright,Service Issue,Phone,0,0
T00433,2025-09-19 11:30:00,2025-09-19 19:30:00,,Assigned,Critical,North,A. Johnson,Data Exception,Portal,0,0
T00788,2025-09-19 11:30:00,2025-09-22 11:30:00,2025-09-21 16:30:00,Completed,Low,West,L. Adams,Billing,System,0,0
T00460,2025-09-19 12:30:00,2025-09-20 12:30:00,2025-09-19 21:30:00,Completed,High,East,G. Walker,Technical Support,System,0,0
T00353,2025-09-19 15:00:00,2025-09-20 15:00:00,,Pending,High,North,B. Carter,Technical Support,Phone,0,0
T00940,2025-09-20 08:15:00,2025-09-22 08:15:00,2025-09-21 12:15:00,Completed,Medium,South,E. Harris,Customer Request,Portal,0,0
T00519,2025-09-20 11:45:00,2025-09-22 11:45:00,2025-09-21 13:45:00,Completed,Medium,South,F. Young,Technical Support,Portal,1,0
T00419,2025-09-21 07:30:00,2025-09-23 07:30:00,2025-09-24 21:30:00,Completed,Medium,West,K. Green,Data Exception,Email,0,0
T00481,2025-09-21 09:30:00,2025-09-23 09:30:00,2025-09-24 23:30:00,Completed,Medium,South,F. Young,Data Exception,Portal,0,0
T00297,2025-09-21 14:00:00,2025-09-22 14:00:00,2025-09-22 03:00:00,Completed,High,East,I. Wright,Technical Support,System,0,0
T00956,2025-09-21 14:00:00,2025-09-22 14:00:00,2025-09-22 02:00:00,Completed,High,West,K. Green,Customer Request,Phone,0,0
T00667,2025-09-22 09:15:00,2025-09-24 09:15:00,2025-09-23 16:15:00,Completed,Medium,South,F. Young,Data Exception,System,0,0
T00787,2025-09-22 14:30:00,2025-09-25 14:30:00,2025-09-23 21:30:00,Completed,Low,East,H. King,Service Issue,Phone,0,0
T00736,2025-09-22 14:45:00,2025-09-22 22:45:00,2025-09-22 20:45:00,Completed,Critical,West,J. Scott,Data Exception,Phone,0,0
T00329,2025-09-23 10:00:00,2025-09-26 10:00:00,,Open,Low,East,H. King,Service Issue,Portal,0,0
T00031,2025-09-24 08:15:00,2025-09-26 08:15:00,2025-09-25 09:15:00,Completed,Medium,East,G. Walker,Technical Support,Phone,1,0
T00776,2025-09-24 11:45:00,2025-09-26 11:45:00,2025-09-26 02:45:00,Completed,Medium,West,L. Adams,Data Exception,Portal,0,0
T00390,2025-09-25 07:30:00,2025-09-27 07:30:00,2025-09-26 17:30:00,Completed,Medium,North,C. Lewis,Technical Support,Phone,0,0
T00527,2025-09-25 13:00:00,2025-09-27 13:00:00,2025-09-26 22:00:00,Completed,Medium,North,B. Carter,Field Support,Portal,0,0
T00406,2025-09-26 11:30:00,2025-09-28 11:30:00,2025-09-27 12:30:00,Completed,Medium,East,H. King,Customer Request,Email,0,1
T00960,2025-09-26 13:15:00,2025-09-27 13:15:00,2025-09-27 07:15:00,Completed,High,East,H. King,Technical Support,Portal,0,0
T00797,2025-09-26 13:45:00,2025-09-28 13:45:00,2025-09-28 01:45:00,Completed,Medium,South,D. Moore,Customer Request,System,0,0
T00477,2025-09-27 14:00:00,2025-09-29 14:00:00,2025-09-28 09:00:00,Completed,Medium,North,B. Carter,Billing,Email,0,1
T00631,2025-09-28 09:00:00,2025-09-30 09:00:00,2025-09-29 14:00:00,Completed,Medium,North,B. Carter,Data Exception,System,0,0
T00161,2025-09-28 11:45:00,2025-09-29 11:45:00,2025-09-28 18:45:00,Completed,High,West,L. Adams,Service Issue,System,0,0
T00634,2025-09-28 14:00:00,2025-09-30 14:00:00,2025-09-29 22:00:00,Completed,Medium,East,H. King,Billing,Email,0,0
T00633,2025-09-28 15:00:00,2025-09-30 15:00:00,2025-09-29 12:00:00,Completed,Medium,East,I. Wright,Field Support,Email,0,0
T00548,2025-10-01 07:15:00,2025-10-03 07:15:00,2025-10-04 14:15:00,Completed,Medium,South,D. Moore,Field Support,Phone,0,0
T00350,2025-10-01 11:30:00,2025-10-02 11:30:00,2025-10-02 00:30:00,Completed,High,South,D. Moore,Customer Request,Email,0,0
T00347,2025-10-01 13:00:00,2025-10-02 13:00:00,2025-10-01 22:00:00,Completed,High,North,C. Lewis,Service Issue,Email,0,0
T00652,2025-10-02 08:15:00,2025-10-04 08:15:00,2025-10-03 01:15:00,Completed,Medium,South,D. Moore,Service Issue,Email,0,1
T00085,2025-10-02 09:15:00,2025-10-04 09:15:00,2025-10-03 07:15:00,Completed,Medium,West,K. Green,Billing,Email,0,0
T00387,2025-10-02 14:00:00,2025-10-04 14:00:00,2025-10-03 16:00:00,Completed,Medium,West,L. Adams,Billing,Phone,0,0
T00017,2025-10-03 07:15:00,2025-10-04 07:15:00,2025-10-04 03:15:00,Completed,High,North,C. Lewis,Data Exception,Portal,0,0
T00054,2025-10-04 07:15:00,2025-10-06 07:15:00,2025-10-05 08:15:00,Completed,Medium,South,D. Moore,Data Exception,Portal,0,0
T00871,2025-10-04 09:15:00,2025-10-07 09:15:00,2025-10-05 19:15:00,Completed,Low,North,A. Johnson,Data Exception,Portal,0,0
T00569,2025-10-05 11:30:00,2025-10-06 11:30:00,2025-10-06 17:30:00,Completed,High,South,D. Moore,Customer Request,Portal,1,1
T00248,2025-10-05 13:00:00,2025-10-06 13:00:00,2025-10-06 08:00:00,Completed,High,South,F. Young,Customer Request,Portal,0,0
T00071,2025-10-05 15:15:00,2025-10-07 15:15:00,2025-10-06 17:15:00,Completed,Medium,East,G. Walker,Technical Support,Email,0,0
T00528,2025-10-06 07:45:00,2025-10-07 07:45:00,2025-10-06 20:45:00,Completed,High,South,F. Young,Billing,Phone,0,0
T00713,2025-10-06 11:45:00,2025-10-08 11:45:00,2025-10-07 23:45:00,Completed,Medium,East,G. Walker,Service Issue,Phone,1,0
T00392,2025-10-06 13:45:00,2025-10-09 13:45:00,,Pending,Low,East,H. King,Customer Request,System,0,0
T00887,2025-10-07 13:15:00,2025-10-09 13:15:00,2025-10-08 11:15:00,Completed,Medium,South,E. Harris,Customer Request,Portal,0,0
T00124,2025-10-08 14:15:00,2025-10-10 14:15:00,2025-10-09 05:15:00,Completed,Medium,South,D. Moore,Billing,Portal,0,0
T00354,2025-10-08 15:30:00,2025-10-10 15:30:00,2025-10-10 03:30:00,Completed,Medium,North,B. Carter,Billing,Portal,0,0
T00843,2025-10-08 16:30:00,2025-10-11 16:30:00,2025-10-10 03:30:00,Completed,Low,South,E. Harris,Technical Support,Email,0,0
T00826,2025-10-09 09:45:00,2025-10-11 09:45:00,2025-10-13 00:45:00,Completed,Medium,North,B. Carter,Field Support,Phone,0,0
T00121,2025-10-10 15:00:00,2025-10-12 15:00:00,2025-10-12 00:00:00,Completed,Medium,West,K. Green,Technical Support,Phone,0,0
T00999,2025-10-10 16:45:00,2025-10-11 00:45:00,2025-10-10 19:45:00,Completed,Critical,North,B. Carter,Data Exception,System,0,1
T00535,2025-10-11 08:15:00,2025-10-12 08:15:00,2025-10-12 00:15:00,Completed,High,West,K. Green,Billing,Phone,0,1
T00053,2025-10-11 11:00:00,2025-10-13 11:00:00,2025-10-12 23:00:00,Completed,Medium,East,H. King,Customer Request,System,0,0
T00551,2025-10-12 07:15:00,2025-10-13 07:15:00,2025-10-12 23:15:00,Completed,High,West,L. Adams,Service Issue,Portal,0,0
T00060,2025-10-12 09:15:00,2025-10-14 09:15:00,2025-10-13 11:15:00,Completed,Medium,North,B. Carter,Data Exception,Phone,1,1
T00410,2025-10-12 09:15:00,2025-10-14 09:15:00,2025-10-13 23:15:00,Completed,Medium,North,A. Johnson,Technical Support,Email,0,0
T00037,2025-10-12 11:00:00,2025-10-14 11:00:00,2025-10-14 17:00:00,Completed,Medium,West,J. Scott,Field Support,Phone,1,0
T00881,2025-10-12 11:45:00,2025-10-12 19:45:00,2025-10-12 16:45:00,Completed,Critical,West,K. Green,Customer Request,Email,0,1
T00732,2025-10-12 14:30:00,2025-10-15 14:30:00,2025-10-14 15:30:00,Completed,Low,East,I. Wright,Field Support,System,0,0
T00483,2025-10-12 16:30:00,2025-10-14 16:30:00,2025-10-14 01:30:00,Completed,Medium,West,J. Scott,Technical Support,Phone,0,0
T00828,2025-10-13 07:30:00,2025-10-15 07:30:00,2025-10-14 00:30:00,Completed,Medium,East,G. Walker,Field Support,System,0,0
T00658,2025-10-13 12:45:00,2025-10-14 12:45:00,2025-10-14 03:45:00,Completed,High,East,G. Walker,Customer Request,Portal,0,0
T00576,2025-10-13 16:00:00,2025-10-14 16:00:00,2025-10-14 10:00:00,Completed,High,East,H. King,Technical Support,Email,1,0
T00846,2025-10-14 09:30:00,2025-10-16 09:30:00,2025-10-15 08:30:00,Completed,Medium,West,K. Green,Billing,Email,0,0
T00980,2025-10-14 13:30:00,2025-10-16 13:30:00,2025-10-15 12:30:00,Completed,Medium,North,C. Lewis,Field Support,Email,0,0
T00632,2025-10-14 15:15:00,2025-10-17 15:15:00,2025-10-16 10:15:00,Completed,Low,East,G. Walker,Service Issue,Phone,0,0
T00132,2025-10-15 11:00:00,2025-10-16 11:00:00,2025-10-16 20:00:00,Completed,High,South,E. Harris,Billing,Phone,0,0
T00917,2025-10-15 14:15:00,2025-10-16 14:15:00,2025-10-16 00:15:00,Completed,High,South,D. Moore,Billing,Email,0,0
T00386,2025-10-15 16:15:00,2025-10-17 16:15:00,2025-10-19 02:15:00,Completed,Medium,East,H. King,Billing,Portal,0,0
T00430,2025-10-16 12:30:00,2025-10-18 12:30:00,2025-10-17 10:30:00,Completed,Medium,North,C. Lewis,Technical Support,Portal,0,0
T00790,2025-10-16 16:15:00,2025-10-18 16:15:00,2025-10-19 17:15:00,Completed,Medium,East,H. King,Field Support,System,0,0
T00545,2025-10-17 07:30:00,2025-10-20 07:30:00,2025-10-19 16:30:00,Completed,Low,East,I. Wright,Field Support,Phone,0,0
T00285,2025-10-18 09:45:00,2025-10-19 09:45:00,2025-10-19 05:45:00,Completed,High,East,H. King,Data Exception,Email,0,0
T00622,2025-10-18 10:15:00,2025-10-20 10:15:00,2025-10-20 23:15:00,Completed,Medium,East,I. Wright,Technical Support,Phone,0,0
T00721,2025-10-19 13:00:00,2025-10-21 13:00:00,2025-10-20 08:00:00,Completed,Medium,West,K. Green,Service Issue,Phone,0,0
T00474,2025-10-19 16:30:00,2025-10-20 16:30:00,2025-10-20 09:30:00,Completed,High,North,C. Lewis,Technical Support,Portal,0,0
T00780,2025-10-19 16:45:00,2025-10-22 16:45:00,2025-10-21 09:45:00,Completed,Low,South,E. Harris,Customer Request,Phone,1,1
T00895,2025-10-20 10:15:00,2025-10-21 10:15:00,2025-10-20 22:15:00,Completed,High,West,K. Green,Technical Support,Portal,0,0
T00765,2025-10-20 15:15:00,2025-10-21 15:15:00,2025-10-21 06:15:00,Completed,High,West,L. Adams,Technical Support,Phone,0,0
T00237,2025-10-20 16:15:00,2025-10-23 16:15:00,2025-10-24 00:15:00,Completed,Low,West,K. Green,Service Issue,Phone,0,0
T00113,2025-10-21 09:30:00,2025-10-22 09:30:00,,Open,High,East,I. Wright,Technical Support,Portal,0,0
T00823,2025-10-21 11:00:00,2025-10-23 11:00:00,2025-10-22 10:00:00,Completed,Medium,West,K. Green,Service Issue,Email,0,0
T00992,2025-10-21 13:30:00,2025-10-23 13:30:00,,Pending,Medium,East,I. Wright,Service Issue,System,0,0
T00485,2025-10-21 15:30:00,2025-10-22 15:30:00,2025-10-22 07:30:00,Completed,High,South,E. Harris,Technical Support,System,0,0
T00961,2025-10-22 11:00:00,2025-10-23 11:00:00,2025-10-23 05:00:00,Completed,High,West,K. Green,Data Exception,Email,0,0
T00058,2025-10-22 12:00:00,2025-10-25 12:00:00,2025-10-23 18:00:00,Completed,Low,North,A. Johnson,Data Exception,Email,0,0
T00026,2025-10-23 15:15:00,2025-10-24 15:15:00,2025-10-24 17:15:00,Completed,High,East,H. King,Data Exception,Email,0,0
T00088,2025-10-23 15:15:00,2025-10-24 15:15:00,2025-10-23 23:15:00,Completed,High,South,E. Harris,Technical Support,System,0,0
T00189,2025-10-24 10:45:00,2025-10-24 18:45:00,2025-10-24 19:45:00,Completed,Critical,South,F. Young,Technical Support,Portal,0,0
T00781,2025-10-24 11:30:00,2025-10-25 11:30:00,2025-10-25 00:30:00,Completed,High,North,C. Lewis,Field Support,Email,1,0
T00032,2025-10-24 12:00:00,2025-10-27 12:00:00,2025-10-29 20:00:00,Completed,Low,South,D. Moore,Service Issue,Portal,0,0
T00489,2025-10-24 13:15:00,2025-10-27 13:15:00,2025-10-26 03:15:00,Completed,Low,South,F. Young,Customer Request,Phone,1,0
T00299,2025-10-24 16:00:00,2025-10-27 16:00:00,2025-10-26 10:00:00,Completed,Low,West,L. Adams,Technical Support,Email,0,1
T00096,2025-10-25 14:30:00,2025-10-27 14:30:00,2025-10-26 12:30:00,Completed,Medium,North,B. Carter,Technical Support,System,0,0
T00163,2025-10-25 14:30:00,2025-10-26 14:30:00,2025-10-26 07:30:00,Completed,High,North,B. Carter,Field Support,Email,0,0
T00308,2025-10-25 14:45:00,2025-10-26 14:45:00,2025-10-26 07:45:00,Completed,High,South,D. Moore,Service Issue,Email,0,0
T00268,2025-10-25 16:15:00,2025-10-27 16:15:00,2025-10-26 09:15:00,Completed,Medium,East,I. Wright,Service Issue,Email,0,0
T00704,2025-10-26 07:45:00,2025-10-28 07:45:00,2025-10-27 16:45:00,Completed,Medium,East,G. Walker,Billing,System,0,0
T00195,2025-10-26 10:30:00,2025-10-27 10:30:00,2025-10-27 13:30:00,Completed,High,East,I. Wright,Field Support,Email,0,0
T00191,2025-10-26 13:00:00,2025-10-28 13:00:00,2025-10-27 04:00:00,Completed,Medium,North,C. Lewis,Service Issue,System,0,0
T00212,2025-10-26 13:00:00,2025-10-27 13:00:00,2025-10-27 05:00:00,Completed,High,East,G. Walker,Service Issue,System,0,1
T00213,2025-10-27 09:00:00,2025-10-29 09:00:00,2025-10-28 10:00:00,Completed,Medium,North,A. Johnson,Technical Support,Phone,0,1
T00068,2025-10-27 12:15:00,2025-10-28 12:15:00,,Pending,High,North,B. Carter,Customer Request,Portal,0,0
T00324,2025-10-27 13:15:00,2025-10-30 13:15:00,2025-11-02 04:15:00,Completed,Low,South,D. Moore,Customer Request,Email,0,0
T00074,2025-10-27 16:00:00,2025-10-28 00:00:00,2025-10-27 22:00:00,Completed,Critical,North,B. Carter,Service Issue,Email,0,0
T00835,2025-10-28 11:15:00,2025-10-31 11:15:00,2025-10-30 16:15:00,Completed,Low,East,I. Wright,Data Exception,Portal,0,0
T00749,2025-10-28 14:15:00,2025-10-29 14:15:00,2025-10-29 00:15:00,Completed,High,South,E. Harris,Technical Support,Email,0,0
T00820,2025-10-28 16:15:00,2025-10-31 16:15:00,,Open,Low,East,I. Wright,Service Issue,Phone,0,0
T00585,2025-11-01 09:15:00,2025-11-04 09:15:00,2025-11-05 03:15:00,Completed,Low,West,J. Scott,Billing,Portal,0,0
T00398,2025-11-01 11:45:00,2025-11-04 11:45:00,2025-11-03 04:45:00,Completed,Low,East,H. King,Service Issue,Email,0,0
T00893,2025-11-02 12:30:00,2025-11-05 12:30:00,2025-11-03 17:30:00,Completed,Low,East,I. Wright,Service Issue,Email,0,0
T00315,2025-11-02 13:00:00,2025-11-04 13:00:00,2025-11-03 20:00:00,Completed,Medium,East,H. King,Technical Support,Portal,0,0
T00860,2025-11-03 12:15:00,2025-11-03 20:15:00,2025-11-03 15:15:00,Completed,Critical,South,F. Young,Technical Support,Email,0,0
T00812,2025-11-03 13:45:00,2025-11-05 13:45:00,2025-11-06 15:45:00,Completed,Medium,East,G. Walker,Customer Request,System,0,0
T00717,2025-11-03 14:00:00,2025-11-06 14:00:00,,Open,Low,South,D. Moore,Data Exception,Portal,0,0
T00109,2025-11-03 14:15:00,2025-11-06 14:15:00,2025-11-05 18:15:00,Completed,Low,North,B. Carter,Technical Support,System,0,0
T00178,2025-11-03 16:15:00,2025-11-05 16:15:00,2025-11-04 18:15:00,Completed,Medium,North,B. Carter,Field Support,Phone,0,0
T00888,2025-11-04 09:30:00,2025-11-05 09:30:00,2025-11-05 02:30:00,Completed,High,North,B. Carter,Customer Request,System,0,0
T00851,2025-11-04 09:45:00,2025-11-06 09:45:00,2025-11-07 23:45:00,Completed,Medium,North,A. Johnson,Billing,Phone,0,0
T00756,2025-11-04 10:45:00,2025-11-05 10:45:00,2025-11-05 05:45:00,Completed,High,South,F. Young,Billing,Portal,0,0
T00927,2025-11-04 12:30:00,2025-11-07 12:30:00,2025-11-06 11:30:00,Completed,Low,North,B. Carter,Technical Support,Phone,0,0
T00267,2025-11-05 07:15:00,2025-11-07 07:15:00,2025-11-06 16:15:00,Completed,Medium,North,A. Johnson,Data Exception,Email,0,0
T00070,2025-11-05 08:30:00,2025-11-06 08:30:00,2025-11-05 18:30:00,Completed,High,West,K. Green,Field Support,Phone,0,0
T00833,2025-11-05 14:30:00,2025-11-07 14:30:00,,Pending,Medium,South,E. Harris,Billing,System,0,0
T00929,2025-11-05 16:30:00,2025-11-08 16:30:00,2025-11-07 14:30:00,Completed,Low,East,G. Walker,Data Exception,Phone,0,0
T00949,2025-11-06 07:00:00,2025-11-09 07:00:00,2025-11-08 04:00:00,Completed,Low,South,F. Young,Billing,System,0,0
T00428,2025-11-06 08:30:00,2025-11-08 08:30:00,2025-11-07 11:30:00,Completed,Medium,South,D. Moore,Billing,Portal,0,0
T00532,2025-11-06 09:30:00,2025-11-08 09:30:00,2025-11-08 19:30:00,Completed,Medium,South,D. Moore,Billing,Phone,0,0
T00734,2025-11-06 11:30:00,2025-11-07 11:30:00,,Open,High,South,E. Harris,Customer Request,Portal,0,0
T00160,2025-11-06 12:30:00,2025-11-09 12:30:00,2025-11-08 07:30:00,Completed,Low,West,L. Adams,Field Support,Portal,0,0
T00912,2025-11-06 16:30:00,2025-11-08 16:30:00,2025-11-08 01:30:00,Completed,Medium,South,F. Young,Billing,Email,0,0
T00203,2025-11-07 09:45:00,2025-11-07 17:45:00,2025-11-07 12:45:00,Completed,Critical,South,F. Young,Data Exception,System,0,1
T00610,2025-11-07 09:45:00,2025-11-10 09:45:00,2025-11-09 05:45:00,Completed,Low,South,D. Moore,Field Support,Email,0,1
T00432,2025-11-07 16:00:00,2025-11-08 16:00:00,2025-11-08 04:00:00,Completed,High,North,B. Carter,Billing,System,0,0
T00791,2025-11-08 07:00:00,2025-11-11 07:00:00,2025-11-10 07:00:00,Completed,Low,North,B. Carter,Customer Request,Portal,0,0
T00902,2025-11-08 09:15:00,2025-11-11 09:15:00,2025-11-09 12:15:00,Completed,Low,East,I. Wright,Billing,System,0,0
T00290,2025-11-08 13:30:00,2025-11-08 21:30:00,2025-11-08 17:30:00,Completed,Critical,West,K. Green,Billing,System,0,0
T00328,2025-11-08 15:00:00,2025-11-11 15:00:00,2025-11-09 20:00:00,Completed,Low,South,F. Young,Field Support,System,0,0
T00795,2025-11-09 07:00:00,2025-11-11 07:00:00,2025-11-10 11:00:00,Completed,Medium,East,I. Wright,Technical Support,Email,0,0
T00196,2025-11-09 07:45:00,2025-11-09 15:45:00,2025-11-09 13:45:00,Completed,Critical,North,C. Lewis,Service Issue,System,0,0
T00919,2025-11-09 08:30:00,2025-11-11 08:30:00,2025-11-10 08:30:00,Completed,Medium,North,A. Johnson,Billing,Email,0,0
T00365,2025-11-09 15:45:00,2025-11-12 15:45:00,2025-11-10 17:45:00,Completed,Low,West,K. Green,Billing,Phone,0,0
T00286,2025-11-10 07:30:00,2025-11-12 07:30:00,2025-11-13 15:30:00,Completed,Medium,South,E. Harris,Technical Support,Phone,0,0
T00933,2025-11-10 09:15:00,2025-11-10 17:15:00,2025-11-10 15:15:00,Completed,Critical,North,C. Lewis,Field Support,System,0,1
T00510,2025-11-10 10:45:00,2025-11-12 10:45:00,,Open,Medium,South,F. Young,Customer Request,System,0,0
T00870,2025-11-10 12:00:00,2025-11-13 12:00:00,2025-11-14 11:00:00,Completed,Low,North,C. Lewis,Field Support,Email,0,0
T00457,2025-11-10 12:15:00,2025-11-12 12:15:00,2025-11-11 18:15:00,Completed,Medium,West,K. Green,Service Issue,Email,0,0
T00147,2025-11-11 09:45:00,2025-11-14 09:45:00,2025-11-12 16:45:00,Completed,Low,North,A. Johnson,Service Issue,Portal,0,0
T00437,2025-11-11 14:30:00,2025-11-13 14:30:00,2025-11-12 13:30:00,Completed,Medium,West,J. Scott,Billing,System,0,0
T00334,2025-11-12 07:15:00,2025-11-13 07:15:00,2025-11-13 00:15:00,Completed,High,South,F. Young,Technical Support,System,0,0
T00719,2025-11-12 10:30:00,2025-11-14 10:30:00,,Open,Medium,South,E. Harris,Field Support,Phone,0,0
T00400,2025-11-12 11:15:00,2025-11-15 11:15:00,2025-11-14 11:15:00,Completed,Low,West,J. Scott,Billing,System,0,0
T00624,2025-11-12 11:45:00,2025-11-12 19:45:00,2025-11-12 17:45:00,Completed,Critical,East,I. Wright,Service Issue,System,0,0
T00013,2025-11-12 13:00:00,2025-11-14 13:00:00,2025-11-13 12:00:00,Completed,Medium,North,A. Johnson,Service Issue,System,1,0
T00135,2025-11-12 13:00:00,2025-11-14 13:00:00,2025-11-14 03:00:00,Completed,Medium,North,B. Carter,Service Issue,Phone,0,0
T00047,2025-11-13 09:30:00,2025-11-15 09:30:00,2025-11-16 15:30:00,Completed,Medium,West,L. Adams,Field Support,Portal,0,0
T00800,2025-11-13 12:15:00,2025-11-16 12:15:00,2025-11-14 15:15:00,Completed,Low,West,J. Scott,Customer Request,System,0,0
T00345,2025-11-13 12:30:00,2025-11-15 12:30:00,2025-11-15 01:30:00,Completed,Medium,South,D. Moore,Technical Support,Email,0,0
T00020,2025-11-13 13:15:00,2025-11-15 13:15:00,2025-11-14 12:15:00,Completed,Medium,West,J. Scott,Technical Support,System,0,0
T00034,2025-11-13 15:15:00,2025-11-16 15:15:00,2025-11-14 17:15:00,Completed,Low,North,A. Johnson,Data Exception,Email,0,0
T00727,2025-11-14 16:15:00,2025-11-17 16:15:00,2025-11-16 20:15:00,Completed,Low,West,L. Adams,Billing,System,0,0
T00369,2025-11-15 08:45:00,2025-11-15 16:45:00,2025-11-15 14:45:00,Completed,Critical,East,G. Walker,Field Support,Phone,0,1
T00019,2025-11-15 13:15:00,2025-11-17 13:15:00,2025-11-16 10:15:00,Completed,Medium,South,E. Harris,Field Support,Phone,0,0
T00514,2025-11-15 14:00:00,2025-11-17 14:00:00,2025-11-17 04:00:00,Completed,Medium,East,I. Wright,Customer Request,System,0,1
T00962,2025-11-16 08:00:00,2025-11-19 08:00:00,2025-11-18 15:00:00,Completed,Low,East,G. Walker,Billing,Portal,0,0
T00983,2025-11-16 10:00:00,2025-11-19 10:00:00,2025-11-18 15:00:00,Completed,Low,East,I. Wright,Data Exception,System,0,0
T00145,2025-11-16 14:00:00,2025-11-17 14:00:00,2025-11-17 09:00:00,Completed,High,East,G. Walker,Billing,Portal,0,0
T00092,2025-11-16 15:45:00,2025-11-18 15:45:00,2025-11-18 02:45:00,Completed,Medium,South,E. Harris,Data Exception,Phone,0,0
T00252,2025-11-17 10:30:00,2025-11-19 10:30:00,2025-11-18 07:30:00,Completed,Medium,South,D. Moore,Data Exception,Portal,0,0
T00892,2025-11-18 07:45:00,2025-11-20 07:45:00,,Pending,Medium,South,D. Moore,Data Exception,Portal,0,0
T00377,2025-11-18 08:30:00,2025-11-20 08:30:00,2025-11-19 11:30:00,Completed,Medium,East,I. Wright,Data Exception,Portal,0,0
T00016,2025-11-18 10:00:00,2025-11-19 10:00:00,2025-11-19 02:00:00,Completed,High,West,L. Adams,Technical Support,Phone,1,0
T00507,2025-11-18 14:45:00,2025-11-20 14:45:00,2025-11-19 14:45:00,Completed,Medium,North,C. Lewis,Technical Support,Phone,0,1
T00239,2025-11-18 15:30:00,2025-11-21 15:30:00,2025-11-20 02:30:00,Completed,Low,North,A. Johnson,Billing,Phone,0,0
T00794,2025-11-19 07:15:00,2025-11-21 07:15:00,2025-11-19 23:15:00,Completed,Medium,South,F. Young,Technical Support,System,0,1
T00594,2025-11-19 10:15:00,2025-11-19 18:15:00,2025-11-19 16:15:00,Completed,Critical,South,F. Young,Field Support,Portal,0,0
T00205,2025-11-20 08:45:00,2025-11-23 08:45:00,2025-11-21 10:45:00,Completed,Low,South,F. Young,Service Issue,Email,1,0
T00588,2025-11-20 08:45:00,2025-11-23 08:45:00,2025-11-21 06:45:00,Completed,Low,South,F. Young,Technical Support,Phone,0,0
T00605,2025-11-21 07:00:00,2025-11-23 07:00:00,2025-11-24 19:00:00,Completed,Medium,North,C. Lewis,Billing,Phone,0,0
T00036,2025-11-21 15:00:00,2025-11-22 15:00:00,,Assigned,High,East,G. Walker,Billing,System,0,0
T00648,2025-11-22 07:15:00,2025-11-24 07:15:00,,Assigned,Medium,East,I. Wright,Customer Request,System,0,0
T00379,2025-11-22 09:45:00,2025-11-24 09:45:00,2025-11-23 17:45:00,Completed,Medium,South,E. Harris,Customer Request,Email,0,0
T00318,2025-11-22 13:30:00,2025-11-23 13:30:00,2025-11-23 02:30:00,Completed,High,South,F. Young,Service Issue,Portal,0,0
T00183,2025-11-23 10:45:00,2025-11-24 10:45:00,2025-11-24 01:45:00,Completed,High,North,C. Lewis,Billing,Email,0,0
T00987,2025-11-23 13:15:00,2025-11-26 13:15:00,2025-11-24 20:15:00,Completed,Low,East,G. Walker,Customer Request,Portal,0,0
T00302,2025-11-23 14:15:00,2025-11-25 14:15:00,2025-11-26 04:15:00,Completed,Medium,South,F. Young,Service Issue,Portal,0,0
T00691,2025-11-24 07:30:00,2025-11-25 07:30:00,2025-11-25 02:30:00,Completed,High,East,I. Wright,Field Support,Phone,0,0
T00582,2025-11-24 07:45:00,2025-11-26 07:45:00,2025-11-24 23:45:00,Completed,Medium,East,G. Walker,Technical Support,Email,0,0
T00425,2025-11-24 08:30:00,2025-11-26 08:30:00,2025-11-25 00:30:00,Completed,Medium,East,G. Walker,Service Issue,System,1,0
T00590,2025-11-24 16:30:00,2025-11-26 16:30:00,2025-11-26 03:30:00,Completed,Medium,North,B. Carter,Billing,Portal,0,0
T00486,2025-11-25 13:30:00,2025-11-28 13:30:00,2025-11-27 01:30:00,Completed,Low,North,B. Carter,Field Support,Email,0,1
T00942,2025-11-25 14:45:00,2025-11-28 14:45:00,2025-11-29 15:45:00,Completed,Low,West,K. Green,Billing,Phone,0,0
T00131,2025-11-25 15:15:00,2025-11-28 15:15:00,2025-11-27 12:15:00,Completed,Low,East,H. King,Customer Request,Phone,0,0
T00568,2025-11-26 08:00:00,2025-11-28 08:00:00,2025-11-27 19:00:00,Completed,Medium,East,I. Wright,Field Support,Portal,0,0
T00700,2025-11-26 08:15:00,2025-11-27 08:15:00,2025-11-26 18:15:00,Completed,High,North,C. Lewis,Customer Request,System,0,0
T00616,2025-11-26 11:15:00,2025-11-29 11:15:00,2025-11-30 15:15:00,Completed,Low,South,E. Harris,Customer Request,Phone,0,0
T00838,2025-11-26 13:00:00,2025-11-27 13:00:00,2025-11-26 23:00:00,Completed,High,North,B. Carter,Technical Support,Phone,0,0
T00381,2025-11-26 14:30:00,2025-11-29 14:30:00,2025-11-27 19:30:00,Completed,Low,South,E. Harris,Data Exception,Email,0,0
T00415,2025-11-26 16:15:00,2025-11-27 16:15:00,2025-11-27 01:15:00,Completed,High,North,A. Johnson,Service Issue,Phone,0,0
T00880,2025-11-27 08:45:00,2025-11-29 08:45:00,2025-11-28 17:45:00,Completed,Medium,West,K. Green,Field Support,Portal,0,0
T00168,2025-11-27 10:00:00,2025-11-30 10:00:00,2025-11-28 23:00:00,Completed,Low,South,D. Moore,Technical Support,Email,0,0
T00726,2025-11-27 10:30:00,2025-11-29 10:30:00,2025-11-28 21:30:00,Completed,Medium,East,H. King,Billing,Email,0,0
T00130,2025-11-28 10:45:00,2025-12-01 10:45:00,2025-11-30 03:45:00,Completed,Low,West,K. Green,Billing,Email,0,0
T00180,2025-11-28 14:00:00,2025-11-30 14:00:00,2025-11-30 07:00:00,Completed,Medium,West,L. Adams,Technical Support,Phone,0,1
T00583,2025-11-28 15:45:00,2025-11-29 15:45:00,2025-11-29 09:45:00,Completed,High,West,L. Adams,Customer Request,System,0,1
T00296,2025-12-01 09:15:00,2025-12-03 09:15:00,2025-12-03 02:15:00,Completed,Medium,West,J. Scott,Customer Request,Portal,0,0
T00463,2025-12-01 09:30:00,2025-12-02 09:30:00,2025-12-01 22:30:00,Completed,High,East,I. Wright,Field Support,Email,0,0
T00441,2025-12-01 12:15:00,2025-12-01 20:15:00,,Open,Critical,North,C. Lewis,Field Support,Phone,0,1
T00874,2025-12-02 15:45:00,2025-12-04 15:45:00,2025-12-03 19:45:00,Completed,Medium,East,G. Walker,Billing,Portal,0,0
T00512,2025-12-03 12:00:00,2025-12-05 12:00:00,2025-12-04 17:00:00,Completed,Medium,South,D. Moore,Service Issue,System,0,0
T00744,2025-12-03 15:45:00,2025-12-05 15:45:00,2025-12-04 10:45:00,Completed,Medium,West,L. Adams,Billing,Phone,0,0
T00452,2025-12-04 08:30:00,2025-12-06 08:30:00,2025-12-05 04:30:00,Completed,Medium,West,J. Scott,Billing,System,0,0
T00446,2025-12-04 15:15:00,2025-12-06 15:15:00,2025-12-06 02:15:00,Completed,Medium,West,K. Green,Technical Support,Portal,0,0
T00773,2025-12-04 16:00:00,2025-12-06 16:00:00,2025-12-05 18:00:00,Completed,Medium,East,G. Walker,Field Support,System,0,0
T00855,2025-12-04 16:30:00,2025-12-05 16:30:00,2025-12-05 03:30:00,Completed,High,North,A. Johnson,Field Support,Phone,0,0
T00889,2025-12-05 11:15:00,2025-12-06 11:15:00,2025-12-06 07:15:00,Completed,High,North,B. Carter,Billing,Portal,0,0
T00305,2025-12-05 14:45:00,2025-12-08 14:45:00,2025-12-07 00:45:00,Completed,Low,West,J. Scott,Field Support,System,0,0
T00498,2025-12-05 15:00:00,2025-12-07 15:00:00,2025-12-08 00:00:00,Completed,Medium,West,L. Adams,Field Support,Email,0,0
T00831,2025-12-06 16:15:00,2025-12-08 16:15:00,2025-12-08 05:15:00,Completed,Medium,South,D. Moore,Customer Request,Phone,0,0
T00493,2025-12-07 08:00:00,2025-12-09 08:00:00,2025-12-08 18:00:00,Completed,Medium,East,G. Walker,Billing,System,0,0
T00035,2025-12-07 08:30:00,2025-12-09 08:30:00,2025-12-08 11:30:00,Completed,Medium,North,B. Carter,Technical Support,System,0,0
T00375,2025-12-07 10:15:00,2025-12-09 10:15:00,2025-12-08 13:15:00,Completed,Medium,North,C. Lewis,Customer Request,Portal,0,0
T00804,2025-12-07 10:45:00,2025-12-09 10:45:00,2025-12-08 21:45:00,Completed,Medium,South,D. Moore,Billing,System,0,0
T00475,2025-12-07 13:00:00,2025-12-09 13:00:00,2025-12-08 07:00:00,Completed,Medium,East,H. King,Service Issue,System,0,0
T00976,2025-12-08 07:00:00,2025-12-09 07:00:00,2025-12-10 01:00:00,Completed,High,West,K. Green,Data Exception,System,0,0
T00646,2025-12-08 08:45:00,2025-12-10 08:45:00,2025-12-09 21:45:00,Completed,Medium,South,D. Moore,Field Support,Phone,1,0
T00083,2025-12-08 09:30:00,2025-12-11 09:30:00,,Assigned,Low,South,D. Moore,Service Issue,System,0,0
T00462,2025-12-08 09:45:00,2025-12-11 09:45:00,,Assigned,Low,West,J. Scott,Customer Request,Email,0,0
T00158,2025-12-08 13:15:00,2025-12-09 13:15:00,2025-12-09 09:15:00,Completed,High,West,L. Adams,Customer Request,Email,0,0
T00504,2025-12-09 12:15:00,2025-12-10 12:15:00,2025-12-09 23:15:00,Completed,High,West,J. Scott,Billing,System,0,0
T00701,2025-12-10 14:15:00,2025-12-12 14:15:00,,Open,Medium,East,I. Wright,Billing,Phone,0,0
T00327,2025-12-11 09:30:00,2025-12-12 09:30:00,2025-12-11 17:30:00,Completed,High,South,E. Harris,Billing,Phone,0,0
T00093,2025-12-11 15:30:00,2025-12-14 15:30:00,2025-12-12 15:30:00,Completed,Low,South,E. Harris,Customer Request,Email,0,1
T00898,2025-12-11 16:45:00,2025-12-12 16:45:00,,Pending,High,North,C. Lewis,Technical Support,Portal,0,0
T00660,2025-12-12 10:15:00,2025-12-14 10:15:00,2025-12-14 01:15:00,Completed,Medium,East,I. Wright,Field Support,Email,0,0
T00581,2025-12-12 10:30:00,2025-12-15 10:30:00,2025-12-14 09:30:00,Completed,Low,West,L. Adams,Field Support,System,0,0
T00245,2025-12-12 11:45:00,2025-12-14 11:45:00,2025-12-13 23:45:00,Completed,Medium,North,C. Lewis,Field Support,Email,0,0
T00459,2025-12-12 13:45:00,2025-12-15 13:45:00,2025-12-14 00:45:00,Completed,Low,West,L. Adams,Customer Request,Phone,0,1
T00420,2025-12-12 16:15:00,2025-12-13 00:15:00,2025-12-12 22:15:00,Completed,Critical,North,B. Carter,Field Support,Portal,0,0
T00022,2025-12-13 07:45:00,2025-12-16 07:45:00,2025-12-14 08:45:00,Completed,Low,North,C. Lewis,Field Support,Portal,0,0
T00609,2025-12-13 10:45:00,2025-12-13 18:45:00,,Open,Critical,North,A. Johnson,Data Exception,Phone,0,0
T00453,2025-12-13 13:00:00,2025-12-15 13:00:00,2025-12-14 21:00:00,Completed,Medium,West,L. Adams,Customer Request,Email,0,1
T00228,2025-12-13 14:30:00,2025-12-14 14:30:00,2025-12-14 06:30:00,Completed,High,West,L. Adams,Field Support,System,0,0
T00861,2025-12-14 15:30:00,2025-12-16 15:30:00,2025-12-15 22:30:00,Completed,Medium,North,B. Carter,Data Exception,System,0,0
T00038,2025-12-15 10:15:00,2025-12-17 10:15:00,,Pending,Medium,West,K. Green,Field Support,System,0,0
T00277,2025-12-15 11:15:00,2025-12-18 11:15:00,2025-12-16 14:15:00,Completed,Low,East,G. Walker,Data Exception,Email,0,0
T00321,2025-12-15 13:15:00,2025-12-17 13:15:00,2025-12-16 15:15:00,Completed,Medium,West,L. Adams,Billing,Phone,0,0
T00373,2025-12-16 10:30:00,2025-12-18 10:30:00,2025-12-17 07:30:00,Completed,Medium,East,I. Wright,Field Support,Email,0,0
T00219,2025-12-16 14:15:00,2025-12-19 14:15:00,2025-12-18 19:15:00,Completed,Low,South,D. Moore,Technical Support,Phone,0,0
T00466,2025-12-17 07:30:00,2025-12-18 07:30:00,2025-12-17 17:30:00,Completed,High,South,F. Young,Billing,Phone,0,0
T00916,2025-12-17 09:00:00,2025-12-19 09:00:00,2025-12-18 07:00:00,Completed,Medium,North,A. Johnson,Data Exception,Email,0,0
T00805,2025-12-17 11:00:00,2025-12-19 11:00:00,2025-12-18 22:00:00,Completed,Medium,North,C. Lewis,Billing,Phone,0,0
T00007,2025-12-17 11:45:00,2025-12-19 11:45:00,2025-12-18 22:45:00,Completed,Medium,East,G. Walker,Service Issue,Portal,0,0
T00903,2025-12-17 13:15:00,2025-12-18 13:15:00,2025-12-18 04:15:00,Completed,High,East,I. Wright,Customer Request,Email,0,0
T00023,2025-12-17 16:15:00,2025-12-19 16:15:00,2025-12-18 13:15:00,Completed,Medium,West,J. Scott,Billing,Email,0,0
T00662,2025-12-19 08:45:00,2025-12-21 08:45:00,2025-12-20 01:45:00,Completed,Medium,South,F. Young,Customer Request,Portal,0,0
T00149,2025-12-19 11:00:00,2025-12-22 11:00:00,2025-12-21 17:00:00,Completed,Low,South,F. Young,Service Issue,Email,0,0
T00255,2025-12-21 08:30:00,2025-12-24 08:30:00,2025-12-23 19:30:00,Completed,Low,East,I. Wright,Customer Request,Portal,0,0
T00281,2025-12-21 12:30:00,2025-12-23 12:30:00,2025-12-23 04:30:00,Completed,Medium,East,G. Walker,Technical Support,Portal,0,0
T00589,2025-12-21 14:30:00,2025-12-23 14:30:00,2025-12-23 18:30:00,Completed,Medium,West,K. Green,Billing,Email,0,0
T00553,2025-12-22 07:30:00,2025-12-24 07:30:00,2025-12-23 21:30:00,Completed,Medium,North,B. Carter,Customer Request,Portal,0,1
T00864,2025-12-22 11:00:00,2025-12-24 11:00:00,2025-12-23 04:00:00,Completed,Medium,South,F. Young,Billing,Email,0,0
T00822,2025-12-22 14:45:00,2025-12-25 14:45:00,2025-12-24 05:45:00,Completed,Low,South,F. Young,Field Support,Portal,0,1
T00337,2025-12-23 10:00:00,2025-12-24 10:00:00,2025-12-24 05:00:00,Completed,High,South,F. Young,Billing,Phone,0,0
T00799,2025-12-23 11:45:00,2025-12-24 11:45:00,2025-12-23 19:45:00,Completed,High,East,H. King,Customer Request,Portal,0,0
T00427,2025-12-23 13:30:00,2025-12-25 13:30:00,2025-12-24 23:30:00,Completed,Medium,East,H. King,Customer Request,Portal,0,0
T00455,2025-12-23 15:00:00,2025-12-26 15:00:00,2025-12-27 01:00:00,Completed,Low,South,D. Moore,Billing,System,0,0
T00423,2025-12-24 10:30:00,2025-12-26 10:30:00,2025-12-25 16:30:00,Completed,Medium,North,B. Carter,Technical Support,Email,0,0
T00320,2025-12-24 15:30:00,2025-12-26 15:30:00,,Pending,Medium,East,G. Walker,Billing,System,0,0
T00176,2025-12-24 16:45:00,2025-12-25 16:45:00,2025-12-25 06:45:00,Completed,High,West,J. Scott,Field Support,Email,0,0
T00684,2025-12-25 08:15:00,2025-12-27 08:15:00,2025-12-26 01:15:00,Completed,Medium,East,H. King,Billing,Portal,0,0
T00218,2025-12-25 09:00:00,2025-12-27 09:00:00,2025-12-26 04:00:00,Completed,Medium,West,K. Green,Data Exception,Phone,0,0
T00066,2025-12-25 12:45:00,2025-12-26 12:45:00,2025-12-25 23:45:00,Completed,High,North,A. Johnson,Field Support,Email,0,0
T00649,2025-12-26 11:00:00,2025-12-28 11:00:00,2025-12-27 08:00:00,Completed,Medium,West,K. Green,Field Support,Email,0,0
T00644,2025-12-26 13:00:00,2025-12-28 13:00:00,2025-12-28 03:00:00,Completed,Medium,North,B. Carter,Customer Request,Email,0,0
T00990,2025-12-26 14:00:00,2025-12-28 14:00:00,2025-12-27 20:00:00,Completed,Medium,East,I. Wright,Field Support,Phone,0,0
T00397,2025-12-27 12:45:00,2025-12-29 12:45:00,2025-12-28 09:45:00,Completed,Medium,South,E. Harris,Service Issue,Phone,0,0
T00531,2025-12-28 09:45:00,2025-12-29 09:45:00,2025-12-29 05:45:00,Completed,High,West,K. Green,Billing,Portal,0,0
T00549,2025-12-28 13:00:00,2025-12-29 13:00:00,2025-12-29 09:00:00,Completed,High,South,E. Harris,Data Exception,Email,0,0
T00546,2025-12-28 13:45:00,2025-12-30 13:45:00,2025-12-29 20:45:00,Completed,Medium,South,D. Moore,Data Exception,System,0,0
T00798,2025-12-28 16:15:00,2025-12-29 00:15:00,2025-12-28 23:15:00,Completed,Critical,South,D. Moore,Service Issue,System,0,0