encounter_id,patient_id,admit_datetime,discharge_datetime,unit_name,bed_capacity,admission_source,payer,age,length_of_stay_days,readmit_30d,discharge_disposition
E000345,P00374,2025-01-01 00:45:00,2025-01-03 18:29:00,Med/Surg,72,Emergency Department,Self Pay,37,2.74,0,Home
E000044,P00547,2025-01-01 11:45:00,2025-01-10 04:28:00,ICU,24,Emergency Department,Self Pay,32,8.70,0,Home
E000126,P00830,2025-01-01 13:15:00,2025-01-06 19:22:00,Neurology,28,Emergency Department,Commercial,51,5.26,0,Home
E001695,P00937,2025-01-01 21:15:00,2025-01-06 09:05:00,Orthopedics,36,Emergency Department,Medicaid,91,4.49,0,Home
E001753,P00761,2025-01-01 23:00:00,2025-01-06 12:34:00,Orthopedics,36,Emergency Department,Commercial,79,4.57,0,Home
E000894,P00999,2025-01-02 02:00:00,2025-01-05 19:35:00,Med/Surg,72,Direct Admit,Medicaid,59,3.73,0,Home
E001015,P00883,2025-01-02 03:00:00,2025-01-05 14:25:00,Med/Surg,72,Transfer,Self Pay,88,3.48,0,Home
E000743,P01036,2025-01-02 05:00:00,2025-01-07 19:33:00,Neurology,28,Emergency Department,Self Pay,58,5.61,0,Rehab
E002066,P00505,2025-01-02 07:30:00,2025-01-10 14:07:00,ICU,24,Emergency Department,Medicare,80,8.28,0,Home
E001757,P00404,2025-01-02 14:15:00,2025-01-07 08:30:00,Telemetry,48,Emergency Department,Commercial,59,4.76,0,Expired
E001949,P00644,2025-01-02 16:15:00,2025-01-06 02:29:00,Cardiology,40,Emergency Department,Medicaid,36,3.43,0,Home
E000054,P00993,2025-01-02 16:45:00,2025-01-05 18:06:00,Cardiology,40,Emergency Department,Medicaid,90,3.06,0,Home
E000943,P00019,2025-01-02 17:30:00,2025-01-07 04:14:00,Cardiology,40,Direct Admit,Self Pay,40,4.45,0,Home
E000108,P00738,2025-01-02 18:45:00,2025-01-06 03:30:00,Telemetry,48,Emergency Department,Medicaid,86,3.37,0,Rehab
E001446,P00824,2025-01-03 02:00:00,2025-01-08 22:01:00,Med/Surg,72,Direct Admit,Medicare,22,5.83,0,Home
E001030,P00731,2025-01-03 02:15:00,2025-01-05 22:14:00,Med/Surg,72,Transfer,Medicare,68,2.83,0,Home
E001766,P00224,2025-01-03 02:30:00,2025-01-05 17:41:00,Telemetry,48,Direct Admit,Self Pay,49,2.63,0,Home
E000306,P01183,2025-01-03 04:00:00,2025-01-05 14:14:00,Orthopedics,36,Emergency Department,Self Pay,26,2.43,0,Rehab
E001220,P01129,2025-01-03 07:00:00,2025-01-08 19:12:00,Med/Surg,72,Emergency Department,Commercial,33,5.51,0,Home
E001712,P00804,2025-01-03 19:30:00,2025-01-12 10:14:00,Med/Surg,72,Emergency Department,Medicare,63,8.61,0,Home
E001574,P00239,2025-01-03 20:45:00,2025-01-08 02:42:00,ICU,24,Emergency Department,Medicaid,79,4.25,0,Home
E001495,P01067,2025-01-03 23:45:00,2025-01-08 03:34:00,Cardiology,40,Emergency Department,Medicare,35,4.16,0,Skilled Nursing Facility
E000532,P01294,2025-01-04 00:45:00,2025-01-07 05:39:00,Neurology,28,Emergency Department,Medicare,71,3.20,0,Rehab
E000904,P00005,2025-01-04 01:30:00,2025-01-07 18:23:00,Orthopedics,36,Emergency Department,Medicare,43,3.70,0,Skilled Nursing Facility
E001886,P01165,2025-01-04 07:30:00,2025-01-08 22:16:00,Telemetry,48,Emergency Department,Commercial,80,4.62,0,Home
E000911,P00699,2025-01-04 07:45:00,2025-01-09 22:36:00,Med/Surg,72,Emergency Department,Medicare,78,5.62,0,Expired
E001325,P01217,2025-01-04 08:00:00,2025-01-08 13:24:00,Med/Surg,72,Emergency Department,Commercial,61,4.23,0,Home Health
E000657,P01267,2025-01-04 14:15:00,2025-01-08 21:05:00,Med/Surg,72,Emergency Department,Medicare,86,4.28,0,Home
E001294,P00652,2025-01-04 19:15:00,2025-01-10 06:26:00,Med/Surg,72,Scheduled Procedure,Medicare,36,5.47,0,Home
E000739,P01289,2025-01-04 20:00:00,2025-01-08 01:41:00,Med/Surg,72,Emergency Department,Self Pay,86,3.24,0,Home
E000778,P00520,2025-01-04 21:00:00,2025-01-12 12:45:00,Orthopedics,36,Emergency Department,Medicare,73,7.66,0,Expired
E000473,P00431,2025-01-05 05:15:00,2025-01-09 06:34:00,ICU,24,Direct Admit,Self Pay,31,4.05,0,Home
E001555,P00111,2025-01-05 08:45:00,2025-01-09 04:16:00,Med/Surg,72,Emergency Department,Commercial,68,3.81,0,Home
E002199,P00342,2025-01-05 12:15:00,2025-01-11 05:01:00,ICU,24,Scheduled Procedure,Medicaid,90,5.70,0,Home
E000485,P00907,2025-01-05 14:30:00,2025-01-08 06:19:00,Telemetry,48,Emergency Department,Medicaid,36,2.66,0,Rehab
E002091,P00992,2025-01-05 19:45:00,2025-01-11 10:07:00,Cardiology,40,Emergency Department,Medicaid,92,5.60,0,Home
E001154,P00040,2025-01-05 21:30:00,2025-01-11 03:09:00,Cardiology,40,Emergency Department,Self Pay,28,5.24,0,Home
E001226,P00790,2025-01-06 07:00:00,2025-01-11 04:01:00,Med/Surg,72,Emergency Department,Medicaid,45,4.88,0,Expired
E002109,P01291,2025-01-06 07:00:00,2025-01-10 07:21:00,Orthopedics,36,Direct Admit,Medicaid,30,4.02,0,Home
E000471,P01114,2025-01-06 12:00:00,2025-01-10 13:14:00,Med/Surg,72,Transfer,Medicaid,83,4.05,0,Home
E001175,P00662,2025-01-06 16:00:00,2025-01-09 03:57:00,Orthopedics,36,Direct Admit,Self Pay,37,2.50,0,Home Health
E001832,P00338,2025-01-06 18:00:00,2025-01-09 17:50:00,Orthopedics,36,Emergency Department,Medicaid,78,2.99,0,Home
E000776,P00937,2025-01-06 21:15:00,2025-01-10 10:11:00,Cardiology,40,Transfer,Self Pay,50,3.54,0,Skilled Nursing Facility
E001665,P00254,2025-01-06 21:45:00,2025-01-19 15:47:00,Telemetry,48,Emergency Department,Medicare,20,12.75,0,Home
E000824,P00261,2025-01-07 00:30:00,2025-01-09 00:32:00,Orthopedics,36,Emergency Department,Self Pay,34,2.00,0,Home
E002003,P00559,2025-01-07 03:45:00,2025-01-11 16:55:00,Neurology,28,Transfer,Medicare,58,4.55,0,Home
E000892,P01123,2025-01-07 11:30:00,2025-01-09 01:29:00,Orthopedics,36,Emergency Department,Medicaid,67,1.58,0,Home Health
E000335,P00881,2025-01-07 13:45:00,2025-01-12 20:46:00,Med/Surg,72,Emergency Department,Commercial,18,5.29,0,Home
E001305,P01112,2025-01-07 19:00:00,2025-01-10 21:52:00,Orthopedics,36,Transfer,Medicaid,28,3.12,0,Expired
E001755,P00566,2025-01-07 20:30:00,2025-01-13 02:03:00,Med/Surg,72,Direct Admit,Self Pay,62,5.23,0,Rehab
E001819,P00164,2025-01-07 22:45:00,2025-01-11 20:06:00,Orthopedics,36,Emergency Department,Commercial,61,3.89,0,Home Health
E000262,P00254,2025-01-08 03:30:00,2025-01-15 10:44:00,ICU,24,Emergency Department,Commercial,42,7.30,0,Home Health
E001901,P00899,2025-01-08 04:30:00,2025-01-14 16:11:00,ICU,24,Emergency Department,Medicare,53,6.49,0,Home
E001478,P00261,2025-01-08 08:00:00,2025-01-12 10:20:00,Telemetry,48,Emergency Department,Medicaid,62,4.10,0,Home
E001395,P00742,2025-01-08 16:15:00,2025-01-11 17:27:00,Med/Surg,72,Emergency Department,Commercial,63,3.05,0,Skilled Nursing Facility
E000444,P00577,2025-01-08 18:15:00,2025-01-10 22:38:00,Orthopedics,36,Transfer,Self Pay,25,2.18,0,Home
E000762,P00324,2025-01-08 21:00:00,2025-01-11 13:48:00,Orthopedics,36,Emergency Department,Medicaid,21,2.70,0,Home
E001193,P01289,2025-01-08 22:30:00,2025-01-18 04:32:00,Med/Surg,72,Emergency Department,Medicaid,22,9.25,1,Home
E000341,P00435,2025-01-09 02:30:00,2025-01-18 04:49:00,Telemetry,48,Emergency Department,Self Pay,27,9.10,0,Expired
E002120,P00121,2025-01-09 07:45:00,2025-01-12 18:48:00,Med/Surg,72,Transfer,Self Pay,30,3.46,0,Home
E001371,P00095,2025-01-09 09:45:00,2025-01-14 09:20:00,Neurology,28,Direct Admit,Commercial,27,4.98,0,Home
E002184,P00700,2025-01-09 09:45:00,2025-01-13 13:59:00,Cardiology,40,Direct Admit,Medicaid,50,4.18,0,Home
E001917,P00734,2025-01-09 14:15:00,2025-01-13 11:16:00,Med/Surg,72,Scheduled Procedure,Medicaid,50,3.88,0,Home Health
E001883,P00035,2025-01-10 12:00:00,2025-01-14 16:13:00,Med/Surg,72,Emergency Department,Medicaid,57,4.18,0,Rehab
E001172,P01234,2025-01-10 16:00:00,2025-01-16 13:26:00,Cardiology,40,Emergency Department,Commercial,45,5.89,0,Home
E001135,P00786,2025-01-10 20:30:00,2025-01-14 13:14:00,Med/Surg,72,Emergency Department,Medicare,47,3.70,0,Home
E000679,P00048,2025-01-11 10:30:00,2025-01-16 05:01:00,Med/Surg,72,Emergency Department,Commercial,92,4.77,0,Rehab
E001222,P00538,2025-01-11 21:30:00,2025-01-14 14:17:00,Med/Surg,72,Scheduled Procedure,Medicare,29,2.70,0,Home
E000842,P00456,2025-01-11 22:15:00,2025-01-18 22:14:00,ICU,24,Emergency Department,Commercial,48,7.00,0,Home
E000127,P00563,2025-01-12 08:00:00,2025-01-16 11:19:00,Cardiology,40,Emergency Department,Medicaid,32,4.14,0,Home
E000635,P00486,2025-01-12 08:30:00,2025-01-15 23:49:00,Med/Surg,72,Scheduled Procedure,Self Pay,45,3.64,0,Home Health
E001122,P00761,2025-01-12 11:15:00,2025-01-17 22:10:00,Med/Surg,72,Transfer,Commercial,25,5.46,0,Home
E000157,P00181,2025-01-12 12:15:00,2025-01-16 15:10:00,Med/Surg,72,Transfer,Medicare,54,4.12,0,Home
E000437,P00990,2025-01-12 16:45:00,2025-01-15 16:05:00,Med/Surg,72,Direct Admit,Medicare,29,2.97,0,Home Health
E000517,P00608,2025-01-12 17:30:00,2025-01-14 02:05:00,Orthopedics,36,Direct Admit,Commercial,64,1.36,0,Home
E001137,P00662,2025-01-12 19:00:00,2025-01-16 12:36:00,Orthopedics,36,Emergency Department,Commercial,59,3.73,0,Home
E001286,P00912,2025-01-12 19:30:00,2025-01-17 05:51:00,Neurology,28,Scheduled Procedure,Medicaid,60,4.43,0,Home
E000298,P00228,2025-01-12 19:45:00,2025-01-18 04:27:00,Telemetry,48,Transfer,Self Pay,81,5.36,0,Home Health
E000994,P00148,2025-01-13 02:45:00,2025-01-19 12:49:00,ICU,24,Emergency Department,Medicaid,80,6.42,0,Home
E002038,P00648,2025-01-13 06:15:00,2025-01-18 02:11:00,Med/Surg,72,Emergency Department,Medicaid,90,4.83,0,Home
E000888,P01236,2025-01-13 07:00:00,2025-01-18 16:25:00,Neurology,28,Transfer,Self Pay,21,5.39,0,Home
E000264,P00886,2025-01-13 13:00:00,2025-01-16 01:07:00,Med/Surg,72,Direct Admit,Commercial,62,2.50,0,Rehab
E000758,P00589,2025-01-13 13:30:00,2025-01-17 01:34:00,Cardiology,40,Emergency Department,Medicare,68,3.50,0,Home
E001126,P00898,2025-01-13 16:00:00,2025-01-17 17:52:00,Orthopedics,36,Scheduled Procedure,Self Pay,23,4.08,0,Home
E001319,P01202,2025-01-13 16:15:00,2025-01-17 12:58:00,Orthopedics,36,Scheduled Procedure,Medicaid,42,3.86,0,Rehab
E001253,P01048,2025-01-14 00:00:00,2025-01-17 18:36:00,Telemetry,48,Emergency Department,Commercial,67,3.78,0,Home
E001915,P01143,2025-01-14 02:15:00,2025-01-25 22:38:00,ICU,24,Emergency Department,Medicare,82,11.85,0,Expired
E000075,P00919,2025-01-14 07:30:00,2025-01-26 01:33:00,Med/Surg,72,Direct Admit,Medicaid,77,11.75,0,Home
E001793,P01169,2025-01-14 10:15:00,2025-01-17 22:37:00,Med/Surg,72,Scheduled Procedure,Self Pay,19,3.52,0,Home
E000221,P01079,2025-01-14 13:00:00,2025-01-19 10:46:00,Med/Surg,72,Emergency Department,Commercial,63,4.91,0,Rehab
E000423,P00350,2025-01-14 21:00:00,2025-01-18 21:46:00,Med/Surg,72,Emergency Department,Medicare,51,4.03,0,Home
E002114,P00103,2025-01-15 02:45:00,2025-01-19 18:56:00,Orthopedics,36,Direct Admit,Medicaid,48,4.67,0,Skilled Nursing Facility
E001351,P00060,2025-01-15 05:15:00,2025-01-19 20:49:00,ICU,24,Scheduled Procedure,Commercial,36,4.65,0,Home Health
E001012,P00385,2025-01-15 05:45:00,2025-01-17 18:04:00,Telemetry,48,Emergency Department,Medicare,75,2.51,0,Skilled Nursing Facility
E000708,P00698,2025-01-15 10:00:00,2025-01-18 10:03:00,Neurology,28,Emergency Department,Self Pay,78,3.00,0,Home Health
E000198,P00729,2025-01-15 14:30:00,2025-01-18 07:19:00,Med/Surg,72,Direct Admit,Medicaid,91,2.70,0,Home
E001342,P00552,2025-01-15 22:45:00,2025-01-21 10:13:00,Med/Surg,72,Emergency Department,Medicare,70,5.48,0,Home
E001477,P00835,2025-01-15 23:45:00,2025-01-18 14:35:00,Med/Surg,72,Emergency Department,Self Pay,42,2.62,0,Home
E000081,P00022,2025-01-16 03:45:00,2025-01-21 05:05:00,Med/Surg,72,Emergency Department,Self Pay,83,5.06,0,Home
E001337,P01015,2025-01-16 21:45:00,2025-01-26 12:10:00,ICU,24,Transfer,Medicare,60,9.60,0,Home
E001927,P00367,2025-01-16 22:00:00,2025-01-20 03:34:00,Med/Surg,72,Emergency Department,Medicaid,27,3.23,0,Expired
E001099,P01065,2025-01-17 08:30:00,2025-01-20 12:33:00,Neurology,28,Direct Admit,Self Pay,73,3.17,0,Home
E001703,P00629,2025-01-17 10:00:00,2025-01-21 08:17:00,Cardiology,40,Emergency Department,Medicare,26,3.93,0,Home
E000152,P01018,2025-01-17 13:45:00,2025-01-23 05:05:00,ICU,24,Transfer,Self Pay,60,5.64,0,Home
E001372,P00065,2025-01-17 16:00:00,2025-01-21 15:44:00,Cardiology,40,Transfer,Medicare,77,3.99,0,Home
E001058,P00483,2025-01-17 19:30:00,2025-01-23 16:47:00,Med/Surg,72,Emergency Department,Medicare,27,5.89,0,Home
E000831,P00054,2025-01-17 20:45:00,2025-01-24 14:34:00,ICU,24,Direct Admit,Commercial,76,6.74,0,Home Health
E002137,P00135,2025-01-17 21:45:00,2025-01-23 03:47:00,Neurology,28,Emergency Department,Self Pay,20,5.25,0,Home
E001392,P00926,2025-01-18 02:00:00,2025-01-20 14:50:00,Med/Surg,72,Emergency Department,Medicaid,66,2.54,0,Home
E001282,P00021,2025-01-18 09:45:00,2025-01-21 21:00:00,Orthopedics,36,Emergency Department,Medicare,55,3.47,0,Home
E001704,P00342,2025-01-18 15:15:00,2025-01-23 20:17:00,Neurology,28,Emergency Department,Self Pay,53,5.21,0,Home
E001026,P01273,2025-01-18 17:30:00,2025-01-28 00:40:00,Med/Surg,72,Emergency Department,Commercial,89,9.30,0,Home
E002121,P00218,2025-01-18 19:30:00,2025-01-20 02:49:00,Orthopedics,36,Emergency Department,Self Pay,22,1.31,0,Home
E001904,P00015,2025-01-19 00:15:00,2025-01-21 09:52:00,Orthopedics,36,Scheduled Procedure,Medicare,28,2.40,0,Rehab
E000411,P00300,2025-01-19 01:00:00,2025-01-22 18:42:00,Cardiology,40,Emergency Department,Commercial,21,3.74,0,Home Health
E000623,P00628,2025-01-20 04:00:00,2025-01-25 00:58:00,Neurology,28,Emergency Department,Commercial,47,4.87,0,Home
E000919,P00954,2025-01-20 08:15:00,2025-01-22 16:10:00,Telemetry,48,Emergency Department,Self Pay,82,2.33,0,Home
E001483,P00671,2025-01-20 12:15:00,2025-01-23 21:29:00,Orthopedics,36,Emergency Department,Commercial,91,3.39,0,Home
E000510,P00774,2025-01-20 15:00:00,2025-01-23 17:53:00,Telemetry,48,Transfer,Self Pay,68,3.12,0,Home
E001522,P01224,2025-01-20 15:00:00,2025-01-23 21:22:00,Med/Surg,72,Emergency Department,Commercial,60,3.27,0,Expired
E000096,P00772,2025-01-20 15:30:00,2025-01-25 06:04:00,Neurology,28,Emergency Department,Commercial,88,4.61,0,Home
E002176,P00121,2025-01-21 00:00:00,2025-01-25 03:14:00,Cardiology,40,Transfer,Medicare,41,4.14,1,Skilled Nursing Facility
E001681,P00373,2025-01-21 01:45:00,2025-01-25 11:33:00,Telemetry,48,Direct Admit,Commercial,37,4.41,0,Home
E001287,P00580,2025-01-21 08:45:00,2025-01-25 23:29:00,Orthopedics,36,Emergency Department,Self Pay,70,4.61,0,Home
E001838,P01186,2025-01-21 11:00:00,2025-01-25 06:41:00,Neurology,28,Scheduled Procedure,Self Pay,78,3.82,0,Home
E000982,P01073,2025-01-21 22:15:00,2025-01-26 21:23:00,Cardiology,40,Emergency Department,Self Pay,83,4.96,0,Home
E001127,P00717,2025-01-22 03:00:00,2025-01-27 05:04:00,Med/Surg,72,Emergency Department,Medicaid,55,5.09,0,Skilled Nursing Facility
E002004,P00582,2025-01-22 04:45:00,2025-01-26 15:38:00,Med/Surg,72,Emergency Department,Self Pay,43,4.45,0,Home
E000244,P00499,2025-01-22 09:15:00,2025-01-27 01:17:00,Telemetry,48,Emergency Department,Commercial,90,4.67,0,Home
E000123,P00298,2025-01-22 11:30:00,2025-01-25 03:19:00,Orthopedics,36,Emergency Department,Self Pay,86,2.66,0,Home
E002104,P00101,2025-01-22 11:45:00,2025-01-30 14:24:00,ICU,24,Emergency Department,Self Pay,54,8.11,0,Skilled Nursing Facility
E000935,P00911,2025-01-22 13:45:00,2025-01-26 11:38:00,Telemetry,48,Emergency Department,Medicaid,83,3.91,0,Rehab
E001033,P00660,2025-01-22 19:00:00,2025-01-26 22:07:00,Med/Surg,72,Transfer,Medicaid,19,4.13,0,Home
E001254,P00518,2025-01-22 20:15:00,2025-01-26 06:32:00,Cardiology,40,Emergency Department,Commercial,28,3.43,0,Home
E000059,P00467,2025-01-22 21:00:00,2025-01-30 05:36:00,ICU,24,Emergency Department,Self Pay,59,7.36,0,Rehab
E001098,P01245,2025-01-23 11:00:00,2025-01-26 12:07:00,Med/Surg,72,Direct Admit,Commercial,48,3.05,0,Home Health
E000315,P00252,2025-01-23 12:15:00,2025-01-27 18:23:00,Med/Surg,72,Direct Admit,Commercial,73,4.26,0,Home
E000802,P00764,2025-01-23 15:00:00,2025-01-27 04:48:00,Orthopedics,36,Emergency Department,Self Pay,90,3.58,0,Home
E000279,P00504,2025-01-23 17:45:00,2025-01-27 17:40:00,Orthopedics,36,Emergency Department,Medicaid,76,4.00,0,Home
E000030,P00180,2025-01-23 18:45:00,2025-01-26 08:46:00,Med/Surg,72,Emergency Department,Commercial,91,2.58,0,Home
E000826,P00496,2025-01-23 19:15:00,2025-01-27 11:44:00,Neurology,28,Scheduled Procedure,Self Pay,23,3.69,0,Rehab
E001658,P00424,2025-01-23 21:45:00,2025-01-27 17:35:00,Telemetry,48,Emergency Department,Self Pay,81,3.83,0,Home
E001133,P01149,2025-01-24 00:00:00,2025-02-05 21:57:00,Orthopedics,36,Scheduled Procedure,Medicaid,39,12.91,0,Home
E000961,P00733,2025-01-24 05:45:00,2025-01-29 20:57:00,Med/Surg,72,Emergency Department,Medicaid,27,5.63,0,Home Health
E000772,P00933,2025-01-24 08:00:00,2025-01-30 05:33:00,ICU,24,Emergency Department,Self Pay,85,5.90,0,Home
E000241,P00881,2025-01-24 11:00:00,2025-01-30 21:19:00,Telemetry,48,Scheduled Procedure,Commercial,42,6.43,0,Home
E000158,P01212,2025-01-24 18:00:00,2025-01-27 18:44:00,Telemetry,48,Emergency Department,Medicare,76,3.03,0,Home
E000863,P00199,2025-01-24 21:15:00,2025-01-27 21:42:00,Cardiology,40,Transfer,Self Pay,26,3.02,0,Skilled Nursing Facility
E000886,P00083,2025-01-24 23:00:00,2025-01-30 06:04:00,ICU,24,Emergency Department,Commercial,55,5.30,0,Expired
E000113,P00555,2025-01-25 02:45:00,2025-01-27 18:14:00,Cardiology,40,Emergency Department,Medicaid,88,2.65,0,Home
E002128,P01133,2025-01-25 03:00:00,2025-01-28 19:37:00,Med/Surg,72,Transfer,Self Pay,73,3.69,0,Home
E000663,P00096,2025-01-25 09:45:00,2025-01-31 08:22:00,Cardiology,40,Direct Admit,Commercial,28,5.94,0,Home
E001547,P01244,2025-01-25 13:15:00,2025-01-30 02:33:00,Med/Surg,72,Transfer,Medicaid,51,4.55,0,Rehab
E000592,P01300,2025-01-25 16:30:00,2025-01-29 17:15:00,Telemetry,48,Emergency Department,Self Pay,47,4.03,0,Skilled Nursing Facility
E001205,P00440,2025-01-25 16:45:00,2025-01-29 13:53:00,Telemetry,48,Direct Admit,Self Pay,49,3.88,0,Home
E000494,P00702,2025-01-25 20:15:00,2025-02-05 18:12:00,ICU,24,Emergency Department,Commercial,81,10.91,0,Home Health
E002094,P01122,2025-01-25 23:30:00,2025-01-31 09:46:00,Med/Surg,72,Transfer,Commercial,89,5.43,0,Home
E000255,P00021,2025-01-26 05:00:00,2025-02-03 17:50:00,Orthopedics,36,Scheduled Procedure,Self Pay,32,8.54,0,Home
E001866,P01262,2025-01-26 09:30:00,2025-01-28 05:39:00,Orthopedics,36,Direct Admit,Medicaid,84,1.84,0,Home
E000577,P00639,2025-01-26 10:30:00,2025-02-01 03:32:00,Neurology,28,Emergency Department,Medicare,74,5.71,0,Expired
E001163,P00952,2025-01-26 13:00:00,2025-01-30 05:44:00,Cardiology,40,Transfer,Self Pay,26,3.70,0,Expired
E000637,P01164,2025-01-26 17:15:00,2025-01-29 09:54:00,Orthopedics,36,Direct Admit,Medicare,82,2.69,0,Home
E000326,P00950,2025-01-26 21:00:00,2025-01-31 20:12:00,Med/Surg,72,Scheduled Procedure,Medicaid,67,4.97,0,Home
E000619,P00059,2025-01-27 00:15:00,2025-01-29 19:42:00,Cardiology,40,Direct Admit,Medicaid,67,2.81,0,Home Health
E000603,P01248,2025-01-27 05:45:00,2025-01-30 01:39:00,Telemetry,48,Emergency Department,Commercial,68,2.83,0,Home
E000076,P00620,2025-01-27 06:45:00,2025-01-31 23:06:00,Orthopedics,36,Transfer,Self Pay,21,4.68,0,Rehab
E001256,P01176,2025-01-27 09:45:00,2025-01-31 05:15:00,Med/Surg,72,Emergency Department,Medicaid,39,3.81,0,Home Health
E001590,P01211,2025-01-27 10:15:00,2025-01-31 22:13:00,Cardiology,40,Scheduled Procedure,Medicare,44,4.50,0,Rehab
E000082,P00140,2025-01-27 11:00:00,2025-02-01 04:55:00,Orthopedics,36,Scheduled Procedure,Self Pay,61,4.75,0,Skilled Nursing Facility
E000344,P01246,2025-01-27 11:00:00,2025-02-01 21:44:00,ICU,24,Emergency Department,Medicaid,76,5.45,0,Home
E001291,P00895,2025-01-27 18:00:00,2025-01-31 23:01:00,Med/Surg,72,Emergency Department,Medicaid,21,4.21,0,Skilled Nursing Facility
E001037,P00688,2025-01-27 20:45:00,2025-01-30 08:36:00,Telemetry,48,Transfer,Medicaid,45,2.49,0,Home
E001353,P00994,2025-01-28 01:45:00,2025-02-01 09:11:00,Cardiology,40,Emergency Department,Commercial,36,4.31,0,Expired
E001453,P00355,2025-01-28 04:45:00,2025-01-31 13:54:00,Orthopedics,36,Emergency Department,Commercial,91,3.38,0,Home
E001725,P00816,2025-01-28 05:45:00,2025-01-30 05:50:00,Telemetry,48,Emergency Department,Self Pay,45,2.00,0,Home
E000055,P00211,2025-01-28 06:30:00,2025-01-31 11:56:00,Cardiology,40,Direct Admit,Commercial,26,3.23,0,Rehab
E001708,P01204,2025-01-28 09:00:00,2025-02-01 01:49:00,Neurology,28,Emergency Department,Medicaid,61,3.70,0,Home
E002144,P00570,2025-01-28 09:15:00,2025-02-07 06:15:00,ICU,24,Emergency Department,Medicaid,44,9.88,0,Home
E000658,P00832,2025-01-28 11:45:00,2025-02-02 18:52:00,Cardiology,40,Scheduled Procedure,Medicaid,18,5.30,0,Home
E000650,P00137,2025-01-28 14:45:00,2025-01-31 03:00:00,Telemetry,48,Emergency Department,Medicare,25,2.51,0,Home
E001014,P00836,2025-01-28 18:00:00,2025-02-10 12:26:00,Med/Surg,72,Emergency Department,Medicaid,46,12.77,0,Home
E001201,P01280,2025-01-28 18:30:00,2025-01-31 22:40:00,Telemetry,48,Scheduled Procedure,Commercial,64,3.17,0,Skilled Nursing Facility
E001348,P00143,2025-02-01 08:30:00,2025-02-06 00:14:00,Cardiology,40,Direct Admit,Medicare,51,4.66,0,Home
E001648,P00570,2025-02-01 16:45:00,2025-02-04 02:25:00,Med/Surg,72,Emergency Department,Self Pay,35,2.40,0,Home
E000774,P01260,2025-02-01 19:15:00,2025-02-06 18:21:00,Neurology,28,Transfer,Self Pay,89,4.96,0,Home
E000827,P00941,2025-02-01 22:45:00,2025-02-04 22:03:00,Neurology,28,Emergency Department,Self Pay,30,2.97,0,Skilled Nursing Facility
E000835,P00549,2025-02-02 03:45:00,2025-02-06 12:56:00,Med/Surg,72,Emergency Department,Commercial,38,4.38,0,Rehab
E001836,P00728,2025-02-02 04:30:00,2025-02-06 16:52:00,Med/Surg,72,Direct Admit,Medicare,87,4.52,0,Home
E000020,P00803,2025-02-02 07:30:00,2025-02-07 02:05:00,Med/Surg,72,Direct Admit,Self Pay,53,4.77,0,Home
E000645,P00950,2025-02-02 07:30:00,2025-02-07 08:25:00,Telemetry,48,Emergency Department,Medicaid,48,5.04,1,Home
E001231,P00243,2025-02-02 09:15:00,2025-02-06 15:38:00,Telemetry,48,Emergency Department,Self Pay,91,4.27,0,Home
E001586,P01269,2025-02-02 09:15:00,2025-02-05 22:23:00,Med/Surg,72,Emergency Department,Medicare,80,3.55,0,Home
E000677,P01019,2025-02-02 12:45:00,2025-02-06 05:00:00,Neurology,28,Emergency Department,Self Pay,32,3.68,0,Home
E001349,P01265,2025-02-02 13:00:00,2025-02-07 08:32:00,Med/Surg,72,Emergency Department,Self Pay,40,4.81,0,Home
E002068,P00223,2025-02-02 14:45:00,2025-02-07 02:25:00,Med/Surg,72,Transfer,Medicaid,84,4.49,0,Home Health
E001984,P01091,2025-02-02 15:15:00,2025-02-06 17:50:00,Telemetry,48,Direct Admit,Medicaid,89,4.11,0,Home
E001882,P00910,2025-02-02 17:00:00,2025-02-07 10:05:00,Telemetry,48,Direct Admit,Medicare,83,4.71,0,Home
E000929,P00523,2025-02-02 19:30:00,2025-02-07 19:01:00,Telemetry,48,Direct Admit,Medicare,38,4.98,0,Expired
E000769,P00747,2025-02-03 00:45:00,2025-02-04 16:17:00,Orthopedics,36,Emergency Department,Medicaid,58,1.65,0,Home
E001635,P00824,2025-02-03 01:15:00,2025-02-07 14:38:00,Med/Surg,72,Emergency Department,Self Pay,71,4.56,1,Home
E000648,P01136,2025-02-03 01:45:00,2025-02-06 06:24:00,Med/Surg,72,Direct Admit,Self Pay,28,3.19,0,Home Health
E001504,P01221,2025-02-03 03:30:00,2025-02-06 11:13:00,Med/Surg,72,Emergency Department,Self Pay,40,3.32,0,Home
E001566,P01019,2025-02-03 03:30:00,2025-02-08 16:43:00,Neurology,28,Scheduled Procedure,Commercial,73,5.55,0,Home
E000234,P00814,2025-02-03 03:45:00,2025-02-05 18:41:00,Telemetry,48,Scheduled Procedure,Medicaid,70,2.62,0,Home
E000742,P00945,2025-02-03 04:15:00,2025-02-07 01:35:00,Cardiology,40,Emergency Department,Medicaid,74,3.89,0,Home
E000699,P00515,2025-02-03 10:00:00,2025-02-08 10:43:00,Med/Surg,72,Scheduled Procedure,Self Pay,70,5.03,0,Skilled Nursing Facility
E001191,P00634,2025-02-03 13:30:00,2025-02-07 03:21:00,Med/Surg,72,Transfer,Medicare,62,3.58,0,Home
E001919,P01064,2025-02-03 13:30:00,2025-02-15 02:39:00,Cardiology,40,Transfer,Medicaid,53,11.55,0,Home
E000928,P00590,2025-02-03 15:00:00,2025-02-09 02:03:00,Med/Surg,72,Transfer,Commercial,38,5.46,0,Home
E000196,P00689,2025-02-03 17:00:00,2025-02-08 08:33:00,Telemetry,48,Emergency Department,Medicare,78,4.65,0,Expired
E000328,P01213,2025-02-03 19:15:00,2025-02-08 20:46:00,Telemetry,48,Emergency Department,Commercial,75,5.06,0,Expired
E001159,P00287,2025-02-03 20:15:00,2025-02-07 13:03:00,Telemetry,48,Emergency Department,Medicare,28,3.70,0,Home
E000160,P00302,2025-02-04 03:45:00,2025-02-12 21:09:00,Med/Surg,72,Transfer,Medicaid,27,8.73,0,Home
E000903,P00351,2025-02-04 11:00:00,2025-02-10 04:31:00,ICU,24,Emergency Department,Commercial,35,5.73,0,Home
E000960,P00085,2025-02-04 20:00:00,2025-02-07 19:24:00,Orthopedics,36,Transfer,Self Pay,20,2.98,0,Home
E000761,P00084,2025-02-04 23:30:00,2025-02-07 11:04:00,Med/Surg,72,Scheduled Procedure,Medicare,60,2.48,0,Home
E000110,P00550,2025-02-05 08:30:00,2025-02-10 12:51:00,Med/Surg,72,Scheduled Procedure,Commercial,63,5.18,0,Home
E001449,P00916,2025-02-05 11:45:00,2025-02-09 07:03:00,Med/Surg,72,Direct Admit,Medicare,43,3.80,0,Expired
E000038,P00890,2025-02-05 15:15:00,2025-02-09 18:01:00,ICU,24,Scheduled Procedure,Self Pay,47,4.12,0,Home
E001995,P00141,2025-02-06 00:30:00,2025-02-10 20:35:00,Telemetry,48,Emergency Department,Medicaid,33,4.84,0,Home
E000923,P00959,2025-02-06 05:00:00,2025-02-12 04:52:00,Neurology,28,Direct Admit,Medicaid,79,6.00,0,Home
E000570,P00152,2025-02-06 05:45:00,2025-02-08 17:49:00,Med/Surg,72,Emergency Department,Medicaid,27,2.50,0,Skilled Nursing Facility
E000210,P01015,2025-02-06 09:30:00,2025-02-10 19:28:00,Telemetry,48,Emergency Department,Self Pay,57,4.42,0,Home
E002105,P00433,2025-02-06 14:45:00,2025-02-11 10:52:00,Med/Surg,72,Transfer,Medicare,32,4.84,0,Home
E000999,P00680,2025-02-06 19:00:00,2025-02-11 05:16:00,Telemetry,48,Emergency Department,Self Pay,80,4.43,0,Expired
E001553,P01102,2025-02-06 22:45:00,2025-02-12 16:09:00,Cardiology,40,Emergency Department,Medicare,19,5.73,0,Home
E002145,P00614,2025-02-06 23:15:00,2025-02-09 08:17:00,Med/Surg,72,Emergency Department,Commercial,80,2.38,0,Expired
E000009,P00730,2025-02-07 05:30:00,2025-02-17 04:36:00,ICU,24,Direct Admit,Self Pay,51,9.96,0,Home
E000336,P00501,2025-02-07 07:45:00,2025-02-10 16:44:00,Med/Surg,72,Scheduled Procedure,Medicaid,88,3.37,0,Home
E000021,P00202,2025-02-07 17:45:00,2025-02-13 14:47:00,Med/Surg,72,Emergency Department,Medicare,27,5.88,0,Home
E000134,P01284,2025-02-07 18:45:00,2025-02-11 13:06:00,Orthopedics,36,Emergency Department,Medicare,69,3.77,0,Home Health
E001680,P00334,2025-02-07 23:00:00,2025-02-13 11:39:00,Med/Surg,72,Scheduled Procedure,Medicaid,60,5.53,0,Home
E001077,P00248,2025-02-08 02:00:00,2025-02-19 04:25:00,Cardiology,40,Emergency Department,Medicare,85,11.10,0,Home
E000122,P00875,2025-02-08 15:15:00,2025-02-14 22:43:00,Neurology,28,Direct Admit,Commercial,75,6.31,0,Home
E001262,P00501,2025-02-08 19:30:00,2025-02-12 08:09:00,Telemetry,48,Direct Admit,Commercial,28,3.53,0,Expired
E001941,P00500,2025-02-08 21:15:00,2025-02-13 09:13:00,Neurology,28,Transfer,Medicare,55,4.50,0,Home
E001762,P00312,2025-02-08 22:30:00,2025-02-11 14:05:00,Med/Surg,72,Emergency Department,Commercial,46,2.65,0,Home
E001444,P00066,2025-02-09 02:00:00,2025-02-11 22:54:00,Telemetry,48,Emergency Department,Commercial,92,2.87,0,Home
E000362,P00544,2025-02-09 08:00:00,2025-02-12 20:15:00,Telemetry,48,Scheduled Procedure,Commercial,53,3.51,0,Home
E001266,P00004,2025-02-09 11:45:00,2025-02-15 16:22:00,ICU,24,Transfer,Medicaid,42,6.19,0,Home
E000320,P00140,2025-02-09 17:45:00,2025-02-12 19:11:00,Med/Surg,72,Emergency Department,Commercial,55,3.06,1,Rehab
E001277,P00856,2025-02-09 18:45:00,2025-02-19 00:15:00,Med/Surg,72,Scheduled Procedure,Medicare,26,9.23,0,Home
E001007,P00511,2025-02-09 21:15:00,2025-02-12 22:24:00,Med/Surg,72,Emergency Department,Self Pay,48,3.05,0,Rehab
E000439,P00953,2025-02-10 11:45:00,2025-02-15 08:50:00,ICU,24,Transfer,Commercial,43,4.88,0,Home
E001430,P00307,2025-02-10 13:30:00,2025-02-16 01:08:00,Telemetry,48,Emergency Department,Medicare,29,5.48,0,Home
E001991,P00618,2025-02-10 16:15:00,2025-02-14 01:24:00,Orthopedics,36,Emergency Department,Self Pay,76,3.38,0,Home
E001567,P01239,2025-02-10 20:45:00,2025-02-13 18:22:00,Med/Surg,72,Emergency Department,Medicare,35,2.90,0,Skilled Nursing Facility
E000420,P00036,2025-02-10 23:00:00,2025-02-15 01:47:00,Med/Surg,72,Emergency Department,Commercial,62,4.12,0,Home
E000897,P00750,2025-02-11 03:15:00,2025-02-14 03:54:00,Orthopedics,36,Emergency Department,Commercial,24,3.03,0,Home
E001977,P00944,2025-02-11 04:30:00,2025-02-16 15:39:00,ICU,24,Emergency Department,Medicare,62,5.47,0,Skilled Nursing Facility
E002134,P00182,2025-02-11 15:45:00,2025-02-15 01:18:00,Orthopedics,36,Emergency Department,Medicaid,80,3.40,0,Rehab
E001865,P00616,2025-02-11 21:30:00,2025-02-15 21:23:00,Telemetry,48,Emergency Department,Commercial,84,4.00,0,Skilled Nursing Facility
E001234,P01130,2025-02-11 21:45:00,2025-02-14 17:10:00,Cardiology,40,Direct Admit,Commercial,61,2.81,0,Home
E001891,P00656,2025-02-12 00:15:00,2025-02-15 12:35:00,Neurology,28,Emergency Department,Commercial,54,3.51,0,Expired
E001911,P01246,2025-02-12 08:30:00,2025-02-16 11:38:00,Neurology,28,Emergency Department,Medicaid,36,4.13,1,Home
E001138,P00957,2025-02-12 08:45:00,2025-02-15 22:17:00,Orthopedics,36,Emergency Department,Self Pay,92,3.56,0,Home
E001491,P00515,2025-02-12 14:00:00,2025-02-18 01:38:00,Cardiology,40,Emergency Department,Medicare,36,5.48,1,Home Health
E001774,P01261,2025-02-12 14:00:00,2025-02-16 08:19:00,Med/Surg,72,Emergency Department,Commercial,90,3.76,0,Home
E000616,P00456,2025-02-12 14:30:00,2025-02-18 15:46:00,ICU,24,Emergency Department,Medicaid,85,6.05,0,Home
E001361,P01049,2025-02-12 15:15:00,2025-02-16 17:07:00,Med/Surg,72,Transfer,Medicaid,56,4.08,0,Home
E001292,P00361,2025-02-13 02:00:00,2025-02-18 11:49:00,ICU,24,Transfer,Medicaid,35,5.41,0,Skilled Nursing Facility
E001968,P01028,2025-02-13 03:30:00,2025-02-21 14:56:00,Med/Surg,72,Emergency Department,Medicare,59,8.48,0,Home
E000025,P01007,2025-02-13 04:15:00,2025-02-22 15:43:00,Telemetry,48,Emergency Department,Self Pay,61,9.48,0,Home
E001115,P00530,2025-02-13 11:00:00,2025-02-16 05:34:00,Telemetry,48,Emergency Department,Self Pay,84,2.77,0,Home
E001678,P01210,2025-02-13 19:00:00,2025-02-16 23:13:00,Orthopedics,36,Emergency Department,Commercial,50,3.18,0,Home
E001363,P00223,2025-02-14 06:45:00,2025-02-19 22:42:00,Med/Surg,72,Scheduled Procedure,Self Pay,24,5.66,0,Home
E000599,P00215,2025-02-14 10:30:00,2025-02-22 11:47:00,ICU,24,Direct Admit,Medicare,34,8.05,0,Home
E002006,P00040,2025-02-14 17:00:00,2025-02-18 22:48:00,Med/Surg,72,Emergency Department,Commercial,74,4.24,0,Home
E002107,P00803,2025-02-15 06:45:00,2025-02-21 20:04:00,ICU,24,Emergency Department,Commercial,21,6.55,0,Home
E001573,P01293,2025-02-15 12:00:00,2025-02-19 17:39:00,ICU,24,Direct Admit,Medicaid,73,4.24,0,Home
E001489,P00717,2025-02-15 14:30:00,2025-02-23 16:07:00,Cardiology,40,Emergency Department,Self Pay,80,8.07,1,Home
E000816,P01152,2025-02-15 19:15:00,2025-02-19 09:26:00,Med/Surg,72,Scheduled Procedure,Medicare,73,3.59,0,Home
E002101,P00474,2025-02-15 22:00:00,2025-02-20 01:36:00,Telemetry,48,Emergency Department,Medicaid,30,4.15,0,Skilled Nursing Facility
E001745,P00343,2025-02-16 00:45:00,2025-02-21 10:42:00,Neurology,28,Emergency Department,Medicaid,36,5.41,0,Home
E000630,P00197,2025-02-16 02:45:00,2025-02-19 15:18:00,Telemetry,48,Direct Admit,Commercial,85,3.52,0,Home Health
E001577,P00834,2025-02-16 07:15:00,2025-02-19 19:06:00,Orthopedics,36,Emergency Department,Medicaid,18,3.49,0,Home
E000766,P00108,2025-02-16 08:00:00,2025-02-20 10:58:00,Med/Surg,72,Transfer,Medicare,18,4.12,0,Home
E000925,P00093,2025-02-16 10:00:00,2025-02-21 00:44:00,Neurology,28,Emergency Department,Commercial,50,4.61,0,Home Health
E001924,P00171,2025-02-16 11:45:00,2025-02-20 09:01:00,Cardiology,40,Emergency Department,Commercial,51,3.89,0,Home Health
E000008,P00366,2025-02-16 16:30:00,2025-02-21 11:01:00,Telemetry,48,Transfer,Medicare,57,4.77,0,Home Health
E001242,P00109,2025-02-16 18:15:00,2025-02-20 05:16:00,Med/Surg,72,Emergency Department,Medicaid,20,3.46,0,Home
E000809,P00193,2025-02-17 03:00:00,2025-02-22 09:25:00,Med/Surg,72,Direct Admit,Medicare,77,5.27,0,Home
E001784,P00250,2025-02-17 03:45:00,2025-02-24 07:45:00,ICU,24,Emergency Department,Medicaid,66,7.17,0,Skilled Nursing Facility
E000311,P00428,2025-02-17 07:30:00,2025-02-20 12:17:00,Neurology,28,Direct Admit,Self Pay,69,3.20,0,Home
E001429,P01247,2025-02-17 17:00:00,2025-02-20 05:06:00,Cardiology,40,Emergency Department,Self Pay,57,2.50,0,Home
E001320,P01019,2025-02-17 17:30:00,2025-02-19 22:54:00,Orthopedics,36,Transfer,Medicaid,84,2.23,1,Home
E001575,P01230,2025-02-17 17:45:00,2025-02-20 06:25:00,Med/Surg,72,Direct Admit,Commercial,86,2.53,0,Home
E000023,P00982,2025-02-17 18:30:00,2025-02-22 19:29:00,Telemetry,48,Direct Admit,Commercial,64,5.04,0,Home
E000056,P00308,2025-02-17 18:45:00,2025-02-22 10:16:00,Med/Surg,72,Scheduled Procedure,Self Pay,60,4.65,0,Expired
E000486,P00183,2025-02-18 01:15:00,2025-02-24 01:40:00,Neurology,28,Transfer,Medicaid,55,6.02,0,Home
E000091,P00961,2025-02-18 01:30:00,2025-02-21 14:18:00,Med/Surg,72,Emergency Department,Medicaid,70,3.53,0,Home
E001893,P01117,2025-02-18 08:00:00,2025-02-21 22:02:00,Telemetry,48,Direct Admit,Self Pay,59,3.59,0,Home
E000970,P01083,2025-02-18 09:30:00,2025-03-02 01:31:00,Neurology,28,Emergency Department,Self Pay,43,11.67,0,Home
E001599,P00798,2025-02-18 13:00:00,2025-02-22 10:36:00,Telemetry,48,Transfer,Commercial,32,3.90,0,Expired
E000752,P00422,2025-02-18 15:45:00,2025-02-23 18:32:00,ICU,24,Direct Admit,Commercial,85,5.12,0,Rehab
E000428,P00981,2025-02-19 01:45:00,2025-02-24 12:11:00,Med/Surg,72,Emergency Department,Medicare,47,5.43,0,Home
E001892,P00205,2025-02-19 04:00:00,2025-02-22 02:16:00,Neurology,28,Transfer,Commercial,56,2.93,0,Home
E001862,P00871,2025-02-19 04:30:00,2025-02-23 10:10:00,Med/Surg,72,Transfer,Medicaid,75,4.24,0,Home
E000629,P00790,2025-02-19 08:00:00,2025-02-24 11:33:00,Telemetry,48,Direct Admit,Medicaid,85,5.15,0,Home Health
E001039,P01023,2025-02-19 13:45:00,2025-02-23 22:17:00,Cardiology,40,Scheduled Procedure,Medicaid,40,4.36,0,Home Health
E000267,P00605,2025-02-19 18:15:00,2025-02-23 02:15:00,Telemetry,48,Scheduled Procedure,Self Pay,81,3.33,0,Expired
E000107,P00251,2025-02-19 19:30:00,2025-02-24 12:56:00,Med/Surg,72,Emergency Department,Commercial,49,4.73,0,Home
E000530,P00742,2025-02-20 06:15:00,2025-02-24 11:17:00,Telemetry,48,Emergency Department,Medicare,42,4.21,0,Home
E000121,P00238,2025-02-20 07:15:00,2025-02-27 16:48:00,ICU,24,Emergency Department,Commercial,65,7.40,0,Home
E001210,P00219,2025-02-20 08:30:00,2025-03-05 06:49:00,Telemetry,48,Scheduled Procedure,Commercial,78,12.93,0,Home
E000557,P00264,2025-02-20 12:30:00,2025-02-23 15:45:00,Med/Surg,72,Transfer,Commercial,44,3.14,0,Home Health
E001619,P00133,2025-02-20 21:45:00,2025-02-25 07:23:00,ICU,24,Transfer,Self Pay,34,4.40,0,Skilled Nursing Facility
E001691,P00060,2025-02-20 23:00:00,2025-02-24 21:24:00,Telemetry,48,Scheduled Procedure,Medicare,68,3.93,0,Home
E000480,P00910,2025-02-21 05:30:00,2025-02-25 20:22:00,Neurology,28,Emergency Department,Self Pay,71,4.62,0,Expired
E000682,P00740,2025-02-21 05:45:00,2025-02-25 23:57:00,Med/Surg,72,Direct Admit,Commercial,82,4.76,0,Expired
E001265,P00901,2025-02-21 08:00:00,2025-02-27 03:22:00,ICU,24,Emergency Department,Commercial,60,5.81,0,Home Health
E000706,P01024,2025-02-21 09:15:00,2025-02-26 10:41:00,ICU,24,Emergency Department,Medicare,85,5.06,0,Home
E001010,P01124,2025-02-21 09:45:00,2025-02-25 13:26:00,Cardiology,40,Direct Admit,Medicare,60,4.15,0,Home Health
E001641,P00828,2025-02-21 10:30:00,2025-02-26 06:28:00,Cardiology,40,Scheduled Procedure,Self Pay,45,4.83,0,Home
E000058,P00564,2025-02-21 10:45:00,2025-02-25 02:35:00,Med/Surg,72,Emergency Department,Self Pay,73,3.66,0,Home
E000250,P00001,2025-02-21 20:15:00,2025-02-25 13:38:00,Orthopedics,36,Transfer,Self Pay,39,3.72,0,Home
E000660,P00298,2025-02-21 21:00:00,2025-02-28 04:30:00,Neurology,28,Emergency Department,Medicaid,23,6.31,1,Home
E002160,P00815,2025-02-22 01:45:00,2025-02-27 18:45:00,Cardiology,40,Emergency Department,Commercial,66,5.71,0,Home
E000531,P00050,2025-02-22 05:15:00,2025-02-25 03:10:00,Orthopedics,36,Emergency Department,Commercial,45,2.91,0,Home
E001854,P00174,2025-02-22 07:45:00,2025-02-25 12:54:00,Cardiology,40,Emergency Department,Commercial,31,3.21,0,Home
E001653,P00410,2025-02-22 11:45:00,2025-02-27 00:12:00,Orthopedics,36,Emergency Department,Medicaid,27,4.52,0,Rehab
E001411,P00517,2025-02-22 13:15:00,2025-02-26 13:42:00,Telemetry,48,Emergency Department,Commercial,84,4.02,0,Home Health
E000296,P01194,2025-02-22 14:30:00,2025-02-26 16:11:00,Neurology,28,Emergency Department,Self Pay,36,4.07,0,Home
E000125,P00246,2025-02-22 17:30:00,2025-02-26 05:13:00,Orthopedics,36,Emergency Department,Self Pay,87,3.49,0,Rehab
E000359,P00724,2025-02-22 18:15:00,2025-03-01 08:45:00,Med/Surg,72,Emergency Department,Medicaid,41,6.60,0,Home
E000878,P00206,2025-02-22 19:00:00,2025-02-25 10:57:00,Cardiology,40,Emergency Department,Medicare,33,2.67,0,Skilled Nursing Facility
E001831,P00639,2025-02-22 20:45:00,2025-02-26 23:23:00,Telemetry,48,Transfer,Self Pay,30,4.11,0,Home
E000256,P00233,2025-02-22 21:30:00,2025-02-25 23:15:00,Neurology,28,Scheduled Procedure,Medicaid,23,3.07,0,Expired
E000632,P01010,2025-02-22 22:30:00,2025-02-27 11:32:00,Telemetry,48,Emergency Department,Medicaid,61,4.54,0,Home
E001932,P01033,2025-02-23 05:00:00,2025-02-26 14:19:00,Orthopedics,36,Direct Admit,Medicare,82,3.39,0,Rehab
E001304,P00419,2025-02-23 07:00:00,2025-02-27 21:31:00,Cardiology,40,Transfer,Medicaid,71,4.61,0,Home
E000314,P00483,2025-02-23 14:30:00,2025-02-27 07:05:00,Telemetry,48,Emergency Department,Medicare,66,3.69,0,Home
E001364,P00785,2025-02-23 18:00:00,2025-02-26 15:14:00,Telemetry,48,Transfer,Medicaid,47,2.88,0,Home
E001760,P00231,2025-02-24 02:00:00,2025-02-28 18:20:00,Med/Surg,72,Emergency Department,Self Pay,36,4.68,0,Skilled Nursing Facility
E000131,P00356,2025-02-24 02:45:00,2025-02-26 13:50:00,Med/Surg,72,Emergency Department,Commercial,68,2.46,0,Home
E000563,P01068,2025-02-24 09:15:00,2025-02-26 10:52:00,Telemetry,48,Transfer,Commercial,53,2.07,0,Home Health
E000066,P01190,2025-02-24 13:00:00,2025-02-27 15:43:00,Cardiology,40,Direct Admit,Medicare,90,3.11,0,Home
E001018,P00832,2025-02-24 14:45:00,2025-02-28 14:44:00,Telemetry,48,Emergency Department,Medicaid,55,4.00,1,Home
E000425,P00668,2025-02-24 15:30:00,2025-03-01 06:59:00,Med/Surg,72,Direct Admit,Commercial,62,4.65,0,Skilled Nursing Facility
E001382,P00968,2025-02-24 16:30:00,2025-02-27 17:53:00,Med/Surg,72,Emergency Department,Medicare,79,3.06,0,Home
E000850,P00551,2025-02-24 20:45:00,2025-03-06 07:50:00,ICU,24,Emergency Department,Medicaid,65,9.46,0,Home
E000206,P00266,2025-02-24 21:00:00,2025-02-28 10:23:00,Orthopedics,36,Emergency Department,Self Pay,19,3.56,0,Home
E000401,P01018,2025-02-24 21:00:00,2025-03-02 03:40:00,Med/Surg,72,Emergency Department,Medicaid,31,5.28,0,Rehab
E000586,P00632,2025-02-24 22:15:00,2025-03-02 00:15:00,Med/Surg,72,Emergency Department,Commercial,80,5.08,0,Home
E001228,P00458,2025-02-25 01:30:00,2025-03-02 05:23:00,Neurology,28,Transfer,Commercial,49,5.16,0,Rehab
E002157,P00773,2025-02-25 01:30:00,2025-02-26 14:30:00,Orthopedics,36,Emergency Department,Medicare,75,1.54,0,Rehab
E000545,P00645,2025-02-25 05:00:00,2025-02-28 14:45:00,Med/Surg,72,Direct Admit,Medicare,72,3.41,0,Home
E001657,P01035,2025-02-25 09:30:00,2025-03-02 11:50:00,Med/Surg,72,Emergency Department,Commercial,26,5.10,0,Home
E000406,P00030,2025-02-25 15:30:00,2025-02-28 17:41:00,Orthopedics,36,Emergency Department,Self Pay,19,3.09,0,Home Health
E000825,P01055,2025-02-25 23:00:00,2025-03-03 02:32:00,Med/Surg,72,Emergency Department,Medicare,20,5.15,0,Home
E001418,P00185,2025-02-25 23:15:00,2025-03-02 18:48:00,Med/Surg,72,Transfer,Medicaid,40,4.81,0,Home
E001869,P00550,2025-02-26 02:30:00,2025-03-02 20:25:00,Med/Surg,72,Emergency Department,Medicaid,49,4.75,0,Home
E000811,P00197,2025-02-26 03:45:00,2025-03-04 05:51:00,ICU,24,Emergency Department,Commercial,72,6.09,1,Home
E000209,P00575,2025-02-26 06:15:00,2025-03-02 18:32:00,Telemetry,48,Emergency Department,Self Pay,33,4.51,0,Skilled Nursing Facility
E001243,P00133,2025-02-26 10:15:00,2025-02-28 17:23:00,Orthopedics,36,Emergency Department,Self Pay,27,2.30,0,Expired
E001711,P00365,2025-02-26 11:45:00,2025-03-01 15:26:00,Telemetry,48,Emergency Department,Medicaid,48,3.15,0,Home
E002186,P01131,2025-02-26 12:30:00,2025-03-02 16:47:00,Orthopedics,36,Transfer,Self Pay,79,4.18,0,Home
E000647,P00284,2025-02-26 14:45:00,2025-03-01 16:50:00,Med/Surg,72,Transfer,Commercial,44,3.09,0,Home
E001323,P00397,2025-02-26 17:30:00,2025-03-10 05:15:00,Med/Surg,72,Scheduled Procedure,Medicare,34,11.49,0,Skilled Nursing Facility
E000100,P01022,2025-02-26 20:15:00,2025-03-01 14:52:00,Telemetry,48,Emergency Department,Medicare,42,2.78,0,Home
E002062,P00119,2025-02-27 00:45:00,2025-03-05 02:20:00,Cardiology,40,Emergency Department,Medicaid,38,6.07,0,Home
E001109,P00497,2025-02-27 02:15:00,2025-03-03 11:02:00,Orthopedics,36,Emergency Department,Self Pay,76,4.37,0,Rehab
E001727,P00566,2025-02-27 15:30:00,2025-03-07 00:45:00,ICU,24,Emergency Department,Commercial,92,7.39,0,Expired
E000539,P01275,2025-02-27 18:30:00,2025-03-02 18:06:00,Orthopedics,36,Direct Admit,Medicaid,80,2.98,0,Skilled Nursing Facility
E002197,P00790,2025-02-28 05:15:00,2025-03-04 21:07:00,Med/Surg,72,Scheduled Procedure,Self Pay,41,4.66,0,Home
E000914,P00286,2025-02-28 06:15:00,2025-03-05 18:37:00,ICU,24,Scheduled Procedure,Medicaid,70,5.52,0,Home
E000627,P01228,2025-02-28 08:15:00,2025-03-02 21:10:00,Telemetry,48,Emergency Department,Commercial,53,2.54,0,Home
E000192,P00084,2025-02-28 19:00:00,2025-03-03 05:44:00,Orthopedics,36,Emergency Department,Self Pay,44,2.45,0,Expired
E001306,P01220,2025-02-28 21:30:00,2025-03-04 20:51:00,Telemetry,48,Direct Admit,Self Pay,87,3.97,0,Home
E002060,P00881,2025-03-01 00:30:00,2025-03-13 12:31:00,Neurology,28,Emergency Department,Self Pay,32,12.50,0,Home Health
E002113,P00837,2025-03-01 01:30:00,2025-03-09 08:57:00,Orthopedics,36,Emergency Department,Commercial,58,8.31,0,Home
E000416,P01081,2025-03-01 04:15:00,2025-03-04 02:01:00,Med/Surg,72,Emergency Department,Medicare,32,2.91,0,Rehab
E001885,P00959,2025-03-01 04:45:00,2025-03-04 20:25:00,Telemetry,48,Emergency Department,Self Pay,26,3.65,1,Home
E001215,P00866,2025-03-01 11:30:00,2025-03-10 23:49:00,ICU,24,Emergency Department,Medicaid,80,9.51,0,Home
E002124,P00362,2025-03-01 11:30:00,2025-03-04 10:31:00,Med/Surg,72,Emergency Department,Self Pay,44,2.96,0,Skilled Nursing Facility
E001905,P00547,2025-03-01 13:15:00,2025-03-04 22:14:00,Telemetry,48,Scheduled Procedure,Self Pay,78,3.37,0,Home Health
E002108,P00746,2025-03-01 16:30:00,2025-03-04 07:19:00,Cardiology,40,Transfer,Commercial,85,2.62,0,Home
E000239,P01008,2025-03-01 17:15:00,2025-03-04 11:21:00,Cardiology,40,Emergency Department,Medicare,85,2.75,0,Home
E001667,P00660,2025-03-01 17:45:00,2025-03-06 19:18:00,Med/Surg,72,Transfer,Medicare,78,5.06,0,Home
E001335,P01153,2025-03-01 20:30:00,2025-03-12 09:38:00,Med/Surg,72,Scheduled Procedure,Commercial,90,10.55,0,Home
E000189,P01287,2025-03-02 00:30:00,2025-03-05 05:40:00,Orthopedics,36,Emergency Department,Medicare,92,3.22,0,Home Health
E001527,P01050,2025-03-02 00:45:00,2025-03-03 15:36:00,Orthopedics,36,Emergency Department,Medicare,64,1.62,0,Expired
E001730,P00319,2025-03-02 06:45:00,2025-03-05 06:31:00,Med/Surg,72,Direct Admit,Medicare,18,2.99,0,Home
E001341,P00804,2025-03-02 12:15:00,2025-03-07 03:15:00,Telemetry,48,Transfer,Self Pay,40,4.63,0,Rehab
E001729,P00794,2025-03-02 14:45:00,2025-03-05 09:36:00,Med/Surg,72,Emergency Department,Medicare,65,2.79,0,Home
E002037,P00238,2025-03-02 18:00:00,2025-03-09 00:28:00,ICU,24,Transfer,Commercial,20,6.27,0,Expired
E002043,P01205,2025-03-03 00:15:00,2025-03-07 06:12:00,Orthopedics,36,Transfer,Commercial,63,4.25,0,Skilled Nursing Facility
E001239,P00867,2025-03-03 00:45:00,2025-03-05 13:38:00,Med/Surg,72,Emergency Department,Self Pay,28,2.54,0,Home
E000431,P00639,2025-03-03 05:15:00,2025-03-05 09:05:00,Telemetry,48,Emergency Department,Medicaid,76,2.16,0,Home
E001031,P00252,2025-03-03 07:15:00,2025-03-09 07:13:00,Cardiology,40,Emergency Department,Commercial,89,6.00,0,Home
E002052,P01200,2025-03-03 09:45:00,2025-03-06 03:13:00,Orthopedics,36,Emergency Department,Commercial,87,2.73,0,Home
E000156,P00281,2025-03-03 11:15:00,2025-03-12 19:56:00,Med/Surg,72,Emergency Department,Self Pay,35,9.36,0,Home Health
E001606,P00013,2025-03-03 11:15:00,2025-03-08 03:55:00,Neurology,28,Emergency Department,Commercial,27,4.70,0,Rehab
E001622,P00559,2025-03-03 15:45:00,2025-03-10 09:09:00,ICU,24,Emergency Department,Self Pay,33,6.73,0,Home
E000591,P00270,2025-03-04 04:30:00,2025-03-08 16:33:00,Med/Surg,72,Emergency Department,Self Pay,79,4.50,0,Home
E001897,P00994,2025-03-04 07:30:00,2025-03-09 07:17:00,Cardiology,40,Emergency Department,Medicare,40,4.99,0,Home
E001457,P01045,2025-03-04 08:15:00,2025-03-08 03:22:00,Orthopedics,36,Emergency Department,Medicare,82,3.80,0,Home
E000327,P01103,2025-03-04 13:45:00,2025-03-08 05:00:00,Med/Surg,72,Emergency Department,Medicaid,59,3.64,0,Home
E000794,P00269,2025-03-04 21:45:00,2025-03-10 12:49:00,ICU,24,Emergency Department,Commercial,46,5.63,0,Expired
E000876,P00127,2025-03-05 01:45:00,2025-03-07 17:21:00,Cardiology,40,Emergency Department,Medicaid,72,2.65,0,Home
E001662,P01005,2025-03-05 07:45:00,2025-03-08 15:40:00,Neurology,28,Emergency Department,Medicare,45,3.33,0,Home
E000385,P00764,2025-03-05 10:45:00,2025-03-18 05:26:00,Med/Surg,72,Emergency Department,Self Pay,82,12.78,0,Home
E001199,P01057,2025-03-05 12:30:00,2025-03-08 22:11:00,Telemetry,48,Emergency Department,Medicaid,87,3.40,0,Skilled Nursing Facility
E001950,P00172,2025-03-05 23:00:00,2025-03-09 03:02:00,Neurology,28,Direct Admit,Medicaid,18,3.17,0,Home
E001825,P00073,2025-03-06 04:45:00,2025-03-07 22:49:00,Orthopedics,36,Emergency Department,Self Pay,59,1.75,0,Home
E001088,P00543,2025-03-06 05:45:00,2025-03-09 11:15:00,Med/Surg,72,Emergency Department,Medicaid,61,3.23,0,Home
E000795,P00286,2025-03-06 10:30:00,2025-03-10 18:04:00,Med/Surg,72,Emergency Department,Self Pay,42,4.32,0,Home
E001813,P00226,2025-03-06 22:00:00,2025-03-10 18:31:00,Cardiology,40,Direct Admit,Medicaid,51,3.86,0,Home
E000939,P00452,2025-03-07 07:45:00,2025-03-11 14:23:00,Telemetry,48,Scheduled Procedure,Commercial,49,4.28,0,Home
E001563,P00642,2025-03-07 11:00:00,2025-03-12 17:28:00,Neurology,28,Emergency Department,Medicare,35,5.27,0,Home
E002047,P01146,2025-03-07 17:30:00,2025-03-10 11:46:00,Cardiology,40,Emergency Department,Self Pay,79,2.76,0,Home
E000788,P00955,2025-03-07 21:15:00,2025-03-12 10:11:00,ICU,24,Transfer,Self Pay,22,4.54,0,Home
E001607,P00825,2025-03-08 00:30:00,2025-03-13 16:38:00,Neurology,28,Scheduled Procedure,Commercial,22,5.67,0,Home
E000967,P00986,2025-03-08 10:45:00,2025-03-12 17:16:00,Orthopedics,36,Emergency Department,Self Pay,53,4.27,0,Home
E002017,P00395,2025-03-08 10:45:00,2025-03-14 09:57:00,ICU,24,Emergency Department,Commercial,90,5.97,0,Home
E001192,P01245,2025-03-08 11:15:00,2025-03-17 12:59:00,Orthopedics,36,Transfer,Medicaid,20,9.07,0,Rehab
E000090,P01156,2025-03-08 14:00:00,2025-03-14 02:32:00,Telemetry,48,Emergency Department,Medicare,28,5.52,0,Skilled Nursing Facility
E001086,P00402,2025-03-08 23:15:00,2025-03-14 06:03:00,ICU,24,Emergency Department,Commercial,31,5.28,0,Home
E000397,P00781,2025-03-09 02:30:00,2025-03-14 12:19:00,Cardiology,40,Emergency Department,Commercial,18,5.41,0,Home
E000356,P01015,2025-03-09 13:00:00,2025-03-14 14:00:00,Telemetry,48,Emergency Department,Commercial,23,5.04,1,Home Health
E001160,P00815,2025-03-09 14:15:00,2025-03-13 23:06:00,Telemetry,48,Emergency Department,Self Pay,86,4.37,0,Home
E000604,P00242,2025-03-09 16:30:00,2025-03-12 10:32:00,Med/Surg,72,Transfer,Self Pay,19,2.75,0,Home
E001075,P00092,2025-03-09 22:00:00,2025-03-13 21:23:00,Orthopedics,36,Transfer,Medicare,47,3.97,0,Home
E001850,P01013,2025-03-10 07:00:00,2025-03-13 21:32:00,Cardiology,40,Emergency Department,Medicare,43,3.61,0,Home
E000608,P00650,2025-03-10 13:45:00,2025-03-14 11:11:00,Telemetry,48,Emergency Department,Medicaid,92,3.89,0,Home
E000115,P00484,2025-03-10 16:00:00,2025-03-14 05:51:00,Orthopedics,36,Scheduled Procedure,Self Pay,87,3.58,0,Home
E000046,P00589,2025-03-11 00:15:00,2025-03-15 18:48:00,ICU,24,Emergency Department,Commercial,78,4.77,0,Home
E000120,P00514,2025-03-11 06:30:00,2025-03-16 03:15:00,Neurology,28,Emergency Department,Medicare,37,4.87,0,Home
E001500,P00102,2025-03-11 10:30:00,2025-03-19 14:39:00,Med/Surg,72,Emergency Department,Self Pay,67,8.17,0,Rehab
E002154,P00711,2025-03-11 11:30:00,2025-03-13 19:01:00,Med/Surg,72,Transfer,Self Pay,48,2.31,0,Home
E001870,P00213,2025-03-11 15:30:00,2025-03-17 01:42:00,Med/Surg,72,Emergency Department,Self Pay,47,5.43,0,Home
E000833,P01273,2025-03-11 15:45:00,2025-03-13 07:52:00,Orthopedics,36,Transfer,Medicare,87,1.67,0,Home
E000544,P00368,2025-03-11 18:30:00,2025-03-15 03:40:00,Med/Surg,72,Emergency Department,Self Pay,31,3.38,0,Expired
E000871,P01159,2025-03-11 22:00:00,2025-03-16 03:53:00,Telemetry,48,Scheduled Procedure,Medicaid,47,4.25,0,Home
E000800,P01193,2025-03-12 01:00:00,2025-03-15 20:04:00,Cardiology,40,Emergency Department,Medicaid,71,3.79,0,Home
E000514,P00286,2025-03-12 01:30:00,2025-03-14 23:14:00,Cardiology,40,Emergency Department,Self Pay,86,2.91,0,Skilled Nursing Facility
E000176,P00699,2025-03-12 11:15:00,2025-03-16 00:08:00,Telemetry,48,Emergency Department,Commercial,23,3.54,0,Home
E001947,P00799,2025-03-12 19:45:00,2025-03-17 03:43:00,Cardiology,40,Emergency Department,Commercial,82,4.33,0,Expired
E001783,P00039,2025-03-13 00:30:00,2025-03-16 04:27:00,Med/Surg,72,Emergency Department,Medicaid,71,3.17,0,Home
E000292,P00626,2025-03-13 04:15:00,2025-03-16 15:44:00,Med/Surg,72,Emergency Department,Medicaid,30,3.48,0,Rehab
E001837,P00831,2025-03-13 05:00:00,2025-03-18 01:03:00,Med/Surg,72,Direct Admit,Commercial,79,4.84,0,Home
E001584,P00324,2025-03-13 09:15:00,2025-03-18 03:44:00,Med/Surg,72,Transfer,Medicaid,26,4.77,0,Home
E001043,P00013,2025-03-13 09:45:00,2025-03-16 06:26:00,Telemetry,48,Scheduled Procedure,Medicare,87,2.86,0,Home
E001707,P00031,2025-03-13 11:45:00,2025-03-16 02:45:00,Telemetry,48,Scheduled Procedure,Commercial,46,2.63,0,Home
E000669,P00789,2025-03-13 13:30:00,2025-03-17 17:32:00,Med/Surg,72,Emergency Department,Self Pay,54,4.17,0,Home
E001331,P00269,2025-03-13 16:45:00,2025-03-16 10:30:00,Med/Surg,72,Emergency Department,Commercial,54,2.74,1,Home
E001405,P00332,2025-03-13 20:00:00,2025-03-16 12:09:00,Med/Surg,72,Transfer,Self Pay,79,2.67,0,Home
E000163,P00022,2025-03-13 22:15:00,2025-03-18 18:13:00,Telemetry,48,Transfer,Medicaid,44,4.83,0,Home
E002089,P00264,2025-03-14 00:45:00,2025-03-18 13:31:00,Med/Surg,72,Scheduled Procedure,Medicaid,62,4.53,1,Rehab
E001227,P01196,2025-03-14 13:30:00,2025-03-18 20:40:00,Orthopedics,36,Scheduled Procedure,Self Pay,35,4.30,0,Home
E000468,P01255,2025-03-14 17:45:00,2025-03-18 07:52:00,Orthopedics,36,Emergency Department,Commercial,63,3.59,0,Home
E000945,P00140,2025-03-14 17:45:00,2025-03-18 12:24:00,Neurology,28,Emergency Department,Medicaid,50,3.78,0,Home
E000173,P01199,2025-03-14 19:30:00,2025-03-18 03:31:00,Neurology,28,Emergency Department,Medicaid,73,3.33,0,Rehab
E002055,P00198,2025-03-14 20:00:00,2025-03-18 19:33:00,Orthopedics,36,Direct Admit,Self Pay,90,3.98,0,Home Health
E002000,P00011,2025-03-15 02:00:00,2025-03-16 20:21:00,Orthopedics,36,Emergency Department,Medicare,34,1.76,0,Home
E001800,P01240,2025-03-15 03:00:00,2025-03-18 12:42:00,Neurology,28,Emergency Department,Medicaid,39,3.40,0,Home
E001994,P00930,2025-03-15 06:45:00,2025-03-17 23:11:00,Telemetry,48,Emergency Department,Medicaid,33,2.69,0,Skilled Nursing Facility
E000546,P00621,2025-03-15 11:00:00,2025-03-19 11:17:00,Cardiology,40,Scheduled Procedure,Commercial,47,4.01,0,Expired
E001568,P00504,2025-03-15 13:00:00,2025-03-20 07:48:00,Telemetry,48,Direct Admit,Commercial,62,4.78,0,Home
E000183,P00590,2025-03-15 13:15:00,2025-03-18 04:18:00,Med/Surg,72,Transfer,Medicare,75,2.63,0,Home
E001336,P01219,2025-03-15 20:00:00,2025-03-21 08:55:00,Med/Surg,72,Emergency Department,Commercial,79,5.54,0,Home
E001285,P00660,2025-03-15 23:30:00,2025-03-21 00:59:00,Med/Surg,72,Emergency Department,Self Pay,52,5.06,0,Home
E002074,P00611,2025-03-16 03:15:00,2025-03-21 17:27:00,Orthopedics,36,Emergency Department,Commercial,54,5.59,0,Home
E000782,P00408,2025-03-16 05:00:00,2025-03-21 15:41:00,Cardiology,40,Transfer,Medicare,79,5.45,0,Home Health
E000937,P00315,2025-03-16 05:30:00,2025-03-20 00:16:00,Orthopedics,36,Scheduled Procedure,Self Pay,73,3.78,0,Home
E001078,P00673,2025-03-16 06:30:00,2025-03-19 14:49:00,Cardiology,40,Emergency Department,Self Pay,43,3.35,0,Home
E001108,P00875,2025-03-16 11:45:00,2025-03-19 13:17:00,Orthopedics,36,Transfer,Medicare,55,3.06,1,Home Health
E001812,P00061,2025-03-16 12:30:00,2025-03-20 11:04:00,Telemetry,48,Scheduled Procedure,Self Pay,52,3.94,0,Home
E001271,P01092,2025-03-16 19:45:00,2025-03-21 03:08:00,ICU,24,Direct Admit,Medicare,27,4.31,0,Home
E000148,P00087,2025-03-16 20:45:00,2025-03-18 20:49:00,Telemetry,48,Emergency Department,Self Pay,24,2.00,0,Skilled Nursing Facility
E002028,P00146,2025-03-16 20:45:00,2025-03-20 19:51:00,Med/Surg,72,Direct Admit,Medicaid,44,3.96,0,Home Health
E001855,P01050,2025-03-16 22:30:00,2025-03-22 16:29:00,ICU,24,Emergency Department,Medicaid,91,5.75,1,Skilled Nursing Facility
E001990,P00881,2025-03-17 03:45:00,2025-03-21 12:09:00,Cardiology,40,Emergency Department,Medicaid,87,4.35,0,Skilled Nursing Facility
E000432,P00098,2025-03-17 11:15:00,2025-03-22 23:01:00,Med/Surg,72,Direct Admit,Medicare,64,5.49,0,Home Health
E000451,P00152,2025-03-17 13:30:00,2025-03-22 01:45:00,Telemetry,48,Direct Admit,Medicare,66,4.51,0,Rehab
E001596,P01245,2025-03-17 15:15:00,2025-03-21 21:16:00,Neurology,28,Transfer,Medicare,65,4.25,1,Home
E000836,P01203,2025-03-17 16:30:00,2025-03-20 08:42:00,Telemetry,48,Emergency Department,Self Pay,39,2.68,0,Home
E001333,P00699,2025-03-18 02:15:00,2025-03-23 06:05:00,Neurology,28,Emergency Department,Medicaid,86,5.16,0,Home
E000154,P00862,2025-03-18 02:30:00,2025-03-21 06:41:00,Cardiology,40,Emergency Department,Self Pay,18,3.17,0,Rehab
E000467,P00407,2025-03-18 03:45:00,2025-03-20 15:54:00,Telemetry,48,Emergency Department,Medicare,57,2.51,0,Home
E001612,P00701,2025-03-18 06:15:00,2025-03-24 00:34:00,Med/Surg,72,Emergency Department,Commercial,42,5.76,0,Home
E000330,P00553,2025-03-18 14:00:00,2025-03-21 06:57:00,Telemetry,48,Emergency Department,Medicaid,87,2.71,0,Home
E001403,P01087,2025-03-18 16:45:00,2025-03-23 16:35:00,Med/Surg,72,Transfer,Medicare,63,4.99,0,Home
E001225,P00442,2025-03-18 17:00:00,2025-03-23 10:29:00,Med/Surg,72,Direct Admit,Commercial,84,4.73,0,Home
E001564,P00106,2025-03-18 17:45:00,2025-03-22 21:57:00,Med/Surg,72,Scheduled Procedure,Medicaid,47,4.18,0,Home
E001393,P00245,2025-03-19 01:30:00,2025-03-21 23:00:00,Orthopedics,36,Scheduled Procedure,Self Pay,32,2.90,0,Rehab
E001486,P00186,2025-03-19 04:00:00,2025-03-23 09:42:00,Telemetry,48,Emergency Department,Medicare,26,4.24,0,Home
E000004,P00554,2025-03-19 05:00:00,2025-03-24 04:23:00,Telemetry,48,Transfer,Self Pay,66,4.97,0,Home
E001858,P00245,2025-03-19 08:15:00,2025-04-02 14:49:00,Neurology,28,Emergency Department,Medicaid,75,14.27,0,Home
E000349,P01229,2025-03-19 12:30:00,2025-03-22 09:26:00,Med/Surg,72,Direct Admit,Medicaid,23,2.87,0,Home
E000398,P00668,2025-03-19 16:30:00,2025-03-22 11:00:00,Orthopedics,36,Direct Admit,Commercial,34,2.77,0,Home
E001369,P00173,2025-03-19 19:00:00,2025-03-22 09:07:00,Telemetry,48,Emergency Department,Self Pay,91,2.59,0,Home
E002054,P00939,2025-03-20 04:45:00,2025-03-25 08:12:00,Cardiology,40,Transfer,Medicaid,64,5.14,0,Expired
E001647,P00712,2025-03-20 21:15:00,2025-03-23 10:12:00,Telemetry,48,Direct Admit,Medicaid,18,2.54,0,Skilled Nursing Facility
E000308,P00010,2025-03-21 00:45:00,2025-03-24 06:11:00,Cardiology,40,Emergency Department,Self Pay,34,3.23,0,Home
E001975,P00569,2025-03-21 23:30:00,2025-03-24 09:50:00,Med/Surg,72,Transfer,Commercial,28,2.43,0,Home
E000971,P00711,2025-03-22 07:45:00,2025-03-31 12:29:00,ICU,24,Emergency Department,Self Pay,34,9.20,0,Home
E001840,P00732,2025-03-22 08:00:00,2025-03-25 16:13:00,Cardiology,40,Direct Admit,Self Pay,60,3.34,0,Home
E000642,P01250,2025-03-22 09:00:00,2025-03-24 13:42:00,Orthopedics,36,Direct Admit,Self Pay,24,2.20,0,Home
E001404,P00464,2025-03-22 09:00:00,2025-03-25 16:03:00,Telemetry,48,Scheduled Procedure,Medicaid,48,3.29,0,Home
E000188,P00690,2025-03-22 10:00:00,2025-03-26 23:35:00,Neurology,28,Transfer,Medicare,65,4.57,0,Skilled Nursing Facility
E001679,P00410,2025-03-23 01:45:00,2025-03-25 20:45:00,Orthopedics,36,Emergency Department,Medicare,62,2.79,1,Home
E002079,P00046,2025-03-23 06:45:00,2025-03-27 07:19:00,Telemetry,48,Transfer,Medicare,44,4.02,0,Home
E001280,P01175,2025-03-23 15:15:00,2025-03-27 02:53:00,Med/Surg,72,Emergency Department,Medicare,57,3.48,0,Home
E001170,P00799,2025-03-23 16:15:00,2025-03-27 03:40:00,Med/Surg,72,Emergency Department,Medicaid,79,3.48,0,Home
E000561,P01285,2025-03-23 17:00:00,2025-03-29 15:39:00,ICU,24,Emergency Department,Medicaid,75,5.94,0,Home Health
E001884,P00561,2025-03-23 17:45:00,2025-03-29 18:34:00,Cardiology,40,Emergency Department,Medicaid,41,6.03,0,Home
E001490,P00774,2025-03-23 22:30:00,2025-03-29 04:13:00,Telemetry,48,Transfer,Self Pay,40,5.24,0,Home Health
E001297,P01169,2025-03-23 23:00:00,2025-03-26 21:56:00,Med/Surg,72,Direct Admit,Commercial,37,2.96,0,Home
E000880,P00448,2025-03-24 00:30:00,2025-03-25 09:23:00,Orthopedics,36,Direct Admit,Commercial,20,1.37,0,Home
E000159,P00143,2025-03-24 04:00:00,2025-03-27 05:09:00,Med/Surg,72,Emergency Department,Medicaid,36,3.05,0,Home
E000846,P01200,2025-03-24 13:00:00,2025-03-28 19:40:00,Telemetry,48,Direct Admit,Commercial,47,4.28,0,Home
E001156,P01151,2025-03-25 03:00:00,2025-03-27 17:04:00,Med/Surg,72,Scheduled Procedure,Self Pay,84,2.59,0,Home
E001328,P01059,2025-03-25 03:15:00,2025-03-30 17:58:00,Med/Surg,72,Scheduled Procedure,Self Pay,36,5.61,0,Home
E001614,P00210,2025-03-25 06:15:00,2025-03-28 01:29:00,Med/Surg,72,Emergency Department,Self Pay,87,2.80,0,Home
E002180,P00955,2025-03-25 08:15:00,2025-03-28 13:04:00,Med/Surg,72,Transfer,Commercial,86,3.20,0,Home
E001888,P00859,2025-03-25 16:30:00,2025-03-29 03:54:00,Med/Surg,72,Emergency Department,Commercial,57,3.48,0,Home Health
E002011,P01078,2025-03-25 17:15:00,2025-03-30 13:27:00,Med/Surg,72,Emergency Department,Commercial,51,4.84,0,Rehab
E000286,P00631,2025-03-25 19:45:00,2025-03-28 15:47:00,Neurology,28,Transfer,Commercial,76,2.83,0,Home
E000621,P00301,2025-03-26 00:00:00,2025-03-29 02:05:00,Orthopedics,36,Transfer,Commercial,48,3.09,0,Skilled Nursing Facility
E001605,P00940,2025-03-26 00:00:00,2025-03-29 20:35:00,Neurology,28,Emergency Department,Medicare,30,3.86,0,Skilled Nursing Facility
E001095,P00439,2025-03-26 00:15:00,2025-03-29 21:14:00,Telemetry,48,Emergency Department,Self Pay,81,3.87,0,Rehab
E001621,P01045,2025-03-26 01:15:00,2025-03-31 03:18:00,Med/Surg,72,Transfer,Commercial,44,5.09,1,Rehab
E000374,P00735,2025-03-26 02:30:00,2025-03-31 03:04:00,Cardiology,40,Scheduled Procedure,Medicaid,51,5.02,0,Home
E001873,P00139,2025-03-26 03:15:00,2025-03-31 05:24:00,Neurology,28,Scheduled Procedure,Medicare,85,5.09,0,Home
E000949,P01105,2025-03-26 03:45:00,2025-03-30 13:08:00,Telemetry,48,Emergency Department,Commercial,43,4.39,0,Home Health
E001515,P00728,2025-03-26 09:45:00,2025-03-28 18:20:00,Med/Surg,72,Emergency Department,Commercial,50,2.36,0,Home
E002093,P01188,2025-03-26 09:45:00,2025-03-29 04:15:00,Med/Surg,72,Scheduled Procedure,Medicare,32,2.77,0,Home
E001846,P00592,2025-03-26 10:15:00,2025-03-31 13:09:00,Telemetry,48,Scheduled Procedure,Self Pay,78,5.12,0,Home
E000269,P00988,2025-03-26 12:15:00,2025-03-31 08:26:00,Orthopedics,36,Direct Admit,Self Pay,25,4.84,0,Expired
E001377,P00702,2025-03-26 17:00:00,2025-03-28 18:49:00,Telemetry,48,Transfer,Commercial,84,2.08,0,Home
E000528,P01050,2025-03-26 21:00:00,2025-03-30 02:39:00,Telemetry,48,Emergency Department,Medicare,23,3.24,0,Expired
E001062,P01159,2025-03-27 02:45:00,2025-03-30 14:41:00,Orthopedics,36,Emergency Department,Self Pay,72,3.50,0,Home
E001083,P00759,2025-03-27 05:00:00,2025-04-01 16:21:00,Telemetry,48,Emergency Department,Commercial,62,5.47,0,Home Health
E001756,P01209,2025-03-28 03:15:00,2025-04-02 15:51:00,Telemetry,48,Direct Admit,Medicare,43,5.53,0,Skilled Nursing Facility
E000168,P00931,2025-03-28 06:15:00,2025-04-02 02:48:00,Cardiology,40,Emergency Department,Commercial,30,4.86,0,Skilled Nursing Facility
E000419,P00835,2025-03-28 06:15:00,2025-03-30 20:24:00,Cardiology,40,Transfer,Medicaid,66,2.59,0,Home
E000751,P00311,2025-03-28 12:45:00,2025-03-31 16:57:00,Cardiology,40,Transfer,Medicare,33,3.18,0,Home
E000753,P00762,2025-03-28 15:30:00,2025-04-02 13:41:00,Med/Surg,72,Scheduled Procedure,Self Pay,39,4.92,0,Home
E000068,P01105,2025-03-28 17:00:00,2025-04-08 00:37:00,ICU,24,Scheduled Procedure,Medicare,30,10.32,0,Home
E001247,P00209,2025-03-28 22:15:00,2025-04-03 12:23:00,ICU,24,Emergency Department,Medicaid,75,5.59,0,Home Health
E001049,P00630,2025-04-01 02:15:00,2025-04-07 18:56:00,Med/Surg,72,Scheduled Procedure,Self Pay,73,6.70,0,Home
E000497,P00195,2025-04-01 02:45:00,2025-04-06 13:40:00,Med/Surg,72,Emergency Department,Commercial,54,5.46,0,Home Health
E002049,P00805,2025-04-01 02:45:00,2025-04-06 00:01:00,Telemetry,48,Emergency Department,Self Pay,44,4.89,0,Home
E001528,P00387,2025-04-01 03:00:00,2025-04-03 18:56:00,Cardiology,40,Direct Admit,Medicare,22,2.66,0,Home Health
E000947,P00426,2025-04-01 03:15:00,2025-04-06 15:30:00,ICU,24,Emergency Department,Medicaid,49,5.51,0,Home
E001954,P00192,2025-04-01 03:15:00,2025-04-03 15:30:00,Orthopedics,36,Transfer,Self Pay,63,2.51,0,Home
E001466,P00867,2025-04-01 05:15:00,2025-04-06 09:59:00,Med/Surg,72,Direct Admit,Self Pay,23,5.20,1,Home
E000380,P00322,2025-04-01 05:45:00,2025-04-05 14:02:00,Med/Surg,72,Direct Admit,Self Pay,19,4.35,0,Home
E001962,P00988,2025-04-01 08:45:00,2025-04-07 06:12:00,Cardiology,40,Emergency Department,Medicaid,85,5.89,0,Home
E000484,P00439,2025-04-01 12:00:00,2025-04-04 03:56:00,Med/Surg,72,Emergency Department,Self Pay,54,2.66,0,Expired
E001724,P00944,2025-04-01 14:30:00,2025-04-06 19:52:00,Med/Surg,72,Emergency Department,Self Pay,63,5.22,0,Home
E001946,P00071,2025-04-01 15:45:00,2025-04-13 10:21:00,ICU,24,Emergency Department,Medicaid,86,11.78,0,Home
E001202,P00952,2025-04-01 16:45:00,2025-04-07 15:15:00,Cardiology,40,Emergency Department,Commercial,63,5.94,0,Home
E001387,P00590,2025-04-02 02:45:00,2025-04-07 15:51:00,Telemetry,48,Transfer,Medicare,81,5.55,0,Expired
E001024,P01137,2025-04-02 08:45:00,2025-04-05 22:18:00,Med/Surg,72,Emergency Department,Medicaid,91,3.56,0,Expired
E001776,P01229,2025-04-02 19:15:00,2025-04-09 12:22:00,ICU,24,Scheduled Procedure,Commercial,39,6.71,0,Home
E002126,P00054,2025-04-02 20:45:00,2025-04-05 10:00:00,Orthopedics,36,Transfer,Self Pay,26,2.55,0,Home
E000404,P00779,2025-04-02 23:45:00,2025-04-05 20:39:00,Neurology,28,Direct Admit,Self Pay,49,2.87,0,Home
E001771,P00794,2025-04-03 06:15:00,2025-04-07 03:26:00,Med/Surg,72,Emergency Department,Medicaid,47,3.88,1,Home
E001676,P00279,2025-04-03 08:00:00,2025-04-07 11:44:00,Orthopedics,36,Scheduled Procedure,Self Pay,23,4.16,0,Skilled Nursing Facility
E001168,P00539,2025-04-03 09:00:00,2025-04-06 02:56:00,Telemetry,48,Scheduled Procedure,Self Pay,32,2.75,0,Home
E001161,P01269,2025-04-03 11:00:00,2025-04-08 08:37:00,Cardiology,40,Emergency Department,Medicare,37,4.90,0,Home
E000393,P00965,2025-04-03 13:15:00,2025-04-07 04:30:00,Telemetry,48,Emergency Department,Commercial,50,3.64,0,Home
E001733,P00220,2025-04-03 18:15:00,2025-04-06 16:31:00,Telemetry,48,Direct Admit,Commercial,56,2.93,0,Home Health
E001121,P00249,2025-04-03 21:45:00,2025-04-09 13:38:00,Med/Surg,72,Scheduled Procedure,Commercial,24,5.66,0,Expired
E001129,P00070,2025-04-04 02:00:00,2025-04-08 02:42:00,Telemetry,48,Transfer,Medicaid,29,4.03,0,Expired
E001106,P00685,2025-04-04 04:15:00,2025-04-10 14:24:00,ICU,24,Emergency Department,Self Pay,49,6.42,0,Home
E001070,P00236,2025-04-04 04:45:00,2025-04-09 08:04:00,Telemetry,48,Direct Admit,Self Pay,54,5.14,0,Skilled Nursing Facility
E001059,P00354,2025-04-04 05:00:00,2025-04-09 15:44:00,Med/Surg,72,Emergency Department,Self Pay,77,5.45,0,Expired
E001957,P00397,2025-04-04 06:45:00,2025-04-07 17:51:00,Med/Surg,72,Emergency Department,Commercial,92,3.46,0,Home
E000941,P00351,2025-04-04 07:45:00,2025-04-07 07:20:00,Cardiology,40,Direct Admit,Commercial,87,2.98,0,Home Health
E001120,P00331,2025-04-04 09:30:00,2025-04-07 13:54:00,Telemetry,48,Emergency Department,Medicaid,81,3.18,0,Home
E001431,P00341,2025-04-04 10:45:00,2025-04-08 12:05:00,Telemetry,48,Direct Admit,Commercial,69,4.06,0,Home
E000819,P00577,2025-04-04 19:15:00,2025-04-12 04:03:00,ICU,24,Direct Admit,Commercial,86,7.37,0,Home
E001047,P00836,2025-04-05 00:45:00,2025-04-09 09:57:00,Telemetry,48,Transfer,Medicaid,23,4.38,0,Rehab
E001346,P00368,2025-04-05 08:15:00,2025-04-11 04:47:00,Med/Surg,72,Scheduled Procedure,Self Pay,57,5.86,0,Rehab
E000099,P01185,2025-04-05 08:45:00,2025-04-11 06:13:00,Cardiology,40,Transfer,Medicare,32,5.89,0,Skilled Nursing Facility
E000465,P00840,2025-04-05 10:45:00,2025-04-08 01:54:00,Cardiology,40,Emergency Department,Commercial,39,2.63,0,Home Health
E001967,P00165,2025-04-05 11:00:00,2025-04-08 20:15:00,Cardiology,40,Emergency Department,Self Pay,21,3.39,0,Home
E001739,P01092,2025-04-05 15:30:00,2025-04-11 04:54:00,Cardiology,40,Emergency Department,Commercial,60,5.56,1,Home
E000653,P00650,2025-04-05 19:45:00,2025-04-09 10:33:00,Med/Surg,72,Scheduled Procedure,Medicare,75,3.62,1,Home
E000247,P00532,2025-04-05 22:00:00,2025-04-13 01:46:00,ICU,24,Emergency Department,Commercial,52,7.16,0,Home
E001696,P00596,2025-04-06 07:15:00,2025-04-10 07:45:00,Telemetry,48,Emergency Department,Self Pay,62,4.02,0,Expired
E001029,P00186,2025-04-06 08:15:00,2025-04-08 16:53:00,Orthopedics,36,Emergency Department,Medicaid,26,2.36,0,Rehab
E001690,P01212,2025-04-06 16:15:00,2025-04-12 01:29:00,Med/Surg,72,Scheduled Procedure,Commercial,49,5.39,0,Home
E001531,P01294,2025-04-06 17:30:00,2025-04-08 02:01:00,Orthopedics,36,Emergency Department,Commercial,63,1.36,0,Home
E000767,P00727,2025-04-06 17:45:00,2025-04-11 04:28:00,Orthopedics,36,Emergency Department,Commercial,41,4.45,0,Expired
E001000,P01069,2025-04-06 19:00:00,2025-04-09 08:00:00,Orthopedics,36,Transfer,Self Pay,22,2.54,0,Home Health
E000631,P01156,2025-04-06 19:45:00,2025-04-11 13:13:00,Med/Surg,72,Emergency Department,Medicaid,44,4.73,1,Expired
E001875,P00100,2025-04-06 20:30:00,2025-04-11 01:24:00,Cardiology,40,Emergency Department,Medicaid,52,4.20,0,Skilled Nursing Facility
E000390,P00366,2025-04-07 06:30:00,2025-04-08 22:06:00,Orthopedics,36,Emergency Department,Medicaid,47,1.65,0,Home
E000665,P00721,2025-04-07 13:00:00,2025-04-18 05:03:00,Neurology,28,Emergency Department,Medicare,30,10.67,0,Home
E000039,P00696,2025-04-07 19:30:00,2025-04-10 11:02:00,Med/Surg,72,Scheduled Procedure,Self Pay,70,2.65,0,Home
E001169,P01036,2025-04-07 20:15:00,2025-04-13 01:11:00,Telemetry,48,Transfer,Self Pay,76,5.21,0,Skilled Nursing Facility
E001388,P00601,2025-04-08 13:00:00,2025-04-11 03:42:00,Telemetry,48,Emergency Department,Commercial,23,2.61,0,Home
E001713,P00275,2025-04-08 13:30:00,2025-04-10 11:04:00,Orthopedics,36,Emergency Department,Self Pay,32,1.90,0,Home
E000796,P00324,2025-04-09 01:45:00,2025-04-17 04:33:00,ICU,24,Direct Admit,Self Pay,89,8.12,0,Home
E001471,P01142,2025-04-09 03:15:00,2025-04-17 22:02:00,Med/Surg,72,Scheduled Procedure,Commercial,67,8.78,0,Home
E001073,P00898,2025-04-09 05:30:00,2025-04-11 08:24:00,Telemetry,48,Emergency Department,Medicare,36,2.12,0,Home
E000116,P00338,2025-04-09 05:45:00,2025-04-11 15:15:00,Telemetry,48,Emergency Department,Self Pay,88,2.40,0,Home
E000077,P00763,2025-04-09 10:45:00,2025-04-12 14:20:00,Med/Surg,72,Transfer,Commercial,79,3.15,0,Home
E000755,P00548,2025-04-09 10:45:00,2025-04-14 17:55:00,ICU,24,Emergency Department,Medicaid,28,5.30,0,Home
E001155,P01035,2025-04-09 11:00:00,2025-04-13 03:46:00,Med/Surg,72,Emergency Department,Medicare,59,3.70,0,Home
E001157,P00078,2025-04-09 12:00:00,2025-04-15 02:46:00,Med/Surg,72,Scheduled Procedure,Medicaid,81,5.62,0,Home Health
E001921,P01215,2025-04-09 13:00:00,2025-04-12 09:07:00,Cardiology,40,Transfer,Medicare,92,2.84,0,Home
E001796,P00169,2025-04-09 20:15:00,2025-04-13 10:40:00,Med/Surg,72,Emergency Department,Medicaid,38,3.60,0,Home
E002133,P01229,2025-04-10 00:30:00,2025-04-12 11:16:00,Telemetry,48,Direct Admit,Self Pay,52,2.45,1,Home
E001579,P00993,2025-04-10 04:00:00,2025-04-15 21:05:00,ICU,24,Emergency Department,Commercial,79,5.71,0,Home
E000426,P00406,2025-04-10 04:45:00,2025-04-12 15:07:00,Med/Surg,72,Transfer,Medicaid,85,2.43,0,Skilled Nursing Facility
E001212,P00489,2025-04-10 04:45:00,2025-04-13 10:38:00,Med/Surg,72,Transfer,Medicare,67,3.25,0,Expired
E001710,P00858,2025-04-10 06:00:00,2025-04-15 08:05:00,Med/Surg,72,Transfer,Medicare,91,5.09,0,Home
E001966,P00502,2025-04-10 11:15:00,2025-04-13 16:08:00,Neurology,28,Scheduled Procedure,Self Pay,50,3.20,0,Home Health
E000092,P00823,2025-04-11 08:15:00,2025-04-16 08:18:00,Med/Surg,72,Emergency Department,Medicaid,67,5.00,0,Home Health
E002058,P01176,2025-04-11 12:45:00,2025-04-14 20:13:00,Med/Surg,72,Scheduled Procedure,Medicaid,89,3.31,0,Home
E000529,P00786,2025-04-11 13:00:00,2025-04-15 00:44:00,Telemetry,48,Scheduled Procedure,Medicare,55,3.49,0,Home Health
E000489,P00958,2025-04-11 20:45:00,2025-04-19 05:41:00,ICU,24,Emergency Department,Medicare,28,7.37,0,Home
E000593,P00181,2025-04-12 00:00:00,2025-04-17 03:41:00,Telemetry,48,Direct Admit,Self Pay,33,5.15,0,Expired
E000686,P01151,2025-04-12 02:15:00,2025-04-16 16:00:00,Telemetry,48,Emergency Department,Medicare,72,4.57,0,Home
E001816,P00306,2025-04-12 06:30:00,2025-04-15 05:21:00,Telemetry,48,Transfer,Commercial,22,2.95,0,Skilled Nursing Facility
E001673,P00652,2025-04-12 09:45:00,2025-04-15 11:57:00,Med/Surg,72,Direct Admit,Medicaid,80,3.09,0,Expired
E001066,P00474,2025-04-12 10:45:00,2025-04-17 08:18:00,Telemetry,48,Transfer,Commercial,44,4.90,0,Rehab
E000252,P00587,2025-04-12 14:00:00,2025-04-16 01:11:00,Orthopedics,36,Direct Admit,Medicare,33,3.47,0,Skilled Nursing Facility
E000409,P00545,2025-04-12 15:45:00,2025-04-15 21:34:00,Med/Surg,72,Emergency Department,Medicaid,73,3.24,0,Home
E000518,P00651,2025-04-13 01:45:00,2025-04-17 16:08:00,ICU,24,Transfer,Commercial,35,4.60,0,Home Health
E000217,P00777,2025-04-13 03:15:00,2025-04-16 20:54:00,Med/Surg,72,Emergency Department,Commercial,56,3.74,0,Rehab
E001053,P00377,2025-04-13 04:45:00,2025-04-18 03:12:00,Med/Surg,72,Emergency Department,Commercial,21,4.94,0,Skilled Nursing Facility
E001617,P01091,2025-04-13 06:30:00,2025-04-18 08:48:00,ICU,24,Direct Admit,Medicare,56,5.10,0,Expired
E000153,P00159,2025-04-13 06:45:00,2025-04-16 12:39:00,Telemetry,48,Transfer,Self Pay,37,3.25,0,Home
E002194,P00330,2025-04-13 12:00:00,2025-04-16 12:05:00,Orthopedics,36,Transfer,Medicaid,50,3.00,0,Home
E001376,P01135,2025-04-13 12:15:00,2025-04-22 22:01:00,ICU,24,Emergency Department,Medicare,40,9.41,0,Home
E001623,P00784,2025-04-13 13:30:00,2025-04-15 23:58:00,Telemetry,48,Scheduled Procedure,Medicare,20,2.44,0,Home
E001842,P00370,2025-04-13 22:15:00,2025-04-18 03:03:00,Med/Surg,72,Direct Admit,Self Pay,26,4.20,0,Expired
E000317,P00556,2025-04-14 01:15:00,2025-04-18 17:02:00,ICU,24,Emergency Department,Self Pay,82,4.66,0,Home
E002125,P00922,2025-04-14 03:30:00,2025-04-18 10:09:00,Telemetry,48,Emergency Department,Self Pay,26,4.28,0,Home
E001426,P00059,2025-04-14 05:15:00,2025-04-17 20:36:00,Med/Surg,72,Emergency Department,Medicare,45,3.64,0,Home
E001482,P00228,2025-04-14 07:45:00,2025-04-19 02:29:00,Cardiology,40,Emergency Department,Commercial,71,4.78,0,Home
E000865,P01146,2025-04-14 10:30:00,2025-04-21 19:34:00,ICU,24,Direct Admit,Self Pay,40,7.38,0,Home
E000587,P00924,2025-04-14 15:15:00,2025-04-19 22:59:00,ICU,24,Emergency Department,Commercial,41,5.32,0,Home Health
E000086,P00350,2025-04-14 16:15:00,2025-04-19 09:49:00,Med/Surg,72,Emergency Department,Medicare,81,4.73,0,Home
E001447,P00204,2025-04-14 20:30:00,2025-04-20 20:16:00,Cardiology,40,Transfer,Medicare,39,5.99,0,Home
E001289,P01102,2025-04-14 20:45:00,2025-04-20 09:40:00,Med/Surg,72,Emergency Department,Commercial,42,5.54,0,Home
E001689,P00607,2025-04-14 21:00:00,2025-04-19 18:05:00,Cardiology,40,Emergency Department,Commercial,28,4.88,0,Home
E001308,P00718,2025-04-15 03:30:00,2025-04-18 19:24:00,Med/Surg,72,Direct Admit,Commercial,30,3.66,0,Expired
E001743,P00258,2025-04-15 04:15:00,2025-04-17 23:50:00,Orthopedics,36,Direct Admit,Medicaid,19,2.82,0,Expired
E000492,P01098,2025-04-15 06:30:00,2025-04-18 14:23:00,Med/Surg,72,Emergency Department,Self Pay,66,3.33,0,Home
E000764,P00748,2025-04-15 11:00:00,2025-04-20 14:08:00,Med/Surg,72,Transfer,Medicare,18,5.13,0,Home
E002021,P00305,2025-04-15 16:45:00,2025-04-18 10:55:00,Med/Surg,72,Emergency Department,Self Pay,31,2.76,0,Home
E000789,P00913,2025-04-15 19:15:00,2025-04-18 04:49:00,Orthopedics,36,Transfer,Medicare,43,2.40,0,Home Health
E000079,P01146,2025-04-15 20:00:00,2025-04-17 20:40:00,Orthopedics,36,Emergency Department,Commercial,58,2.03,0,Home
E000205,P00386,2025-04-15 21:15:00,2025-04-20 11:52:00,Cardiology,40,Emergency Department,Self Pay,38,4.61,0,Home
E000581,P00022,2025-04-16 04:00:00,2025-04-20 00:06:00,Med/Surg,72,Direct Admit,Commercial,40,3.84,1,Home
E000622,P00060,2025-04-16 07:30:00,2025-04-19 21:26:00,Cardiology,40,Emergency Department,Commercial,48,3.58,0,Home Health
E000965,P00482,2025-04-16 09:15:00,2025-04-18 12:23:00,Telemetry,48,Emergency Department,Medicare,50,2.13,0,Home
E000287,P00207,2025-04-16 17:45:00,2025-04-20 00:16:00,Telemetry,48,Emergency Department,Medicaid,82,3.27,0,Rehab
E000538,P00043,2025-04-16 19:15:00,2025-04-20 19:40:00,Med/Surg,72,Emergency Department,Medicaid,89,4.02,0,Expired
E001194,P00751,2025-04-16 19:45:00,2025-04-21 14:27:00,Telemetry,48,Emergency Department,Self Pay,22,4.78,0,Home
E000452,P00720,2025-04-17 08:00:00,2025-04-20 13:34:00,Telemetry,48,Transfer,Medicaid,60,3.23,0,Home
E001216,P00956,2025-04-17 10:15:00,2025-04-21 22:53:00,Neurology,28,Emergency Department,Medicare,37,4.53,0,Home
E001871,P00943,2025-04-17 10:30:00,2025-04-25 15:45:00,ICU,24,Scheduled Procedure,Self Pay,70,8.22,0,Home
E000548,P01149,2025-04-17 14:45:00,2025-04-21 17:20:00,Neurology,28,Direct Admit,Commercial,59,4.11,0,Home
E000403,P01247,2025-04-17 16:00:00,2025-04-22 10:40:00,Telemetry,48,Emergency Department,Medicaid,23,4.78,0,Home
E000998,P01081,2025-04-17 20:15:00,2025-04-24 07:44:00,ICU,24,Emergency Department,Self Pay,72,6.48,0,Expired
E001408,P00363,2025-04-17 20:15:00,2025-04-20 05:47:00,Med/Surg,72,Emergency Department,Medicare,58,2.40,0,Skilled Nursing Facility
E001055,P00176,2025-04-17 21:00:00,2025-04-27 00:06:00,ICU,24,Emergency Department,Medicaid,77,9.13,0,Home Health
E000848,P00868,2025-04-17 21:45:00,2025-04-20 00:15:00,Orthopedics,36,Scheduled Procedure,Self Pay,28,2.10,0,Skilled Nursing Facility
E001907,P00879,2025-04-17 22:15:00,2025-04-27 17:26:00,ICU,24,Emergency Department,Medicaid,66,9.80,0,Expired
E001366,P00101,2025-04-18 00:45:00,2025-04-21 23:42:00,Cardiology,40,Emergency Department,Commercial,24,3.96,0,Home
E001964,P00407,2025-04-18 05:45:00,2025-04-22 17:07:00,Med/Surg,72,Emergency Department,Self Pay,88,4.47,1,Home
E000790,P00831,2025-04-18 06:45:00,2025-04-23 17:45:00,Cardiology,40,Emergency Department,Medicaid,84,5.46,0,Home Health
E000756,P00209,2025-04-18 13:00:00,2025-04-23 16:55:00,Neurology,28,Emergency Department,Self Pay,78,5.16,0,Home Health
E000117,P00698,2025-04-18 21:45:00,2025-04-23 06:13:00,Med/Surg,72,Emergency Department,Medicaid,64,4.35,0,Home
E001232,P00020,2025-04-19 06:45:00,2025-04-24 21:55:00,Med/Surg,72,Emergency Department,Self Pay,70,5.63,0,Home
E000613,P00836,2025-04-19 14:15:00,2025-04-25 14:49:00,ICU,24,Scheduled Procedure,Medicaid,27,6.02,0,Home
E000278,P01190,2025-04-19 15:30:00,2025-05-01 10:22:00,ICU,24,Scheduled Procedure,Medicaid,63,11.79,0,Home
E001864,P00151,2025-04-19 19:15:00,2025-04-23 20:27:00,Telemetry,48,Direct Admit,Self Pay,24,4.05,0,Rehab
E000211,P00672,2025-04-19 21:30:00,2025-04-23 11:14:00,Orthopedics,36,Emergency Department,Medicare,63,3.57,0,Home
E001823,P00336,2025-04-19 21:45:00,2025-04-24 23:41:00,Telemetry,48,Emergency Department,Commercial,90,5.08,0,Home
E000689,P00800,2025-04-20 01:15:00,2025-04-30 20:14:00,Cardiology,40,Emergency Department,Medicaid,64,10.79,0,Expired
E000859,P01022,2025-04-20 02:15:00,2025-04-23 22:12:00,Med/Surg,72,Emergency Department,Commercial,89,3.83,0,Rehab
E000387,P01280,2025-04-20 02:30:00,2025-04-24 15:01:00,Med/Surg,72,Emergency Department,Medicare,18,4.52,0,Home
E000388,P00484,2025-04-20 10:30:00,2025-04-23 17:01:00,Cardiology,40,Direct Admit,Self Pay,79,3.27,0,Expired
E000013,P00678,2025-04-20 10:45:00,2025-04-25 05:21:00,ICU,24,Emergency Department,Medicaid,37,4.78,0,Home
E000045,P00241,2025-04-20 15:00:00,2025-04-25 23:55:00,Telemetry,48,Direct Admit,Medicare,58,5.37,0,Expired
E000447,P00346,2025-04-20 15:30:00,2025-04-23 00:32:00,Telemetry,48,Emergency Department,Commercial,25,2.38,0,Home
E000551,P00018,2025-04-21 11:15:00,2025-04-24 00:45:00,Telemetry,48,Emergency Department,Self Pay,18,2.56,0,Rehab
E002195,P00857,2025-04-21 19:00:00,2025-04-26 13:31:00,Med/Surg,72,Emergency Department,Medicaid,32,4.77,0,Home
E001501,P00804,2025-04-22 02:45:00,2025-04-25 03:07:00,Med/Surg,72,Emergency Department,Medicare,75,3.02,0,Home
E000340,P00334,2025-04-22 04:00:00,2025-04-26 07:16:00,Neurology,28,Emergency Department,Medicaid,82,4.14,0,Home
E001472,P00090,2025-04-22 05:15:00,2025-05-02 05:02:00,Med/Surg,72,Transfer,Commercial,82,9.99,0,Home Health
E001424,P00441,2025-04-22 08:00:00,2025-04-23 21:44:00,Orthopedics,36,Emergency Department,Medicare,89,1.57,0,Home
E001046,P00342,2025-04-22 11:45:00,2025-04-26 12:30:00,Orthopedics,36,Direct Admit,Commercial,90,4.03,0,Skilled Nursing Facility
E002035,P01037,2025-04-22 20:45:00,2025-04-27 10:37:00,Med/Surg,72,Emergency Department,Medicare,58,4.58,0,Rehab
E000064,P00432,2025-04-23 00:00:00,2025-04-28 06:39:00,Telemetry,48,Emergency Department,Medicare,89,5.28,0,Expired
E000902,P01252,2025-04-23 06:30:00,2025-04-25 19:08:00,Telemetry,48,Emergency Department,Medicaid,87,2.53,0,Home
E000067,P00830,2025-04-23 12:30:00,2025-04-26 06:01:00,Orthopedics,36,Emergency Department,Medicaid,87,2.73,0,Home
E000783,P00162,2025-04-23 17:15:00,2025-04-27 05:49:00,Med/Surg,72,Scheduled Procedure,Medicare,22,3.52,0,Home
E001435,P00895,2025-04-23 19:15:00,2025-04-28 00:04:00,Cardiology,40,Emergency Department,Medicare,82,4.20,0,Home
E000585,P01055,2025-04-23 20:30:00,2025-04-27 01:34:00,Telemetry,48,Emergency Department,Commercial,39,3.21,0,Home
E001552,P00318,2025-04-24 00:30:00,2025-05-08 11:07:00,ICU,24,Emergency Department,Commercial,71,14.44,0,Home
E000402,P00532,2025-04-24 02:30:00,2025-04-28 02:26:00,Med/Surg,72,Transfer,Medicare,85,4.00,1,Home
E001764,P00207,2025-04-24 03:45:00,2025-04-29 12:28:00,Telemetry,48,Scheduled Procedure,Medicaid,21,5.36,0,Home
E001391,P01248,2025-04-24 05:00:00,2025-04-28 07:04:00,Cardiology,40,Transfer,Medicaid,90,4.09,0,Home
E001597,P00550,2025-04-24 06:45:00,2025-04-29 01:35:00,ICU,24,Scheduled Procedure,Self Pay,65,4.79,0,Home Health
E001674,P01173,2025-04-24 07:15:00,2025-04-28 09:59:00,Cardiology,40,Emergency Department,Medicaid,19,4.11,0,Home
E001303,P00996,2025-04-24 08:45:00,2025-04-27 11:36:00,Telemetry,48,Emergency Department,Self Pay,59,3.12,0,Skilled Nursing Facility
E000744,P00282,2025-04-24 12:00:00,2025-04-28 16:52:00,Med/Surg,72,Direct Admit,Commercial,68,4.20,0,Skilled Nursing Facility
E001338,P01202,2025-04-24 12:30:00,2025-04-27 15:31:00,Telemetry,48,Scheduled Procedure,Medicare,92,3.13,0,Rehab
E000424,P00863,2025-04-24 16:30:00,2025-04-29 17:05:00,Telemetry,48,Emergency Department,Medicare,91,5.02,0,Rehab
E000140,P00361,2025-04-24 19:30:00,2025-04-30 03:25:00,Med/Surg,72,Emergency Department,Medicare,56,5.33,0,Home
E001863,P01016,2025-04-25 05:45:00,2025-04-28 22:58:00,Med/Surg,72,Emergency Department,Medicare,83,3.72,0,Rehab
E000511,P00362,2025-04-25 07:30:00,2025-04-28 23:27:00,Med/Surg,72,Emergency Department,Self Pay,55,3.67,0,Home
E000723,P00804,2025-04-25 07:45:00,2025-04-27 19:39:00,Med/Surg,72,Transfer,Commercial,66,2.50,0,Home Health
E000007,P00219,2025-04-25 13:30:00,2025-04-27 23:54:00,Orthopedics,36,Direct Admit,Commercial,45,2.43,0,Home
E000808,P00335,2025-04-25 18:15:00,2025-04-29 07:11:00,Telemetry,48,Emergency Department,Medicare,82,3.54,0,Skilled Nursing Facility
E000693,P00626,2025-04-25 23:15:00,2025-04-30 20:52:00,ICU,24,Emergency Department,Commercial,59,4.90,0,Rehab
E000288,P00464,2025-04-26 10:15:00,2025-04-29 04:11:00,Telemetry,48,Direct Admit,Self Pay,30,2.75,0,Skilled Nursing Facility
E001731,P00976,2025-04-26 10:45:00,2025-04-30 17:41:00,Med/Surg,72,Direct Admit,Medicare,79,4.29,0,Home
E000732,P00618,2025-04-26 17:45:00,2025-05-05 01:02:00,Orthopedics,36,Emergency Department,Medicare,92,8.30,0,Expired
E001195,P00757,2025-04-26 19:15:00,2025-05-09 20:30:00,Telemetry,48,Emergency Department,Self Pay,48,13.05,0,Expired
E002164,P01102,2025-04-26 20:00:00,2025-05-01 16:06:00,Cardiology,40,Scheduled Procedure,Commercial,41,4.84,0,Home
E001877,P00593,2025-04-27 05:15:00,2025-05-01 18:39:00,Med/Surg,72,Scheduled Procedure,Commercial,79,4.56,0,Home
E000537,P01117,2025-04-27 08:00:00,2025-05-02 22:37:00,ICU,24,Scheduled Procedure,Self Pay,53,5.61,0,Home
E001826,P00482,2025-04-27 10:45:00,2025-05-01 10:36:00,Med/Surg,72,Emergency Department,Self Pay,65,3.99,0,Home
E001806,P00827,2025-04-27 13:15:00,2025-05-03 08:00:00,Cardiology,40,Transfer,Medicaid,43,5.78,0,Home
E001383,P01068,2025-04-28 03:00:00,2025-05-10 08:58:00,Neurology,28,Emergency Department,Medicare,88,12.25,0,Expired
E000410,P00397,2025-04-28 03:15:00,2025-05-14 04:31:00,ICU,24,Emergency Department,Self Pay,70,16.05,0,Skilled Nursing Facility
E000031,P00313,2025-04-28 07:45:00,2025-05-01 15:00:00,Cardiology,40,Emergency Department,Commercial,87,3.30,0,Home
E000472,P00269,2025-04-28 11:30:00,2025-05-03 05:36:00,Orthopedics,36,Emergency Department,Medicare,92,4.75,0,Expired
E000270,P00405,2025-04-28 12:00:00,2025-05-01 21:26:00,Med/Surg,72,Emergency Department,Medicare,71,3.39,0,Home
E001534,P01072,2025-04-28 15:00:00,2025-05-03 17:52:00,Neurology,28,Emergency Department,Self Pay,91,5.12,0,Home
E000200,P00519,2025-04-28 19:15:00,2025-05-02 05:35:00,Orthopedics,36,Emergency Department,Self Pay,47,3.43,0,Home
E000258,P01147,2025-04-28 22:45:00,2025-05-02 05:42:00,Cardiology,40,Emergency Department,Commercial,48,3.29,0,Home
E000687,P01284,2025-05-01 00:00:00,2025-05-04 01:29:00,Med/Surg,72,Transfer,Self Pay,24,3.06,0,Home Health
E000818,P00914,2025-05-01 00:15:00,2025-05-04 17:51:00,Telemetry,48,Emergency Department,Medicare,18,3.73,0,Expired
E000367,P00570,2025-05-01 07:00:00,2025-05-06 14:19:00,Telemetry,48,Emergency Department,Commercial,41,5.31,0,Home
E000191,P00361,2025-05-01 07:30:00,2025-05-04 08:17:00,Telemetry,48,Emergency Department,Medicaid,44,3.03,1,Home
E001752,P00086,2025-05-01 07:30:00,2025-05-06 09:35:00,Med/Surg,72,Scheduled Procedure,Self Pay,27,5.09,0,Home
E000683,P00312,2025-05-01 09:00:00,2025-05-07 09:38:00,ICU,24,Emergency Department,Medicare,28,6.03,0,Expired
E001533,P00627,2025-05-01 10:45:00,2025-05-05 23:50:00,Orthopedics,36,Emergency Department,Medicare,41,4.55,0,Home
E001692,P01051,2025-05-01 11:30:00,2025-05-05 02:23:00,Telemetry,48,Scheduled Procedure,Medicare,54,3.62,0,Expired
E001516,P01003,2025-05-01 13:00:00,2025-05-06 06:56:00,Orthopedics,36,Scheduled Procedure,Medicare,65,4.75,0,Expired
E000934,P00035,2025-05-01 15:30:00,2025-05-05 22:31:00,ICU,24,Emergency Department,Medicaid,55,4.29,0,Home
E000718,P00253,2025-05-01 16:30:00,2025-05-05 18:35:00,Med/Surg,72,Transfer,Commercial,54,4.09,0,Home
E001746,P00390,2025-05-02 12:45:00,2025-05-05 11:18:00,Med/Surg,72,Scheduled Procedure,Medicaid,49,2.94,0,Home
E000433,P01068,2025-05-02 16:45:00,2025-05-08 07:55:00,ICU,24,Emergency Department,Commercial,57,5.63,0,Home
E000095,P01179,2025-05-02 20:15:00,2025-05-07 23:35:00,ICU,24,Transfer,Self Pay,21,5.14,0,Home
E000370,P01247,2025-05-02 21:00:00,2025-05-05 16:30:00,Med/Surg,72,Emergency Department,Self Pay,27,2.81,0,Home
E000289,P01227,2025-05-03 02:45:00,2025-05-12 02:41:00,ICU,24,Emergency Department,Medicaid,73,9.00,0,Home
E001749,P01002,2025-05-03 08:45:00,2025-05-07 10:24:00,Telemetry,48,Emergency Department,Self Pay,20,4.07,0,Home Health
E001484,P01204,2025-05-03 09:45:00,2025-05-07 22:53:00,Telemetry,48,Emergency Department,Medicaid,50,4.55,0,Home
E000293,P00766,2025-05-03 10:00:00,2025-05-06 18:45:00,Med/Surg,72,Emergency Department,Commercial,80,3.37,0,Home
E000787,P00638,2025-05-03 20:00:00,2025-05-08 11:08:00,Med/Surg,72,Emergency Department,Medicaid,91,4.63,0,Home
E000266,P00589,2025-05-03 22:00:00,2025-05-09 13:43:00,Med/Surg,72,Emergency Department,Commercial,76,5.66,0,Home
E000526,P00948,2025-05-03 23:45:00,2025-05-07 09:14:00,Med/Surg,72,Emergency Department,Self Pay,40,3.40,0,Home
E000976,P00659,2025-05-04 02:45:00,2025-05-09 03:56:00,Med/Surg,72,Emergency Department,Commercial,92,5.05,0,Rehab
E000763,P01062,2025-05-04 05:30:00,2025-05-05 20:46:00,Orthopedics,36,Scheduled Procedure,Medicare,55,1.64,0,Home
E000979,P00231,2025-05-04 09:45:00,2025-05-10 04:17:00,Med/Surg,72,Transfer,Commercial,83,5.77,0,Home
E000910,P00210,2025-05-04 15:30:00,2025-05-08 07:06:00,Cardiology,40,Transfer,Medicare,89,3.65,0,Home
E000181,P00431,2025-05-05 05:00:00,2025-05-10 12:23:00,Med/Surg,72,Direct Admit,Medicare,26,5.31,0,Home
E001213,P00392,2025-05-05 11:30:00,2025-05-14 01:49:00,Telemetry,48,Transfer,Commercial,35,8.60,0,Home
E000711,P00350,2025-05-05 16:45:00,2025-05-11 03:34:00,Telemetry,48,Transfer,Medicaid,19,5.45,0,Home Health
E001244,P01263,2025-05-05 16:45:00,2025-05-08 12:34:00,Med/Surg,72,Emergency Department,Self Pay,55,2.83,0,Skilled Nursing Facility
E000916,P00083,2025-05-05 20:15:00,2025-05-10 22:03:00,Telemetry,48,Scheduled Procedure,Medicaid,60,5.08,0,Home
E001521,P00721,2025-05-05 20:30:00,2025-05-09 04:14:00,Neurology,28,Emergency Department,Medicaid,87,3.32,1,Home
E000085,P00736,2025-05-05 22:00:00,2025-05-08 13:55:00,Med/Surg,72,Emergency Department,Medicaid,92,2.66,0,Home
E000869,P00172,2025-05-05 23:00:00,2025-05-08 17:06:00,Med/Surg,72,Emergency Department,Self Pay,24,2.75,0,Home
E002138,P00191,2025-05-06 00:15:00,2025-05-10 14:34:00,Orthopedics,36,Emergency Department,Self Pay,73,4.60,0,Home Health
E001218,P00689,2025-05-06 02:45:00,2025-05-09 05:59:00,Med/Surg,72,Scheduled Procedure,Medicare,88,3.14,0,Home
E000357,P00295,2025-05-06 04:00:00,2025-05-10 00:43:00,Med/Surg,72,Emergency Department,Self Pay,42,3.86,0,Home
E001318,P01253,2025-05-06 04:15:00,2025-05-11 00:25:00,Orthopedics,36,Direct Admit,Commercial,55,4.84,0,Rehab
E000798,P01198,2025-05-06 08:15:00,2025-05-09 07:40:00,Med/Surg,72,Emergency Department,Self Pay,46,2.98,0,Expired
E000694,P00273,2025-05-07 04:45:00,2025-05-11 22:50:00,Neurology,28,Emergency Department,Commercial,45,4.75,0,Skilled Nursing Facility
E000703,P00581,2025-05-07 09:30:00,2025-05-12 14:45:00,Telemetry,48,Direct Admit,Medicaid,60,5.22,0,Home
E000688,P01108,2025-05-07 16:45:00,2025-05-14 21:29:00,ICU,24,Emergency Department,Medicaid,30,7.20,0,Home Health
E001524,P00808,2025-05-07 20:15:00,2025-05-10 06:40:00,Telemetry,48,Emergency Department,Medicare,44,2.43,0,Home
E002119,P01289,2025-05-07 22:30:00,2025-05-11 10:22:00,Orthopedics,36,Emergency Department,Medicare,40,3.49,0,Home
E001675,P00381,2025-05-08 00:30:00,2025-05-13 02:12:00,Med/Surg,72,Emergency Department,Self Pay,49,5.07,0,Home
E000440,P00091,2025-05-08 00:45:00,2025-05-15 08:30:00,Telemetry,48,Emergency Department,Commercial,40,7.32,0,Home
E000713,P01083,2025-05-08 06:00:00,2025-05-14 03:32:00,Med/Surg,72,Transfer,Commercial,22,5.90,0,Home
E000155,P00396,2025-05-08 07:15:00,2025-05-11 23:09:00,Med/Surg,72,Scheduled Procedure,Medicare,25,3.66,0,Home
E000245,P01172,2025-05-08 10:30:00,2025-05-10 21:45:00,Orthopedics,36,Emergency Department,Self Pay,53,2.47,0,Home
E000948,P00186,2025-05-08 13:15:00,2025-05-15 00:14:00,ICU,24,Direct Admit,Self Pay,73,6.46,0,Home
E000057,P00823,2025-05-08 15:45:00,2025-05-13 04:53:00,Med/Surg,72,Scheduled Procedure,Medicare,90,4.55,0,Home
E001626,P00582,2025-05-08 16:00:00,2025-05-11 13:35:00,Neurology,28,Emergency Department,Medicaid,30,2.90,0,Home
E001259,P01199,2025-05-08 21:15:00,2025-05-13 07:28:00,Med/Surg,72,Emergency Department,Medicare,49,4.43,0,Home
E000887,P00031,2025-05-08 22:30:00,2025-05-12 23:31:00,Telemetry,48,Direct Admit,Medicaid,18,4.04,0,Home
E001119,P00475,2025-05-09 00:45:00,2025-05-20 16:41:00,ICU,24,Emergency Department,Self Pay,82,11.66,0,Home
E001642,P00120,2025-05-09 09:30:00,2025-05-14 09:39:00,Neurology,28,Scheduled Procedure,Commercial,31,5.01,0,Home
E000692,P01296,2025-05-09 12:00:00,2025-05-12 11:23:00,Telemetry,48,Emergency Department,Self Pay,31,2.97,0,Expired
E002086,P00286,2025-05-09 14:00:00,2025-05-14 11:48:00,Cardiology,40,Emergency Department,Medicare,82,4.91,0,Home
E000568,P00048,2025-05-09 16:30:00,2025-05-11 06:05:00,Orthopedics,36,Transfer,Self Pay,67,1.57,0,Home
E000290,P00869,2025-05-09 17:00:00,2025-05-14 16:12:00,Cardiology,40,Emergency Department,Commercial,26,4.97,0,Home
E001057,P00749,2025-05-09 17:45:00,2025-05-14 00:37:00,Telemetry,48,Scheduled Procedure,Commercial,73,4.29,0,Home
E001981,P00430,2025-05-09 19:15:00,2025-05-13 04:18:00,Med/Surg,72,Emergency Department,Commercial,45,3.38,0,Home
E001808,P01038,2025-05-09 20:00:00,2025-05-12 14:39:00,Telemetry,48,Emergency Department,Self Pay,45,2.78,0,Home Health
E000394,P00377,2025-05-09 23:30:00,2025-05-15 17:16:00,Cardiology,40,Direct Admit,Medicare,65,5.74,0,Home
E001177,P00785,2025-05-10 00:00:00,2025-05-15 08:27:00,Med/Surg,72,Emergency Department,Medicaid,74,5.35,0,Expired
E001980,P01174,2025-05-10 03:00:00,2025-05-22 20:56:00,ICU,24,Emergency Department,Self Pay,60,12.75,0,Home
E001820,P00112,2025-05-10 09:15:00,2025-05-12 21:39:00,Cardiology,40,Scheduled Procedure,Self Pay,87,2.52,0,Home
E001236,P00308,2025-05-10 10:30:00,2025-05-15 01:10:00,Med/Surg,72,Emergency Department,Commercial,67,4.61,0,Home Health
E002007,P00687,2025-05-10 11:30:00,2025-05-13 04:39:00,Cardiology,40,Emergency Department,Commercial,49,2.72,0,Home
E000580,P01101,2025-05-10 12:30:00,2025-05-14 03:16:00,Med/Surg,72,Transfer,Medicaid,40,3.62,0,Skilled Nursing Facility
E000728,P00830,2025-05-10 13:15:00,2025-05-13 10:14:00,Telemetry,48,Emergency Department,Commercial,58,2.87,0,Skilled Nursing Facility
E001050,P01242,2025-05-11 06:45:00,2025-05-14 03:01:00,Med/Surg,72,Emergency Department,Medicaid,72,2.85,0,Home
E000860,P01150,2025-05-11 10:15:00,2025-05-16 23:55:00,Cardiology,40,Direct Admit,Commercial,79,5.57,0,Home
E001326,P01049,2025-05-11 15:15:00,2025-05-15 19:35:00,Cardiology,40,Emergency Department,Medicare,79,4.18,0,Expired
E002030,P01050,2025-05-11 20:15:00,2025-05-16 05:01:00,Med/Surg,72,Emergency Department,Medicaid,86,4.37,0,Home
E001510,P01296,2025-05-12 00:15:00,2025-05-14 11:20:00,Med/Surg,72,Transfer,Medicare,83,2.46,0,Home
E001132,P01092,2025-05-12 04:30:00,2025-05-16 21:29:00,Neurology,28,Emergency Department,Commercial,60,4.71,0,Skilled Nursing Facility
E002077,P00904,2025-05-12 06:30:00,2025-05-15 12:32:00,Cardiology,40,Emergency Department,Commercial,33,3.25,0,Skilled Nursing Facility
E000060,P00537,2025-05-12 08:30:00,2025-05-15 04:58:00,Cardiology,40,Direct Admit,Commercial,74,2.85,0,Home
E001618,P00671,2025-05-12 10:45:00,2025-05-15 19:24:00,Telemetry,48,Transfer,Medicare,51,3.36,0,Home
E000877,P00127,2025-05-12 14:00:00,2025-05-17 22:08:00,Med/Surg,72,Scheduled Procedure,Medicaid,74,5.34,0,Skilled Nursing Facility
E001562,P00804,2025-05-12 23:45:00,2025-05-15 22:07:00,Med/Surg,72,Scheduled Procedure,Self Pay,26,2.93,1,Home
E001274,P00280,2025-05-13 07:45:00,2025-05-17 17:34:00,Cardiology,40,Emergency Department,Commercial,88,4.41,0,Expired
E000195,P00075,2025-05-13 08:45:00,2025-05-22 03:49:00,ICU,24,Emergency Department,Medicare,70,8.79,0,Home
E000973,P01245,2025-05-13 11:30:00,2025-05-19 23:29:00,ICU,24,Emergency Department,Medicaid,79,6.50,0,Home
E000253,P00504,2025-05-13 12:00:00,2025-05-29 08:46:00,ICU,24,Scheduled Procedure,Commercial,59,15.87,0,Home
E001598,P00624,2025-05-13 14:30:00,2025-05-17 04:43:00,Med/Surg,72,Emergency Department,Commercial,19,3.59,0,Skilled Nursing Facility
E001593,P00469,2025-05-13 18:00:00,2025-05-16 17:49:00,Med/Surg,72,Emergency Department,Commercial,91,2.99,0,Home
E000700,P00146,2025-05-14 00:00:00,2025-05-16 19:00:00,Med/Surg,72,Emergency Department,Medicare,40,2.79,0,Home
E001140,P01207,2025-05-14 00:00:00,2025-05-18 11:07:00,Med/Surg,72,Emergency Department,Commercial,58,4.46,0,Home
E001051,P00927,2025-05-14 08:15:00,2025-05-17 05:02:00,Orthopedics,36,Emergency Department,Medicaid,55,2.87,0,Expired
E000224,P00501,2025-05-14 10:15:00,2025-05-15 21:59:00,Orthopedics,36,Transfer,Commercial,74,1.49,0,Home
E000889,P00338,2025-05-14 13:30:00,2025-05-27 20:41:00,ICU,24,Direct Admit,Medicaid,20,13.30,0,Home
E001089,P01121,2025-05-14 18:15:00,2025-05-17 17:01:00,Cardiology,40,Emergency Department,Commercial,46,2.95,0,Home
E000371,P00229,2025-05-15 04:15:00,2025-05-19 15:47:00,Med/Surg,72,Direct Admit,Medicare,48,4.48,0,Expired
E000926,P00589,2025-05-15 09:00:00,2025-05-17 21:54:00,Telemetry,48,Emergency Department,Commercial,41,2.54,0,Home
E001926,P00765,2025-05-16 05:45:00,2025-05-19 23:35:00,Orthopedics,36,Emergency Department,Medicaid,49,3.74,0,Rehab
E000543,P00668,2025-05-16 09:00:00,2025-05-18 23:50:00,Telemetry,48,Scheduled Procedure,Commercial,78,2.62,0,Home
E001526,P00706,2025-05-16 09:45:00,2025-05-19 03:45:00,Orthopedics,36,Emergency Department,Medicaid,30,2.75,0,Home Health
E000351,P00256,2025-05-16 15:30:00,2025-05-21 19:55:00,Med/Surg,72,Emergency Department,Medicaid,87,5.18,0,Home
E000412,P01093,2025-05-16 17:30:00,2025-05-21 17:08:00,Med/Surg,72,Emergency Department,Medicare,56,4.99,0,Home
E000400,P00004,2025-05-16 19:45:00,2025-05-21 20:00:00,Telemetry,48,Emergency Department,Self Pay,38,5.01,0,Home
E002110,P00161,2025-05-17 00:00:00,2025-05-28 03:34:00,ICU,24,Emergency Department,Commercial,45,11.15,0,Home
E002095,P00199,2025-05-17 01:45:00,2025-05-21 23:14:00,Orthopedics,36,Transfer,Medicaid,55,4.90,0,Home
E000413,P01007,2025-05-17 04:45:00,2025-05-21 05:37:00,Orthopedics,36,Direct Admit,Self Pay,85,4.04,0,Home
E001544,P00621,2025-05-17 11:45:00,2025-05-19 21:41:00,Orthopedics,36,Emergency Department,Self Pay,35,2.41,0,Home
E000043,P01253,2025-05-17 14:30:00,2025-05-19 12:10:00,Orthopedics,36,Emergency Department,Medicare,42,1.90,0,Rehab
E000138,P00917,2025-05-17 15:15:00,2025-05-23 08:03:00,Med/Surg,72,Emergency Department,Self Pay,84,5.70,0,Home
E001929,P00061,2025-05-17 18:00:00,2025-05-20 13:33:00,Orthopedics,36,Emergency Department,Medicaid,27,2.81,0,Home Health
E000525,P00511,2025-05-17 21:00:00,2025-05-23 01:31:00,Med/Surg,72,Scheduled Procedure,Medicare,18,5.19,0,Expired
E001313,P00126,2025-05-17 22:00:00,2025-05-21 04:21:00,Med/Surg,72,Emergency Department,Commercial,30,3.26,0,Home
E000445,P01205,2025-05-18 01:45:00,2025-05-21 16:30:00,Cardiology,40,Scheduled Procedure,Commercial,44,3.61,0,Home
E000521,P00794,2025-05-18 06:00:00,2025-05-23 06:50:00,Telemetry,48,Direct Admit,Self Pay,35,5.04,0,Home
E001685,P00762,2025-05-18 10:00:00,2025-05-22 13:15:00,ICU,24,Transfer,Medicare,24,4.14,0,Home
E000830,P00179,2025-05-18 22:00:00,2025-05-23 21:26:00,Telemetry,48,Emergency Department,Medicaid,61,4.98,0,Home
E002158,P00696,2025-05-18 22:15:00,2025-05-31 02:25:00,Orthopedics,36,Emergency Department,Medicaid,79,12.17,0,Home
E000640,P00472,2025-05-19 01:15:00,2025-05-22 02:27:00,Med/Surg,72,Direct Admit,Medicaid,38,3.05,0,Home Health
E001427,P00044,2025-05-19 04:30:00,2025-05-24 00:36:00,Cardiology,40,Emergency Department,Medicaid,68,4.84,0,Skilled Nursing Facility
E002039,P00002,2025-05-19 05:00:00,2025-05-24 01:21:00,Med/Surg,72,Emergency Department,Commercial,34,4.85,0,Home
E000664,P00808,2025-05-19 05:30:00,2025-05-23 15:35:00,Orthopedics,36,Emergency Department,Commercial,33,4.42,0,Home
E000036,P00233,2025-05-19 06:15:00,2025-05-24 05:29:00,Cardiology,40,Transfer,Medicare,27,4.97,0,Home
E000893,P00450,2025-05-19 09:15:00,2025-05-23 08:51:00,Orthopedics,36,Direct Admit,Commercial,39,3.98,0,Home
E001751,P01103,2025-05-19 10:15:00,2025-05-22 23:56:00,Neurology,28,Scheduled Procedure,Medicaid,76,3.57,0,Home
E001420,P00002,2025-05-19 14:00:00,2025-05-24 08:36:00,Med/Surg,72,Direct Admit,Medicare,41,4.78,0,Home
E000951,P00639,2025-05-19 16:00:00,2025-05-25 05:04:00,Med/Surg,72,Emergency Department,Medicaid,33,5.54,0,Home
E000750,P00895,2025-05-19 16:30:00,2025-05-25 03:20:00,Med/Surg,72,Direct Admit,Medicaid,38,5.45,0,Home Health
E000028,P00387,2025-05-19 20:15:00,2025-05-23 00:06:00,Orthopedics,36,Emergency Department,Medicaid,76,3.16,0,Home
E000974,P00670,2025-05-20 06:30:00,2025-05-29 02:40:00,Telemetry,48,Emergency Department,Self Pay,31,8.84,0,Home
E001948,P01200,2025-05-20 08:00:00,2025-05-23 16:49:00,Orthopedics,36,Emergency Department,Medicare,81,3.37,0,Rehab
E001845,P00142,2025-05-20 08:45:00,2025-05-23 04:52:00,Cardiology,40,Transfer,Commercial,51,2.84,0,Home
E000193,P00591,2025-05-20 19:30:00,2025-05-24 04:45:00,Telemetry,48,Emergency Department,Self Pay,81,3.39,0,Home
E000216,P00797,2025-05-20 22:30:00,2025-05-25 05:46:00,Telemetry,48,Emergency Department,Medicare,29,4.30,0,Home
E000917,P00470,2025-05-20 22:45:00,2025-05-24 06:04:00,Med/Surg,72,Emergency Department,Medicare,22,3.31,0,Rehab
E000506,P00047,2025-05-21 05:30:00,2025-05-24 07:21:00,Med/Surg,72,Emergency Department,Medicaid,57,3.08,0,Expired
E001145,P00460,2025-05-21 07:45:00,2025-05-25 04:17:00,Med/Surg,72,Emergency Department,Commercial,76,3.86,0,Home
E000615,P00247,2025-05-21 08:00:00,2025-05-30 23:48:00,Med/Surg,72,Emergency Department,Medicare,48,9.66,0,Rehab
E001065,P01210,2025-05-21 08:15:00,2025-05-24 19:51:00,Neurology,28,Emergency Department,Self Pay,23,3.48,0,Home
E000069,P01258,2025-05-21 10:15:00,2025-05-24 11:15:00,Telemetry,48,Direct Admit,Medicare,25,3.04,0,Home
E002198,P00829,2025-05-21 12:45:00,2025-05-23 17:54:00,Telemetry,48,Emergency Department,Self Pay,30,2.22,0,Home
E000167,P00516,2025-05-21 18:30:00,2025-05-25 20:33:00,ICU,24,Emergency Department,Commercial,62,4.09,0,Skilled Nursing Facility
E000643,P00894,2025-05-22 06:00:00,2025-05-26 19:17:00,Med/Surg,72,Emergency Department,Commercial,50,4.55,0,Home
E000715,P00758,2025-05-22 15:00:00,2025-05-26 11:25:00,Cardiology,40,Direct Admit,Medicare,49,3.85,0,Home
E000681,P00047,2025-05-22 17:00:00,2025-05-25 03:33:00,Med/Surg,72,Emergency Department,Self Pay,74,2.44,0,Rehab
E001509,P00985,2025-05-23 00:15:00,2025-05-26 08:31:00,Med/Surg,72,Direct Admit,Self Pay,66,3.34,0,Home
E000347,P00269,2025-05-23 02:15:00,2025-05-25 15:25:00,Orthopedics,36,Emergency Department,Self Pay,65,2.55,0,Home
E002115,P00899,2025-05-23 06:45:00,2025-05-26 06:05:00,Med/Surg,72,Emergency Department,Commercial,64,2.97,0,Home Health
E000968,P00673,2025-05-23 10:15:00,2025-05-27 13:08:00,Orthopedics,36,Direct Admit,Commercial,39,4.12,0,Home
E000304,P00894,2025-05-23 14:30:00,2025-05-25 17:23:00,Telemetry,48,Transfer,Medicaid,78,2.12,0,Home
E000033,P01127,2025-05-23 17:45:00,2025-05-28 20:28:00,Cardiology,40,Emergency Department,Medicaid,64,5.11,0,Home
E000334,P00285,2025-05-23 20:30:00,2025-05-27 12:24:00,Telemetry,48,Scheduled Procedure,Commercial,71,3.66,0,Home
E001450,P01011,2025-05-24 00:45:00,2025-05-27 20:33:00,Med/Surg,72,Emergency Department,Self Pay,62,3.83,0,Skilled Nursing Facility
E000294,P00652,2025-05-24 02:30:00,2025-05-27 01:37:00,Med/Surg,72,Direct Admit,Medicare,87,2.96,0,Rehab
E002087,P00760,2025-05-24 15:45:00,2025-05-27 16:24:00,Orthopedics,36,Emergency Department,Medicare,85,3.03,0,Skilled Nursing Facility
E002045,P00392,2025-05-24 16:45:00,2025-05-29 17:16:00,ICU,24,Emergency Department,Self Pay,44,5.02,0,Home
E002019,P01196,2025-05-24 21:00:00,2025-06-05 15:09:00,Med/Surg,72,Direct Admit,Medicaid,44,11.76,0,Home
E000614,P00683,2025-05-25 01:45:00,2025-05-30 14:52:00,Med/Surg,72,Emergency Department,Medicare,44,5.55,0,Expired
E001006,P00789,2025-05-25 03:45:00,2025-05-31 10:24:00,ICU,24,Emergency Department,Commercial,57,6.28,0,Home
E000165,P01014,2025-05-25 06:45:00,2025-05-30 20:36:00,Med/Surg,72,Direct Admit,Medicare,29,5.58,0,Expired
E000182,P00150,2025-05-25 15:45:00,2025-05-30 19:22:00,Neurology,28,Emergency Department,Medicaid,48,5.15,0,Home
E001791,P00043,2025-05-25 22:00:00,2025-05-29 08:48:00,Cardiology,40,Emergency Department,Medicare,26,3.45,0,Home
E001571,P01172,2025-05-25 23:45:00,2025-05-30 06:40:00,ICU,24,Emergency Department,Medicaid,25,4.29,1,Home
E000984,P01115,2025-05-26 01:30:00,2025-05-30 20:03:00,Cardiology,40,Direct Admit,Medicare,67,4.77,0,Skilled Nursing Facility
E002026,P00663,2025-05-26 17:45:00,2025-05-31 17:51:00,ICU,24,Emergency Department,Self Pay,28,5.00,0,Home
E001890,P00232,2025-05-26 19:00:00,2025-05-29 16:49:00,Cardiology,40,Scheduled Procedure,Medicaid,20,2.91,0,Home
E001365,P00785,2025-05-26 20:15:00,2025-05-30 04:59:00,Med/Surg,72,Direct Admit,Medicaid,78,3.36,0,Home
E001462,P00276,2025-05-27 02:30:00,2025-05-31 05:30:00,Cardiology,40,Emergency Department,Self Pay,40,4.13,0,Home Health
E001517,P00080,2025-05-27 04:15:00,2025-05-31 10:24:00,Cardiology,40,Direct Admit,Medicare,35,4.26,0,Home
E001822,P00200,2025-05-27 12:15:00,2025-06-01 05:41:00,Med/Surg,72,Emergency Department,Commercial,53,4.73,0,Home Health
E000678,P00924,2025-05-28 04:15:00,2025-06-01 04:14:00,Neurology,28,Transfer,Medicaid,40,4.00,0,Home
E001698,P00616,2025-05-28 05:45:00,2025-06-01 23:14:00,Orthopedics,36,Emergency Department,Medicaid,52,4.73,0,Home
E001417,P00649,2025-05-28 08:30:00,2025-06-02 14:00:00,Med/Surg,72,Transfer,Self Pay,32,5.23,0,Home
E000229,P00981,2025-05-28 12:45:00,2025-06-01 17:39:00,ICU,24,Transfer,Commercial,60,4.20,0,Home Health
E000612,P01028,2025-05-28 14:00:00,2025-06-03 03:16:00,Med/Surg,72,Emergency Department,Medicaid,85,5.55,0,Home
E000901,P00357,2025-05-28 14:00:00,2025-06-08 21:50:00,Telemetry,48,Emergency Department,Medicaid,83,11.33,0,Skilled Nursing Facility
E001354,P00356,2025-05-28 16:45:00,2025-05-31 08:04:00,Telemetry,48,Emergency Department,Medicare,63,2.64,0,Home
E000450,P01127,2025-05-28 23:15:00,2025-06-02 15:15:00,Orthopedics,36,Scheduled Procedure,Medicaid,59,4.67,1,Rehab
E000097,P01056,2025-06-01 00:30:00,2025-06-10 17:10:00,ICU,24,Transfer,Medicare,19,9.69,0,Skilled Nursing Facility
E000957,P00758,2025-06-01 02:00:00,2025-06-02 19:58:00,Orthopedics,36,Direct Admit,Commercial,88,1.75,1,Home
E000726,P01199,2025-06-01 04:00:00,2025-06-03 21:29:00,Telemetry,48,Emergency Department,Commercial,89,2.73,0,Expired
E000022,P00118,2025-06-01 07:45:00,2025-06-04 07:11:00,Telemetry,48,Scheduled Procedure,Medicare,73,2.98,0,Home
E001792,P00018,2025-06-01 12:45:00,2025-06-06 03:20:00,Telemetry,48,Emergency Department,Medicaid,58,4.61,0,Home
E000353,P00605,2025-06-01 14:45:00,2025-06-06 17:16:00,Telemetry,48,Emergency Department,Self Pay,57,5.11,0,Home
E001056,P00494,2025-06-01 15:30:00,2025-06-05 00:36:00,Cardiology,40,Emergency Department,Medicaid,28,3.38,0,Home
E001407,P00948,2025-06-01 17:45:00,2025-06-03 23:53:00,Telemetry,48,Emergency Department,Medicare,84,2.26,1,Home
E000909,P00251,2025-06-01 20:30:00,2025-06-06 00:51:00,Med/Surg,72,Emergency Department,Self Pay,87,4.18,0,Home
E001118,P00310,2025-06-02 02:15:00,2025-06-04 04:38:00,Telemetry,48,Emergency Department,Commercial,79,2.10,0,Expired
E001794,P00210,2025-06-02 03:15:00,2025-06-08 02:16:00,ICU,24,Emergency Department,Commercial,18,5.96,0,Expired
E000481,P01120,2025-06-02 16:45:00,2025-06-06 13:36:00,Neurology,28,Emergency Department,Medicare,70,3.87,0,Home
E000470,P00105,2025-06-02 19:30:00,2025-06-06 18:41:00,Telemetry,48,Direct Admit,Self Pay,38,3.97,0,Expired
E000684,P00565,2025-06-02 21:30:00,2025-06-06 11:02:00,Med/Surg,72,Scheduled Procedure,Self Pay,84,3.56,0,Home Health
E000507,P00570,2025-06-03 01:15:00,2025-06-07 14:34:00,Med/Surg,72,Scheduled Procedure,Commercial,60,4.56,0,Home
E002076,P00041,2025-06-03 06:00:00,2025-06-07 03:37:00,Neurology,28,Scheduled Procedure,Medicare,46,3.90,0,Skilled Nursing Facility
E000001,P00058,2025-06-03 06:30:00,2025-06-06 09:30:00,Med/Surg,72,Emergency Department,Commercial,38,3.13,0,Home
E001141,P01168,2025-06-03 08:00:00,2025-06-07 00:19:00,Orthopedics,36,Emergency Department,Medicaid,38,3.68,0,Home
E001714,P00240,2025-06-03 10:30:00,2025-06-07 15:08:00,Med/Surg,72,Emergency Department,Medicare,69,4.19,0,Rehab
E000249,P00515,2025-06-03 14:00:00,2025-06-07 01:27:00,Orthopedics,36,Emergency Department,Medicaid,74,3.48,0,Home
E000257,P00168,2025-06-03 18:45:00,2025-06-08 18:52:00,Med/Surg,72,Transfer,Medicaid,65,5.01,0,Home
E000636,P00326,2025-06-03 21:15:00,2025-06-09 09:49:00,ICU,24,Emergency Department,Commercial,27,5.52,0,Home
E000821,P01007,2025-06-03 22:45:00,2025-06-07 15:50:00,Cardiology,40,Emergency Department,Self Pay,36,3.71,1,Home
E002033,P00287,2025-06-04 02:00:00,2025-06-07 15:34:00,Orthopedics,36,Emergency Department,Self Pay,64,3.57,0,Skilled Nursing Facility
E001828,P00220,2025-06-04 03:45:00,2025-06-09 01:12:00,Telemetry,48,Emergency Department,Medicaid,19,4.89,0,Home
E000938,P00258,2025-06-04 07:45:00,2025-06-09 22:38:00,ICU,24,Emergency Department,Commercial,42,5.62,0,Home
E000572,P00427,2025-06-04 08:15:00,2025-06-07 20:31:00,Med/Surg,72,Emergency Department,Medicaid,81,3.51,0,Expired
E001768,P00329,2025-06-04 10:15:00,2025-06-08 02:19:00,Orthopedics,36,Emergency Department,Self Pay,73,3.67,0,Home
E001448,P00595,2025-06-04 14:45:00,2025-06-09 23:50:00,Med/Surg,72,Emergency Department,Self Pay,47,5.38,0,Home
E001013,P00507,2025-06-04 18:00:00,2025-06-07 17:56:00,Med/Surg,72,Emergency Department,Commercial,61,3.00,0,Home
E001114,P00638,2025-06-04 21:45:00,2025-06-14 18:26:00,Neurology,28,Emergency Department,Commercial,25,9.86,0,Skilled Nursing Facility
E001301,P00553,2025-06-04 22:00:00,2025-06-06 22:05:00,Telemetry,48,Emergency Department,Self Pay,20,2.00,0,Home Health
E000093,P00721,2025-06-05 04:15:00,2025-06-08 05:02:00,Orthopedics,36,Emergency Department,Commercial,70,3.03,0,Home
E001185,P00524,2025-06-05 07:45:00,2025-06-09 14:26:00,Med/Surg,72,Emergency Department,Self Pay,31,4.28,0,Home Health
E000017,P01219,2025-06-05 09:30:00,2025-06-08 14:13:00,Orthopedics,36,Emergency Department,Medicaid,19,3.20,0,Home
E001761,P01134,2025-06-05 17:15:00,2025-06-09 04:31:00,Med/Surg,72,Emergency Department,Commercial,30,3.47,0,Home
E001004,P00763,2025-06-05 20:00:00,2025-06-10 21:42:00,Med/Surg,72,Direct Admit,Commercial,49,5.07,0,Home
E000803,P00538,2025-06-06 02:30:00,2025-06-10 23:55:00,Orthopedics,36,Emergency Department,Medicaid,21,4.89,0,Home Health
E000352,P00092,2025-06-06 09:00:00,2025-06-11 21:30:00,Med/Surg,72,Emergency Department,Self Pay,34,5.52,0,Rehab
E001519,P00867,2025-06-06 15:45:00,2025-06-08 15:51:00,Telemetry,48,Emergency Department,Medicaid,41,2.00,0,Skilled Nursing Facility
E001972,P00966,2025-06-06 20:00:00,2025-06-09 16:41:00,Telemetry,48,Emergency Department,Self Pay,30,2.86,0,Home
E000966,P00368,2025-06-07 04:45:00,2025-06-11 23:24:00,Neurology,28,Emergency Department,Self Pay,26,4.78,0,Home
E000149,P01222,2025-06-07 07:00:00,2025-06-11 10:04:00,Cardiology,40,Emergency Department,Commercial,61,4.13,0,Home
E002123,P01276,2025-06-07 10:30:00,2025-06-12 14:36:00,Cardiology,40,Transfer,Commercial,46,5.17,0,Rehab
E001630,P00327,2025-06-07 14:15:00,2025-06-12 23:48:00,Neurology,28,Scheduled Procedure,Medicare,40,5.40,0,Rehab
E002012,P01230,2025-06-07 21:00:00,2025-06-16 17:34:00,Cardiology,40,Transfer,Medicaid,31,8.86,0,Home Health
E001034,P00234,2025-06-07 22:00:00,2025-06-12 16:11:00,Cardiology,40,Emergency Department,Commercial,74,4.76,0,Home
E001396,P00672,2025-06-08 01:45:00,2025-06-13 03:54:00,ICU,24,Emergency Department,Medicare,36,5.09,0,Home
E000243,P01066,2025-06-08 04:00:00,2025-06-13 07:00:00,Cardiology,40,Direct Admit,Self Pay,45,5.13,0,Home
E000671,P01090,2025-06-08 04:45:00,2025-06-11 09:57:00,Orthopedics,36,Emergency Department,Self Pay,32,3.22,0,Home
E001903,P00628,2025-06-08 07:30:00,2025-06-12 04:11:00,Orthopedics,36,Emergency Department,Self Pay,26,3.86,0,Home
E001952,P01119,2025-06-08 12:45:00,2025-06-14 07:51:00,Med/Surg,72,Emergency Department,Self Pay,63,5.80,0,Home
E000946,P01010,2025-06-08 15:00:00,2025-06-12 13:35:00,Orthopedics,36,Emergency Department,Medicare,67,3.94,0,Home
E000922,P00470,2025-06-08 17:00:00,2025-06-12 12:18:00,ICU,24,Emergency Department,Self Pay,77,3.80,1,Home
E002146,P00788,2025-06-08 23:15:00,2025-06-13 02:39:00,Orthopedics,36,Emergency Department,Self Pay,86,4.14,0,Home
E001312,P00917,2025-06-09 06:45:00,2025-06-12 11:27:00,Med/Surg,72,Emergency Department,Self Pay,80,3.20,1,Home
E001061,P00118,2025-06-09 07:00:00,2025-06-12 17:07:00,Orthopedics,36,Emergency Department,Medicare,92,3.42,1,Home
E001827,P00236,2025-06-09 07:45:00,2025-06-15 09:14:00,ICU,24,Emergency Department,Self Pay,26,6.06,0,Home
E001230,P00389,2025-06-09 11:15:00,2025-06-13 01:09:00,Telemetry,48,Emergency Department,Medicaid,86,3.58,0,Rehab
E000729,P00299,2025-06-09 11:30:00,2025-06-15 13:11:00,Cardiology,40,Emergency Department,Commercial,86,6.07,0,Home Health
E001540,P00096,2025-06-09 11:45:00,2025-06-12 04:30:00,Med/Surg,72,Emergency Department,Medicaid,67,2.70,0,Skilled Nursing Facility
E000446,P00899,2025-06-09 14:30:00,2025-06-14 14:46:00,Telemetry,48,Direct Admit,Medicaid,36,5.01,0,Rehab
E001699,P00777,2025-06-09 17:15:00,2025-06-13 13:36:00,Telemetry,48,Emergency Department,Commercial,37,3.85,0,Home
E000368,P00416,2025-06-09 19:30:00,2025-06-14 13:25:00,Orthopedics,36,Emergency Department,Self Pay,56,4.75,0,Home
E000988,P00868,2025-06-10 01:30:00,2025-06-11 21:47:00,Orthopedics,36,Emergency Department,Medicare,78,1.85,0,Home
E001278,P00514,2025-06-10 02:15:00,2025-06-14 11:32:00,Med/Surg,72,Emergency Department,Medicaid,76,4.39,0,Home
E002070,P00370,2025-06-10 06:30:00,2025-06-14 14:38:00,Cardiology,40,Emergency Department,Medicare,20,4.34,0,Home
E000770,P00691,2025-06-10 09:30:00,2025-06-22 11:35:00,ICU,24,Scheduled Procedure,Commercial,92,12.09,0,Skilled Nursing Facility
E000513,P00301,2025-06-10 15:30:00,2025-06-15 10:46:00,Med/Surg,72,Emergency Department,Medicaid,35,4.80,0,Home Health
E000146,P00308,2025-06-10 16:30:00,2025-06-16 03:05:00,Cardiology,40,Direct Admit,Medicare,26,5.44,0,Home
E000318,P00718,2025-06-10 16:30:00,2025-06-15 18:22:00,Cardiology,40,Emergency Department,Medicaid,82,5.08,0,Home
E000265,P00797,2025-06-10 22:45:00,2025-06-13 21:52:00,Cardiology,40,Scheduled Procedure,Commercial,54,2.96,1,Home
E001666,P01175,2025-06-11 01:30:00,2025-06-14 21:09:00,Med/Surg,72,Emergency Department,Medicare,79,3.82,0,Rehab
E000991,P00240,2025-06-11 05:30:00,2025-06-14 04:01:00,Med/Surg,72,Direct Admit,Medicaid,36,2.94,0,Home Health
E000924,P01231,2025-06-11 13:30:00,2025-06-15 23:18:00,Orthopedics,36,Emergency Department,Medicaid,23,4.41,0,Home
E000237,P01037,2025-06-11 16:15:00,2025-06-14 19:07:00,Telemetry,48,Direct Admit,Medicaid,50,3.12,0,Home
E001164,P01257,2025-06-11 18:30:00,2025-06-23 03:49:00,Telemetry,48,Emergency Department,Commercial,37,11.39,0,Home
E000479,P00571,2025-06-11 20:15:00,2025-06-14 06:24:00,Telemetry,48,Direct Admit,Medicare,53,2.42,0,Home
E000996,P00916,2025-06-11 23:30:00,2025-06-15 12:15:00,Med/Surg,72,Direct Admit,Self Pay,52,3.53,0,Home
E001261,P00248,2025-06-12 12:45:00,2025-06-17 19:11:00,Cardiology,40,Direct Admit,Commercial,85,5.27,0,Home
E000228,P00422,2025-06-12 14:30:00,2025-06-18 02:30:00,Telemetry,48,Transfer,Commercial,69,5.50,0,Home
E001889,P00674,2025-06-12 15:15:00,2025-06-14 05:41:00,Orthopedics,36,Emergency Department,Medicaid,81,1.60,0,Home
E000042,P00417,2025-06-12 18:30:00,2025-06-16 03:11:00,Telemetry,48,Emergency Department,Self Pay,33,3.36,0,Home
E000672,P01171,2025-06-12 19:00:00,2025-06-16 22:52:00,Cardiology,40,Transfer,Commercial,38,4.16,0,Home
E001153,P00817,2025-06-12 19:00:00,2025-06-15 02:57:00,Telemetry,48,Direct Admit,Medicare,42,2.33,0,Home
E001559,P00140,2025-06-12 20:15:00,2025-06-14 13:30:00,Orthopedics,36,Emergency Department,Self Pay,60,1.72,0,Home
E000805,P00380,2025-06-12 23:30:00,2025-06-14 18:16:00,Orthopedics,36,Transfer,Medicare,33,1.78,0,Home
E001656,P01053,2025-06-13 01:30:00,2025-06-15 17:32:00,Cardiology,40,Emergency Department,Self Pay,53,2.67,0,Home
E000633,P00146,2025-06-13 05:00:00,2025-06-16 02:44:00,Cardiology,40,Emergency Department,Self Pay,25,2.91,0,Home
E000016,P00265,2025-06-13 06:30:00,2025-06-16 21:16:00,Cardiology,40,Emergency Department,Medicare,67,3.62,0,Home
E000958,P01074,2025-06-13 18:30:00,2025-06-18 21:24:00,Cardiology,40,Emergency Department,Self Pay,49,5.12,0,Home
E000061,P00141,2025-06-13 18:45:00,2025-06-21 08:40:00,Med/Surg,72,Scheduled Procedure,Commercial,39,7.58,0,Skilled Nursing Facility
E001203,P01025,2025-06-13 21:30:00,2025-06-17 23:53:00,Orthopedics,36,Direct Admit,Self Pay,48,4.10,0,Home Health
E000714,P00777,2025-06-13 22:15:00,2025-06-16 23:10:00,Med/Surg,72,Emergency Department,Medicare,76,3.04,0,Skilled Nursing Facility
E001481,P00993,2025-06-13 22:15:00,2025-06-17 15:08:00,Med/Surg,72,Emergency Department,Commercial,36,3.70,0,Rehab
E001705,P00818,2025-06-13 23:00:00,2025-06-18 08:56:00,Cardiology,40,Emergency Department,Commercial,28,4.41,0,Home
E001798,P01087,2025-06-14 02:15:00,2025-06-18 03:27:00,Neurology,28,Transfer,Self Pay,55,4.05,0,Rehab
E000571,P01071,2025-06-14 09:00:00,2025-06-16 08:15:00,Orthopedics,36,Emergency Department,Medicare,64,1.97,0,Home
E000074,P00953,2025-06-14 11:45:00,2025-06-19 06:18:00,Orthopedics,36,Scheduled Procedure,Medicare,71,4.77,0,Expired
E001934,P00029,2025-06-14 16:15:00,2025-06-19 19:41:00,Telemetry,48,Emergency Department,Medicaid,23,5.14,0,Home Health
E001208,P00674,2025-06-14 23:30:00,2025-06-25 18:50:00,Orthopedics,36,Direct Admit,Self Pay,45,10.81,0,Expired
E000203,P00256,2025-06-15 01:45:00,2025-06-24 23:53:00,Cardiology,40,Emergency Department,Commercial,18,9.92,0,Home
E001269,P00398,2025-06-15 09:15:00,2025-06-20 19:06:00,Med/Surg,72,Emergency Department,Medicare,33,5.41,0,Home Health
E000673,P01066,2025-06-15 12:15:00,2025-06-20 22:28:00,ICU,24,Emergency Department,Medicaid,28,5.43,1,Home
E001803,P00164,2025-06-15 15:45:00,2025-06-20 03:58:00,Neurology,28,Emergency Department,Medicare,35,4.51,0,Rehab
E000358,P01084,2025-06-15 22:45:00,2025-06-21 00:28:00,Telemetry,48,Emergency Department,Self Pay,33,5.07,0,Home
E000201,P00999,2025-06-16 00:15:00,2025-06-21 09:42:00,Telemetry,48,Emergency Department,Self Pay,31,5.39,0,Home
E001922,P00146,2025-06-16 01:45:00,2025-06-21 21:39:00,Neurology,28,Emergency Department,Medicare,41,5.83,0,Home
E001176,P01218,2025-06-16 05:15:00,2025-06-18 22:53:00,Telemetry,48,Emergency Department,Medicaid,81,2.74,0,Home
E000598,P00292,2025-06-16 06:00:00,2025-06-22 02:23:00,Med/Surg,72,Emergency Department,Self Pay,82,5.85,0,Skilled Nursing Facility
E000843,P00404,2025-06-16 07:00:00,2025-06-20 06:20:00,Cardiology,40,Emergency Department,Self Pay,42,3.97,0,Home
E001357,P01181,2025-06-16 13:30:00,2025-06-21 08:11:00,Telemetry,48,Direct Admit,Medicaid,63,4.78,0,Home
E000464,P00919,2025-06-16 20:30:00,2025-06-18 21:18:00,Telemetry,48,Scheduled Procedure,Self Pay,50,2.03,0,Rehab
E001503,P00593,2025-06-16 21:15:00,2025-06-26 23:08:00,Orthopedics,36,Emergency Department,Medicaid,23,10.08,0,Home
E001272,P00440,2025-06-17 01:00:00,2025-06-19 17:49:00,Orthopedics,36,Direct Admit,Self Pay,32,2.70,0,Home
E002172,P00344,2025-06-17 07:00:00,2025-06-20 04:20:00,Neurology,28,Scheduled Procedure,Medicaid,30,2.89,0,Home
E000301,P00870,2025-06-17 07:45:00,2025-06-24 09:21:00,ICU,24,Emergency Department,Commercial,21,7.07,0,Expired
E001578,P00916,2025-06-17 10:45:00,2025-06-19 15:36:00,Telemetry,48,Emergency Department,Medicare,61,2.20,0,Expired
E001093,P01267,2025-06-17 14:30:00,2025-06-20 16:21:00,Orthopedics,36,Emergency Department,Commercial,48,3.08,0,Home Health
E002098,P00602,2025-06-17 17:00:00,2025-06-21 00:02:00,Cardiology,40,Emergency Department,Medicare,83,3.29,0,Skilled Nursing Facility
E000421,P00420,2025-06-17 17:45:00,2025-06-22 08:33:00,Med/Surg,72,Transfer,Medicare,69,4.62,0,Skilled Nursing Facility
E001241,P00499,2025-06-18 00:00:00,2025-06-21 04:40:00,Med/Surg,72,Emergency Department,Self Pay,51,3.20,0,Home
E001439,P00237,2025-06-18 00:15:00,2025-06-22 13:15:00,Med/Surg,72,Emergency Department,Medicare,82,4.54,0,Skilled Nursing Facility
E001506,P01133,2025-06-18 01:15:00,2025-06-21 05:45:00,Cardiology,40,Emergency Department,Self Pay,45,3.19,0,Expired
E000575,P00882,2025-06-18 05:30:00,2025-06-20 18:59:00,Orthopedics,36,Direct Admit,Commercial,78,2.56,0,Home
E000879,P00585,2025-06-18 05:30:00,2025-06-23 17:04:00,Telemetry,48,Emergency Department,Commercial,20,5.48,0,Home
E001097,P01182,2025-06-18 08:00:00,2025-06-23 06:34:00,Med/Surg,72,Scheduled Procedure,Medicare,85,4.94,0,Home
E000634,P00387,2025-06-18 14:15:00,2025-06-24 07:39:00,Med/Surg,72,Emergency Department,Self Pay,19,5.73,1,Rehab
E001961,P00896,2025-06-18 15:30:00,2025-06-23 02:52:00,Cardiology,40,Emergency Department,Commercial,40,4.47,0,Home
E001184,P00588,2025-06-18 23:45:00,2025-06-21 23:16:00,Telemetry,48,Emergency Department,Medicare,75,2.98,0,Home
E000179,P00099,2025-06-19 05:30:00,2025-06-22 22:45:00,Med/Surg,72,Emergency Department,Commercial,72,3.72,0,Home
E000900,P01283,2025-06-19 05:30:00,2025-06-22 12:31:00,Med/Surg,72,Scheduled Procedure,Commercial,51,3.29,0,Home
E001789,P00909,2025-06-19 12:15:00,2025-06-21 19:10:00,Orthopedics,36,Emergency Department,Medicare,78,2.29,0,Home Health
E002159,P00787,2025-06-19 22:45:00,2025-06-25 18:51:00,Med/Surg,72,Emergency Department,Medicare,91,5.84,0,Home
E002191,P00127,2025-06-20 07:15:00,2025-06-25 23:02:00,Med/Surg,72,Emergency Department,Commercial,32,5.66,0,Home
E001844,P00157,2025-06-20 08:30:00,2025-06-22 13:59:00,Telemetry,48,Emergency Department,Medicare,32,2.23,0,Home
E000854,P00333,2025-06-20 13:45:00,2025-06-24 04:07:00,Cardiology,40,Emergency Department,Medicaid,58,3.60,0,Skilled Nursing Facility
E001970,P00580,2025-06-20 14:30:00,2025-06-24 00:30:00,Med/Surg,72,Emergency Department,Self Pay,38,3.42,0,Home
E001895,P00147,2025-06-20 14:45:00,2025-06-26 20:09:00,Neurology,28,Scheduled Procedure,Medicare,29,6.23,0,Expired
E000313,P00563,2025-06-20 19:45:00,2025-06-24 04:35:00,Med/Surg,72,Emergency Department,Medicaid,82,3.37,0,Home
E000049,P00431,2025-06-21 02:45:00,2025-06-25 19:55:00,Med/Surg,72,Emergency Department,Medicaid,67,4.72,0,Skilled Nursing Facility
E001276,P00541,2025-06-21 03:45:00,2025-06-23 06:48:00,Telemetry,48,Emergency Department,Medicaid,79,2.13,0,Expired
E000324,P00054,2025-06-21 04:30:00,2025-06-26 14:30:00,Med/Surg,72,Emergency Department,Commercial,86,5.42,0,Home
E001150,P00951,2025-06-21 07:00:00,2025-06-25 02:25:00,Telemetry,48,Emergency Department,Medicaid,58,3.81,0,Home
E001196,P00635,2025-06-21 07:00:00,2025-06-23 15:03:00,Med/Surg,72,Emergency Department,Commercial,71,2.34,0,Home
E001999,P01030,2025-06-21 07:45:00,2025-06-25 19:25:00,Neurology,28,Emergency Department,Medicare,64,4.49,0,Home
E001754,P00512,2025-06-21 17:30:00,2025-06-25 06:48:00,Med/Surg,72,Emergency Department,Commercial,75,3.55,0,Home
E000170,P01180,2025-06-21 20:45:00,2025-06-26 20:24:00,Med/Surg,72,Emergency Department,Medicaid,72,4.99,0,Home
E000087,P00210,2025-06-22 16:45:00,2025-06-28 03:27:00,Med/Surg,72,Emergency Department,Medicaid,34,5.45,0,Home
E000980,P00344,2025-06-22 18:30:00,2025-06-26 07:02:00,Telemetry,48,Emergency Department,Commercial,36,3.52,0,Skilled Nursing Facility
E000145,P00503,2025-06-22 20:00:00,2025-06-28 15:44:00,Med/Surg,72,Emergency Department,Medicare,91,5.82,0,Home
E002153,P01047,2025-06-23 01:45:00,2025-06-30 09:52:00,ICU,24,Emergency Department,Medicaid,19,7.34,0,Rehab
E001833,P00810,2025-06-23 04:30:00,2025-06-27 03:44:00,Orthopedics,36,Emergency Department,Commercial,42,3.97,0,Home
E000263,P01235,2025-06-23 07:00:00,2025-06-26 15:20:00,Med/Surg,72,Emergency Department,Self Pay,76,3.35,0,Home Health
E001112,P00462,2025-06-23 09:00:00,2025-06-26 18:43:00,Orthopedics,36,Direct Admit,Medicaid,22,3.40,0,Home
E001142,P00606,2025-06-23 22:15:00,2025-06-25 17:29:00,Orthopedics,36,Emergency Department,Commercial,65,1.80,0,Home
E000736,P01195,2025-06-24 03:45:00,2025-06-27 14:05:00,Med/Surg,72,Scheduled Procedure,Medicare,88,3.43,0,Home
E001508,P01013,2025-06-24 04:45:00,2025-06-26 16:17:00,Med/Surg,72,Emergency Department,Commercial,70,2.48,0,Home
E001045,P01177,2025-06-24 05:30:00,2025-06-28 01:10:00,ICU,24,Emergency Department,Commercial,22,3.82,0,Home Health
E001469,P00370,2025-06-24 15:30:00,2025-06-27 14:37:00,Med/Surg,72,Emergency Department,Medicaid,91,2.96,0,Home
E001090,P00062,2025-06-24 19:15:00,2025-06-29 18:39:00,Cardiology,40,Emergency Department,Medicaid,83,4.98,0,Skilled Nursing Facility
E002142,P00065,2025-06-24 20:30:00,2025-06-28 18:38:00,Orthopedics,36,Emergency Department,Medicaid,51,3.92,0,Home Health
E000737,P01097,2025-06-25 05:45:00,2025-07-09 19:58:00,Med/Surg,72,Emergency Department,Commercial,53,14.59,0,Home Health
E000312,P01233,2025-06-25 06:45:00,2025-06-30 12:39:00,Med/Surg,72,Scheduled Procedure,Medicare,71,5.25,0,Rehab
E001983,P01104,2025-06-25 08:00:00,2025-06-30 01:30:00,Neurology,28,Emergency Department,Medicaid,26,4.73,0,Home
E001939,P00398,2025-06-25 14:30:00,2025-06-27 23:05:00,Med/Surg,72,Emergency Department,Medicare,34,2.36,0,Home
E001548,P00912,2025-06-25 22:15:00,2025-06-29 11:22:00,Med/Surg,72,Emergency Department,Medicare,53,3.55,0,Home
E001139,P00177,2025-06-26 00:00:00,2025-07-01 22:05:00,Neurology,28,Transfer,Medicare,90,5.92,0,Rehab
E001180,P00855,2025-06-26 02:15:00,2025-06-29 23:56:00,Telemetry,48,Emergency Department,Commercial,70,3.90,0,Home
E001389,P00643,2025-06-26 04:30:00,2025-07-01 14:56:00,Telemetry,48,Emergency Department,Medicaid,71,5.43,0,Home
E001638,P01263,2025-06-26 13:45:00,2025-06-30 02:26:00,Med/Surg,72,Emergency Department,Medicaid,79,3.53,0,Home
E002072,P00078,2025-06-26 20:00:00,2025-07-05 07:28:00,ICU,24,Emergency Department,Medicare,25,8.48,0,Home
E000601,P00590,2025-06-26 20:45:00,2025-07-01 08:09:00,Cardiology,40,Scheduled Procedure,Self Pay,29,4.48,0,Home Health
E000533,P01090,2025-06-27 03:30:00,2025-07-01 09:08:00,Neurology,28,Emergency Department,Commercial,71,4.23,0,Home
E001356,P00617,2025-06-27 04:00:00,2025-06-29 09:36:00,Orthopedics,36,Emergency Department,Medicaid,80,2.23,0,Home
E001896,P00703,2025-06-27 05:30:00,2025-07-01 12:25:00,Telemetry,48,Direct Admit,Self Pay,71,4.29,0,Home
E000757,P00856,2025-06-27 08:15:00,2025-06-29 12:56:00,Orthopedics,36,Emergency Department,Self Pay,63,2.20,0,Home
E000565,P01123,2025-06-27 11:15:00,2025-07-02 11:15:00,Cardiology,40,Emergency Department,Commercial,27,5.00,0,Home
E000119,P00491,2025-06-27 11:30:00,2025-07-01 17:38:00,ICU,24,Emergency Department,Self Pay,45,4.26,0,Skilled Nursing Facility
E001488,P00326,2025-06-27 12:30:00,2025-07-02 17:25:00,Med/Surg,72,Emergency Department,Medicaid,64,5.20,1,Home
E001128,P00014,2025-06-27 12:45:00,2025-06-29 23:08:00,Med/Surg,72,Emergency Department,Self Pay,77,2.43,0,Home
E000611,P00628,2025-06-27 15:45:00,2025-07-04 14:33:00,ICU,24,Scheduled Procedure,Self Pay,34,6.95,0,Home
E001615,P00044,2025-06-27 17:45:00,2025-07-03 20:46:00,ICU,24,Direct Admit,Medicare,38,6.13,0,Expired
E000143,P00886,2025-06-27 18:30:00,2025-07-03 06:44:00,Cardiology,40,Emergency Department,Medicaid,85,5.51,0,Expired
E000784,P00647,2025-06-27 19:45:00,2025-07-02 09:52:00,Med/Surg,72,Emergency Department,Commercial,77,4.59,0,Home
E000908,P01012,2025-06-27 21:00:00,2025-07-01 11:51:00,Med/Surg,72,Emergency Department,Commercial,86,3.62,0,Home Health
E001355,P00626,2025-06-28 00:00:00,2025-07-02 08:21:00,Med/Surg,72,Emergency Department,Self Pay,87,4.35,0,Home
E000964,P00173,2025-06-28 08:15:00,2025-07-02 22:27:00,Med/Surg,72,Direct Admit,Medicaid,26,4.59,0,Home
E002118,P01060,2025-06-28 11:00:00,2025-07-04 08:34:00,Cardiology,40,Emergency Department,Medicaid,80,5.90,0,Home
E001530,P00887,2025-06-28 17:00:00,2025-06-30 09:00:00,Orthopedics,36,Emergency Department,Commercial,37,1.67,0,Home
E001068,P00248,2025-06-28 18:15:00,2025-07-04 07:47:00,Med/Surg,72,Emergency Department,Medicare,43,5.56,0,Home
E000868,P00968,2025-06-28 21:30:00,2025-07-04 04:49:00,Telemetry,48,Emergency Department,Commercial,20,5.31,0,Home
E000478,P00849,2025-07-01 00:15:00,2025-07-07 01:44:00,Neurology,28,Emergency Department,Self Pay,76,6.06,0,Home
E001930,P01254,2025-07-01 10:30:00,2025-07-05 15:48:00,Orthopedics,36,Transfer,Self Pay,77,4.22,0,Home
E002042,P00493,2025-07-01 11:15:00,2025-07-05 22:01:00,Cardiology,40,Emergency Department,Medicaid,73,4.45,0,Expired
E000490,P00224,2025-07-01 15:30:00,2025-07-12 02:34:00,Orthopedics,36,Emergency Department,Self Pay,48,10.46,0,Home
E000378,P01184,2025-07-01 20:00:00,2025-07-06 07:19:00,Orthopedics,36,Transfer,Medicare,20,4.47,0,Home
E001267,P00234,2025-07-01 22:15:00,2025-07-11 14:42:00,Orthopedics,36,Scheduled Procedure,Self Pay,39,9.69,1,Home
E001996,P00107,2025-07-02 02:30:00,2025-07-06 14:29:00,Neurology,28,Emergency Department,Medicare,56,4.50,0,Rehab
E000649,P00811,2025-07-02 10:30:00,2025-07-04 19:01:00,Med/Surg,72,Emergency Department,Self Pay,44,2.36,0,Home
E000010,P01249,2025-07-02 11:15:00,2025-07-07 05:25:00,Cardiology,40,Emergency Department,Medicaid,79,4.76,0,Expired
E001804,P01026,2025-07-02 20:00:00,2025-07-06 09:26:00,Neurology,28,Emergency Department,Self Pay,61,3.56,0,Home
E002048,P01073,2025-07-02 21:45:00,2025-07-07 13:26:00,Orthopedics,36,Emergency Department,Medicaid,44,4.65,0,Home
E001162,P00696,2025-07-02 22:00:00,2025-07-05 22:26:00,Med/Surg,72,Emergency Department,Medicaid,72,3.02,0,Expired
E000508,P01216,2025-07-03 00:45:00,2025-07-08 06:35:00,Cardiology,40,Emergency Department,Commercial,53,5.24,0,Home Health
E001815,P00312,2025-07-03 07:30:00,2025-07-07 18:59:00,Telemetry,48,Transfer,Medicaid,78,4.48,0,Home
E000535,P01044,2025-07-03 11:30:00,2025-07-08 22:32:00,Telemetry,48,Scheduled Procedure,Commercial,75,5.46,0,Rehab
E000875,P01128,2025-07-03 15:00:00,2025-07-09 03:35:00,ICU,24,Transfer,Medicaid,58,5.52,0,Home
E000300,P01213,2025-07-03 17:15:00,2025-07-06 05:37:00,Med/Surg,72,Emergency Department,Medicare,21,2.52,0,Home
E000895,P01155,2025-07-04 01:00:00,2025-07-06 10:12:00,Telemetry,48,Emergency Department,Medicare,22,2.38,0,Home
E001104,P00492,2025-07-04 04:30:00,2025-07-09 09:48:00,Neurology,28,Emergency Department,Medicaid,53,5.22,0,Home
E001668,P00384,2025-07-04 09:15:00,2025-07-07 05:23:00,Telemetry,48,Direct Admit,Commercial,40,2.84,0,Home
E000162,P00283,2025-07-04 11:15:00,2025-07-08 02:19:00,Med/Surg,72,Transfer,Medicaid,26,3.63,0,Rehab
E001716,P00955,2025-07-04 15:30:00,2025-07-09 04:35:00,ICU,24,Emergency Department,Medicare,81,4.55,0,Home
E001913,P00659,2025-07-04 20:00:00,2025-07-08 01:18:00,Cardiology,40,Scheduled Procedure,Commercial,35,3.22,0,Expired
E000295,P01019,2025-07-04 21:30:00,2025-07-09 14:27:00,Med/Surg,72,Scheduled Procedure,Self Pay,58,4.71,0,Home
E001200,P00901,2025-07-05 05:30:00,2025-07-06 18:23:00,Orthopedics,36,Emergency Department,Self Pay,63,1.54,0,Home
E001585,P00245,2025-07-05 09:15:00,2025-07-09 11:35:00,Neurology,28,Emergency Department,Medicare,29,4.10,0,Rehab
E000574,P01047,2025-07-05 15:30:00,2025-07-10 16:54:00,Med/Surg,72,Emergency Department,Self Pay,35,5.06,0,Home
E000952,P01278,2025-07-05 16:00:00,2025-07-09 22:51:00,Med/Surg,72,Direct Admit,Medicaid,48,4.29,0,Home
E002005,P01231,2025-07-05 18:00:00,2025-07-09 13:21:00,Telemetry,48,Emergency Department,Medicare,89,3.81,1,Home Health
E002001,P00436,2025-07-05 20:00:00,2025-07-08 14:21:00,Orthopedics,36,Emergency Department,Medicaid,72,2.76,0,Home
E000749,P00046,2025-07-06 11:15:00,2025-07-09 12:15:00,Orthopedics,36,Emergency Department,Medicare,72,3.04,0,Home
E001496,P00737,2025-07-06 11:30:00,2025-07-09 23:15:00,Med/Surg,72,Emergency Department,Self Pay,76,3.49,0,Home
E000469,P01284,2025-07-06 16:30:00,2025-07-12 05:24:00,Telemetry,48,Scheduled Procedure,Medicaid,29,5.54,0,Home
E002192,P00988,2025-07-06 17:00:00,2025-07-19 20:22:00,Cardiology,40,Emergency Department,Self Pay,57,13.14,0,Home
E002111,P00117,2025-07-07 00:45:00,2025-07-11 10:41:00,Neurology,28,Emergency Department,Self Pay,92,4.41,0,Skilled Nursing Facility
E000567,P00196,2025-07-07 02:00:00,2025-07-11 04:18:00,Neurology,28,Scheduled Procedure,Self Pay,62,4.10,0,Home
E000906,P00314,2025-07-07 08:00:00,2025-07-10 01:42:00,Med/Surg,72,Emergency Department,Commercial,60,2.74,0,Home
E000724,P00070,2025-07-07 13:30:00,2025-07-10 14:11:00,Med/Surg,72,Emergency Department,Self Pay,53,3.03,0,Rehab
E001518,P00740,2025-07-07 14:30:00,2025-07-11 21:20:00,Med/Surg,72,Emergency Department,Medicaid,45,4.29,0,Home
E000331,P01166,2025-07-07 14:45:00,2025-07-18 14:15:00,ICU,24,Emergency Department,Commercial,45,10.98,0,Home
E000804,P01133,2025-07-07 20:45:00,2025-07-17 19:26:00,Orthopedics,36,Transfer,Medicaid,52,9.95,0,Home
E000588,P01146,2025-07-08 06:45:00,2025-07-11 09:28:00,Cardiology,40,Emergency Department,Medicaid,52,3.11,0,Home
E000701,P00085,2025-07-08 10:00:00,2025-07-14 20:11:00,ICU,24,Emergency Department,Medicaid,84,6.42,0,Home
E001669,P01230,2025-07-08 10:15:00,2025-07-13 04:47:00,Orthopedics,36,Emergency Department,Medicare,83,4.77,0,Home
E000541,P00846,2025-07-08 11:45:00,2025-07-11 16:09:00,Telemetry,48,Transfer,Medicaid,54,3.18,0,Expired
E001639,P01103,2025-07-08 14:15:00,2025-07-11 04:01:00,Med/Surg,72,Emergency Department,Commercial,19,2.57,0,Home
E002071,P00615,2025-07-08 14:45:00,2025-07-10 19:14:00,Telemetry,48,Emergency Department,Medicare,79,2.19,0,Home
E001419,P01003,2025-07-08 20:30:00,2025-07-13 08:40:00,Med/Surg,72,Transfer,Medicaid,77,4.51,0,Home Health
E001270,P00747,2025-07-08 22:15:00,2025-07-14 05:51:00,ICU,24,Emergency Department,Medicaid,44,5.32,0,Home
E001602,P01245,2025-07-08 22:30:00,2025-07-12 20:42:00,Telemetry,48,Scheduled Procedure,Self Pay,74,3.93,0,Home
E001672,P01038,2025-07-08 23:45:00,2025-07-16 16:14:00,ICU,24,Emergency Department,Self Pay,49,7.69,0,Home
E001556,P00437,2025-07-09 00:45:00,2025-07-13 11:56:00,Orthopedics,36,Transfer,Medicare,20,4.47,0,Home
E001317,P00026,2025-07-09 03:45:00,2025-07-13 02:58:00,Cardiology,40,Transfer,Medicaid,70,3.97,0,Home
E000071,P00390,2025-07-09 06:00:00,2025-07-12 11:37:00,Med/Surg,72,Emergency Department,Medicaid,38,3.23,0,Home
E002161,P00515,2025-07-09 09:30:00,2025-07-11 22:31:00,Telemetry,48,Direct Admit,Commercial,76,2.54,0,Home
E001834,P00316,2025-07-09 19:15:00,2025-07-13 21:06:00,Telemetry,48,Scheduled Procedure,Medicaid,88,4.08,0,Home
E000695,P00228,2025-07-09 20:45:00,2025-07-13 06:08:00,Telemetry,48,Emergency Department,Medicaid,41,3.39,0,Home
E000536,P01062,2025-07-09 22:15:00,2025-07-12 18:49:00,Cardiology,40,Emergency Department,Medicaid,83,2.86,0,Expired
E000101,P00221,2025-07-09 22:45:00,2025-07-12 08:17:00,Telemetry,48,Emergency Department,Medicare,71,2.40,0,Rehab
E001398,P01186,2025-07-10 00:15:00,2025-07-15 11:54:00,Telemetry,48,Direct Admit,Self Pay,40,5.49,0,Home Health
E000862,P00914,2025-07-10 09:00:00,2025-07-14 20:05:00,Neurology,28,Direct Admit,Medicaid,64,4.46,0,Rehab
E001780,P00767,2025-07-10 11:30:00,2025-07-19 16:55:00,ICU,24,Emergency Department,Medicaid,92,9.23,0,Home
E000670,P00087,2025-07-10 12:00:00,2025-07-14 22:29:00,Neurology,28,Emergency Department,Medicaid,38,4.44,0,Skilled Nursing Facility
E000978,P00270,2025-07-10 16:30:00,2025-07-16 17:37:00,Neurology,28,Transfer,Medicaid,27,6.05,0,Home
E001281,P00626,2025-07-10 16:30:00,2025-07-13 19:37:00,Med/Surg,72,Emergency Department,Commercial,29,3.13,0,Home
E000870,P00380,2025-07-10 17:30:00,2025-07-15 07:39:00,Telemetry,48,Emergency Department,Commercial,91,4.59,1,Expired
E000710,P00423,2025-07-11 01:30:00,2025-07-18 17:15:00,Telemetry,48,Emergency Department,Medicare,26,7.66,0,Skilled Nursing Facility
E000573,P00479,2025-07-11 03:30:00,2025-07-14 15:11:00,Cardiology,40,Emergency Department,Commercial,89,3.49,0,Skilled Nursing Facility
E000348,P01179,2025-07-11 08:00:00,2025-07-23 15:07:00,Telemetry,48,Emergency Department,Medicare,64,12.30,0,Home
E000524,P00631,2025-07-12 00:15:00,2025-07-14 14:02:00,Cardiology,40,Transfer,Commercial,27,2.57,0,Home
E000618,P00489,2025-07-12 02:00:00,2025-07-19 04:04:00,ICU,24,Emergency Department,Commercial,86,7.09,0,Home
E000208,P00081,2025-07-12 05:15:00,2025-07-17 19:50:00,ICU,24,Emergency Department,Commercial,61,5.61,0,Home
E000438,P00536,2025-07-12 06:45:00,2025-07-17 23:20:00,Cardiology,40,Emergency Department,Commercial,66,5.69,0,Home
E001134,P01220,2025-07-12 06:45:00,2025-07-16 04:55:00,Telemetry,48,Transfer,Medicaid,52,3.92,0,Home
E001042,P00791,2025-07-12 10:15:00,2025-07-17 14:18:00,Med/Surg,72,Emergency Department,Medicaid,67,5.17,0,Home
E000363,P01138,2025-07-12 11:45:00,2025-07-16 10:19:00,Telemetry,48,Emergency Department,Medicaid,19,3.94,0,Home
E001493,P01111,2025-07-12 14:45:00,2025-07-18 02:51:00,Med/Surg,72,Emergency Department,Medicare,42,5.50,0,Home Health
E001589,P00850,2025-07-12 21:45:00,2025-07-17 20:33:00,Med/Surg,72,Transfer,Self Pay,82,4.95,0,Home
E000476,P00028,2025-07-13 04:15:00,2025-07-16 22:18:00,Neurology,28,Emergency Department,Medicare,39,3.75,0,Rehab
E001809,P01283,2025-07-13 05:00:00,2025-07-26 23:42:00,Cardiology,40,Direct Admit,Medicaid,39,13.78,1,Home
E002151,P00414,2025-07-13 07:15:00,2025-07-18 00:34:00,Orthopedics,36,Scheduled Procedure,Self Pay,33,4.72,0,Home Health
E000214,P01278,2025-07-13 12:30:00,2025-07-18 23:33:00,Med/Surg,72,Emergency Department,Self Pay,70,5.46,0,Expired
E001148,P01119,2025-07-14 00:30:00,2025-07-16 07:59:00,Orthopedics,36,Direct Admit,Self Pay,34,2.31,0,Home
E000104,P00293,2025-07-14 06:15:00,2025-07-16 19:55:00,Orthopedics,36,Emergency Department,Medicare,43,2.57,0,Home
E000047,P00990,2025-07-14 09:00:00,2025-07-17 00:06:00,Telemetry,48,Emergency Department,Medicaid,45,2.63,0,Home
E001368,P00555,2025-07-14 16:30:00,2025-07-20 00:49:00,Med/Surg,72,Emergency Department,Commercial,43,5.35,0,Skilled Nursing Facility
E000963,P00050,2025-07-14 20:15:00,2025-07-17 22:02:00,Med/Surg,72,Emergency Department,Medicare,66,3.07,0,Home
E001235,P00875,2025-07-15 01:15:00,2025-07-17 22:49:00,Med/Surg,72,Emergency Department,Commercial,51,2.90,0,Home Health
E001298,P00024,2025-07-15 06:45:00,2025-07-19 01:58:00,Orthopedics,36,Transfer,Self Pay,87,3.80,0,Rehab
E000415,P00959,2025-07-15 08:45:00,2025-07-21 17:42:00,Neurology,28,Direct Admit,Medicare,21,6.37,0,Home
E002129,P01005,2025-07-15 09:30:00,2025-07-19 08:02:00,Telemetry,48,Emergency Department,Self Pay,21,3.94,0,Home
E001100,P00543,2025-07-15 13:45:00,2025-07-19 20:12:00,Cardiology,40,Emergency Department,Self Pay,73,4.27,0,Home
E000646,P01218,2025-07-15 17:45:00,2025-07-17 18:12:00,Telemetry,48,Emergency Department,Medicaid,26,2.02,0,Home
E000583,P01057,2025-07-15 18:15:00,2025-07-20 08:05:00,Telemetry,48,Emergency Department,Medicare,29,4.58,0,Home
E001740,P00821,2025-07-15 20:15:00,2025-07-18 08:47:00,Telemetry,48,Emergency Department,Commercial,24,2.52,0,Home
E000048,P00094,2025-07-16 07:15:00,2025-07-20 16:01:00,Orthopedics,36,Emergency Department,Medicare,49,4.37,0,Skilled Nursing Facility
E000950,P00446,2025-07-16 07:45:00,2025-07-18 14:58:00,Med/Surg,72,Transfer,Medicare,89,2.30,0,Skilled Nursing Facility
E001742,P00636,2025-07-16 08:00:00,2025-07-19 12:44:00,Med/Surg,72,Direct Admit,Commercial,47,3.20,0,Home Health
E002084,P00960,2025-07-16 08:00:00,2025-07-23 00:56:00,ICU,24,Transfer,Medicare,48,6.71,0,Home
E001536,P00044,2025-07-16 11:45:00,2025-07-21 04:28:00,Med/Surg,72,Emergency Department,Medicaid,22,4.70,0,Home
E000475,P00920,2025-07-16 14:30:00,2025-07-18 16:02:00,Orthopedics,36,Emergency Department,Medicaid,47,2.06,0,Home
E001455,P00069,2025-07-16 16:45:00,2025-07-19 11:46:00,Telemetry,48,Scheduled Procedure,Medicaid,68,2.79,0,Expired
E001158,P01091,2025-07-16 18:15:00,2025-07-22 04:06:00,Cardiology,40,Direct Admit,Commercial,30,5.41,0,Home
E000194,P01089,2025-07-17 05:30:00,2025-07-22 11:03:00,Med/Surg,72,Direct Admit,Medicaid,28,5.23,0,Home Health
E000920,P00253,2025-07-17 08:45:00,2025-07-21 13:33:00,Med/Surg,72,Emergency Department,Self Pay,40,4.20,0,Home
E001023,P00796,2025-07-17 09:00:00,2025-07-21 22:34:00,Cardiology,40,Emergency Department,Medicaid,75,4.57,0,Home
E000579,P01046,2025-07-17 11:30:00,2025-07-22 06:01:00,Med/Surg,72,Transfer,Medicare,51,4.77,0,Rehab
E000369,P00089,2025-07-17 13:45:00,2025-07-20 19:44:00,Cardiology,40,Emergency Department,Medicaid,73,3.25,0,Home
E001087,P00248,2025-07-17 15:00:00,2025-07-20 20:53:00,Orthopedics,36,Transfer,Commercial,25,3.25,0,Home
E000137,P00702,2025-07-17 18:00:00,2025-07-22 15:55:00,ICU,24,Emergency Department,Medicaid,73,4.91,0,Home
E001603,P01106,2025-07-18 02:15:00,2025-07-23 17:36:00,Cardiology,40,Direct Admit,Medicare,90,5.64,0,Home Health
E001918,P01228,2025-07-18 03:15:00,2025-07-23 07:15:00,Med/Surg,72,Scheduled Procedure,Medicare,49,5.17,0,Skilled Nursing Facility
E001693,P00086,2025-07-18 08:30:00,2025-07-21 16:10:00,Neurology,28,Scheduled Procedure,Medicare,53,3.32,0,Home
E001923,P00346,2025-07-18 12:45:00,2025-07-23 21:58:00,Neurology,28,Emergency Department,Medicaid,79,5.38,0,Skilled Nursing Facility
E000641,P00333,2025-07-18 17:30:00,2025-07-22 01:01:00,Neurology,28,Emergency Department,Medicare,21,3.31,0,Home
E000186,P00612,2025-07-18 18:00:00,2025-07-20 19:00:00,Telemetry,48,Emergency Department,Medicaid,71,2.04,0,Home
E001204,P00694,2025-07-19 03:30:00,2025-07-20 16:44:00,Orthopedics,36,Emergency Department,Medicaid,82,1.55,0,Home
E000838,P00080,2025-07-19 04:30:00,2025-07-25 19:29:00,ICU,24,Emergency Department,Self Pay,69,6.62,0,Home
E001207,P00088,2025-07-19 22:00:00,2025-07-24 15:32:00,Telemetry,48,Emergency Department,Commercial,70,4.73,0,Home
E000654,P00903,2025-07-20 00:00:00,2025-07-22 10:23:00,Med/Surg,72,Direct Admit,Medicare,68,2.43,0,Home Health
E001652,P00005,2025-07-20 03:15:00,2025-07-25 08:27:00,Med/Surg,72,Emergency Department,Self Pay,25,5.22,0,Expired
E001165,P00712,2025-07-20 05:15:00,2025-07-22 23:50:00,Telemetry,48,Emergency Department,Commercial,22,2.77,0,Home
E002143,P00123,2025-07-20 11:45:00,2025-07-26 07:49:00,Neurology,28,Emergency Department,Medicare,20,5.84,0,Home
E001067,P00897,2025-07-20 14:15:00,2025-07-25 11:10:00,Cardiology,40,Emergency Department,Commercial,76,4.87,0,Home
E000459,P00899,2025-07-21 03:45:00,2025-07-25 19:25:00,Telemetry,48,Transfer,Medicaid,18,4.65,0,Home
E000422,P00518,2025-07-21 06:30:00,2025-07-24 10:01:00,Orthopedics,36,Emergency Department,Self Pay,32,3.15,0,Home
E000027,P00807,2025-07-21 09:15:00,2025-07-26 22:38:00,Med/Surg,72,Emergency Department,Medicare,65,5.56,0,Home
E001036,P00339,2025-07-21 16:00:00,2025-07-25 18:43:00,Cardiology,40,Direct Admit,Commercial,61,4.11,0,Home Health
E000434,P00358,2025-07-21 20:45:00,2025-07-28 00:29:00,ICU,24,Scheduled Procedure,Commercial,75,6.16,0,Expired
E000180,P00990,2025-07-21 21:15:00,2025-07-23 14:20:00,Orthopedics,36,Emergency Department,Medicare,91,1.71,1,Expired
E001344,P00882,2025-07-21 23:00:00,2025-07-25 05:39:00,Med/Surg,72,Scheduled Procedure,Medicaid,22,3.28,0,Home Health
E000997,P00866,2025-07-22 01:15:00,2025-07-26 14:27:00,Telemetry,48,Direct Admit,Medicaid,26,4.55,0,Home Health
E000130,P00671,2025-07-22 03:15:00,2025-07-24 16:50:00,Med/Surg,72,Direct Admit,Self Pay,87,2.57,0,Home
E000986,P00787,2025-07-22 18:00:00,2025-07-29 02:11:00,Neurology,28,Emergency Department,Self Pay,18,6.34,0,Home
E001475,P00343,2025-07-22 18:00:00,2025-07-27 03:30:00,Orthopedics,36,Emergency Department,Self Pay,29,4.40,0,Expired
E000018,P01135,2025-07-22 21:30:00,2025-07-25 02:13:00,Orthopedics,36,Emergency Department,Medicaid,44,2.20,0,Skilled Nursing Facility
E000668,P00168,2025-07-23 07:00:00,2025-07-27 22:06:00,Cardiology,40,Direct Admit,Commercial,89,4.63,0,Home
E000861,P00263,2025-07-23 07:45:00,2025-07-24 17:04:00,Orthopedics,36,Emergency Department,Self Pay,48,1.39,0,Home
E001560,P01101,2025-07-23 22:15:00,2025-08-03 04:35:00,Cardiology,40,Emergency Department,Commercial,33,10.26,0,Home
E001581,P01010,2025-07-23 22:15:00,2025-07-26 11:33:00,Med/Surg,72,Emergency Department,Commercial,53,2.55,0,Home
E001582,P00037,2025-07-24 02:00:00,2025-07-31 06:08:00,ICU,24,Emergency Department,Medicare,39,7.17,0,Home
E001028,P01004,2025-07-24 02:45:00,2025-07-26 05:44:00,Orthopedics,36,Emergency Department,Medicaid,25,2.12,0,Skilled Nursing Facility
E000540,P01237,2025-07-24 04:30:00,2025-07-29 01:17:00,Orthopedics,36,Emergency Department,Medicaid,30,4.87,0,Skilled Nursing Facility
E001428,P00368,2025-07-24 07:15:00,2025-07-27 18:53:00,Med/Surg,72,Emergency Department,Medicare,46,3.48,0,Home
E002031,P00916,2025-07-24 09:00:00,2025-07-27 11:44:00,Neurology,28,Scheduled Procedure,Self Pay,44,3.11,0,Home
E001601,P00090,2025-07-24 16:45:00,2025-07-30 00:59:00,Med/Surg,72,Direct Admit,Medicare,38,5.34,0,Home
E000652,P01106,2025-07-24 19:15:00,2025-07-30 03:14:00,Neurology,28,Transfer,Self Pay,18,5.33,0,Home
E001583,P00011,2025-07-25 07:00:00,2025-07-28 15:23:00,Telemetry,48,Emergency Department,Medicaid,20,3.35,0,Home
E002183,P00439,2025-07-25 09:00:00,2025-07-28 20:52:00,Cardiology,40,Scheduled Procedure,Commercial,30,3.50,0,Expired
E000343,P00005,2025-07-25 11:30:00,2025-07-30 11:52:00,Neurology,28,Scheduled Procedure,Commercial,43,5.02,0,Home
E001661,P00146,2025-07-25 12:30:00,2025-08-05 22:30:00,ICU,24,Direct Admit,Self Pay,53,11.42,0,Home
E000849,P01262,2025-07-25 14:45:00,2025-07-30 21:42:00,Med/Surg,72,Scheduled Procedure,Self Pay,23,5.29,0,Home
E001558,P01164,2025-07-25 15:15:00,2025-07-29 20:16:00,Med/Surg,72,Emergency Department,Medicaid,50,4.21,0,Expired
E001874,P00694,2025-07-25 17:30:00,2025-07-29 04:23:00,Orthopedics,36,Emergency Department,Commercial,32,3.45,1,Home
E001636,P01251,2025-07-25 22:45:00,2025-07-28 14:54:00,Orthopedics,36,Emergency Department,Medicaid,38,2.67,0,Home
E001759,P01178,2025-07-26 01:15:00,2025-07-27 22:06:00,Orthopedics,36,Transfer,Medicare,64,1.87,0,Home
E000190,P00697,2025-07-26 05:45:00,2025-08-04 10:45:00,ICU,24,Transfer,Self Pay,31,9.21,0,Home
E001275,P00828,2025-07-26 12:30:00,2025-07-29 04:35:00,Cardiology,40,Transfer,Commercial,78,2.67,0,Home
E002010,P00447,2025-07-26 19:15:00,2025-08-01 10:43:00,Med/Surg,72,Transfer,Medicaid,45,5.64,0,Home
E001974,P00307,2025-07-26 20:15:00,2025-07-29 15:57:00,Cardiology,40,Emergency Department,Self Pay,41,2.82,0,Home
E000933,P00376,2025-07-27 00:00:00,2025-07-29 02:54:00,Telemetry,48,Scheduled Procedure,Commercial,77,2.12,0,Home
E000747,P00519,2025-07-27 02:30:00,2025-07-29 09:51:00,Orthopedics,36,Direct Admit,Self Pay,55,2.31,0,Home
E001374,P00944,2025-07-27 12:15:00,2025-07-30 05:48:00,Med/Surg,72,Transfer,Medicaid,45,2.73,0,Skilled Nursing Facility
E000354,P01171,2025-07-27 16:15:00,2025-07-30 22:23:00,Telemetry,48,Emergency Department,Medicare,52,3.26,0,Skilled Nursing Facility
E000562,P01259,2025-07-27 23:15:00,2025-08-01 00:25:00,Med/Surg,72,Direct Admit,Commercial,65,4.05,0,Home
E001044,P00965,2025-07-28 01:15:00,2025-07-31 21:41:00,Med/Surg,72,Emergency Department,Commercial,43,3.85,0,Home
E002112,P00920,2025-07-28 01:30:00,2025-07-29 21:01:00,Orthopedics,36,Emergency Department,Commercial,48,1.81,1,Home
E000063,P01280,2025-07-28 13:00:00,2025-08-04 01:45:00,ICU,24,Transfer,Medicare,88,6.53,0,Home
E000566,P00336,2025-07-28 13:00:00,2025-07-30 06:41:00,Orthopedics,36,Emergency Department,Self Pay,51,1.74,0,Home
E002008,P00401,2025-07-28 13:15:00,2025-08-02 18:37:00,Med/Surg,72,Scheduled Procedure,Self Pay,41,5.22,0,Home
E001511,P01278,2025-07-28 13:45:00,2025-08-02 18:56:00,Telemetry,48,Scheduled Procedure,Medicare,57,5.22,1,Home Health
E001288,P00075,2025-07-28 14:30:00,2025-08-03 08:20:00,ICU,24,Scheduled Procedure,Commercial,59,5.74,0,Home Health
E000360,P00759,2025-07-28 20:15:00,2025-08-03 00:34:00,Cardiology,40,Transfer,Commercial,23,5.18,0,Expired
E000760,P01121,2025-07-28 21:15:00,2025-08-01 14:41:00,Med/Surg,72,Scheduled Procedure,Self Pay,26,3.73,0,Home
E000233,P00204,2025-08-01 03:00:00,2025-08-04 04:15:00,Orthopedics,36,Emergency Department,Commercial,60,3.05,0,Home Health
E000187,P00218,2025-08-01 11:45:00,2025-08-04 17:55:00,Telemetry,48,Emergency Department,Commercial,63,3.26,0,Home
E002081,P00260,2025-08-01 13:45:00,2025-08-08 09:27:00,ICU,24,Direct Admit,Commercial,65,6.82,0,Home
E000697,P01044,2025-08-01 14:15:00,2025-08-11 02:31:00,ICU,24,Emergency Department,Medicare,39,9.51,1,Home
E002046,P01062,2025-08-01 15:15:00,2025-08-05 07:25:00,Med/Surg,72,Emergency Department,Medicare,82,3.67,0,Home
E001660,P00747,2025-08-01 18:15:00,2025-08-07 11:08:00,Med/Surg,72,Emergency Department,Commercial,70,5.70,0,Expired
E001443,P00529,2025-08-01 20:00:00,2025-08-05 13:07:00,Med/Surg,72,Emergency Department,Medicare,91,3.71,0,Home
E000534,P00800,2025-08-02 01:00:00,2025-08-06 08:07:00,Cardiology,40,Direct Admit,Medicaid,40,4.30,0,Home
E001358,P01185,2025-08-02 01:15:00,2025-08-07 09:13:00,Neurology,28,Emergency Department,Medicaid,89,5.33,0,Rehab
E001824,P00838,2025-08-02 02:15:00,2025-08-06 16:28:00,Neurology,28,Emergency Department,Self Pay,64,4.59,0,Home
E000547,P00657,2025-08-02 03:45:00,2025-08-06 10:19:00,Telemetry,48,Emergency Department,Commercial,76,4.27,0,Home
E000050,P00189,2025-08-02 04:15:00,2025-08-07 03:05:00,ICU,24,Emergency Department,Commercial,57,4.95,0,Rehab
E001719,P00528,2025-08-02 05:45:00,2025-08-06 04:34:00,Med/Surg,72,Direct Admit,Medicaid,90,3.95,0,Home
E000089,P01264,2025-08-02 06:15:00,2025-08-07 17:39:00,Telemetry,48,Emergency Department,Medicare,31,5.48,0,Rehab
E000733,P00508,2025-08-02 22:00:00,2025-08-10 01:02:00,ICU,24,Transfer,Medicare,71,7.13,0,Home
E002096,P00473,2025-08-03 02:30:00,2025-08-06 08:13:00,Cardiology,40,Emergency Department,Medicaid,31,3.24,0,Home
E002150,P00749,2025-08-03 03:00:00,2025-08-07 17:25:00,ICU,24,Emergency Department,Commercial,28,4.60,0,Skilled Nursing Facility
E001063,P00117,2025-08-03 03:45:00,2025-08-05 09:24:00,Orthopedics,36,Scheduled Procedure,Self Pay,48,2.24,0,Home
E000218,P00703,2025-08-03 05:45:00,2025-08-13 09:36:00,Neurology,28,Emergency Department,Commercial,72,10.16,0,Home
E002168,P00793,2025-08-03 07:00:00,2025-08-08 06:32:00,Telemetry,48,Emergency Department,Commercial,23,4.98,0,Home
E000364,P00706,2025-08-03 09:30:00,2025-08-07 06:32:00,Cardiology,40,Emergency Department,Commercial,29,3.88,0,Home
E001092,P00648,2025-08-03 11:00:00,2025-08-06 11:00:00,Telemetry,48,Emergency Department,Commercial,59,3.00,0,Home
E000780,P00865,2025-08-03 13:15:00,2025-08-06 08:32:00,Cardiology,40,Direct Admit,Medicaid,54,2.80,0,Expired
E001214,P00013,2025-08-03 18:30:00,2025-08-06 12:37:00,Telemetry,48,Emergency Department,Commercial,72,2.76,0,Home
E002136,P00048,2025-08-04 02:00:00,2025-08-08 10:55:00,ICU,24,Transfer,Commercial,61,4.37,0,Home Health
E001003,P01074,2025-08-04 03:00:00,2025-08-07 15:21:00,Med/Surg,72,Emergency Department,Medicaid,73,3.51,0,Home
E000983,P01120,2025-08-04 03:30:00,2025-08-08 20:50:00,Telemetry,48,Scheduled Procedure,Self Pay,81,4.72,0,Home
E001802,P01014,2025-08-04 08:45:00,2025-08-08 10:15:00,Telemetry,48,Emergency Department,Self Pay,29,4.06,0,Home
E001788,P01123,2025-08-04 09:30:00,2025-08-06 17:31:00,Med/Surg,72,Direct Admit,Commercial,29,2.33,0,Home Health
E000564,P00909,2025-08-04 23:45:00,2025-08-09 07:21:00,Med/Surg,72,Emergency Department,Medicare,50,4.32,0,Home
E001549,P01054,2025-08-05 07:45:00,2025-08-08 03:07:00,Orthopedics,36,Emergency Department,Commercial,50,2.81,0,Home Health
E000716,P00119,2025-08-05 08:30:00,2025-08-09 07:29:00,Telemetry,48,Transfer,Commercial,18,3.96,0,Home
E001414,P00715,2025-08-05 09:15:00,2025-08-11 13:10:00,ICU,24,Emergency Department,Medicare,61,6.16,0,Home
E000597,P00509,2025-08-05 13:15:00,2025-08-08 06:05:00,Telemetry,48,Emergency Department,Medicaid,20,2.70,0,Home
E001081,P00401,2025-08-05 20:00:00,2025-08-11 03:25:00,Cardiology,40,Emergency Department,Commercial,87,5.31,0,Home
E001079,P00600,2025-08-05 20:15:00,2025-08-08 18:14:00,Orthopedics,36,Emergency Department,Medicaid,19,2.92,0,Home Health
E001554,P00898,2025-08-05 23:45:00,2025-08-10 15:36:00,Orthopedics,36,Transfer,Self Pay,84,4.66,0,Home
E000828,P01150,2025-08-06 04:00:00,2025-08-11 18:39:00,Cardiology,40,Transfer,Medicare,33,5.61,0,Expired
E002178,P00666,2025-08-06 09:00:00,2025-08-09 23:15:00,Orthopedics,36,Scheduled Procedure,Medicaid,72,3.59,0,Home
E000555,P01218,2025-08-06 12:30:00,2025-08-11 07:38:00,Orthopedics,36,Scheduled Procedure,Self Pay,74,4.80,0,Home
E001143,P00659,2025-08-06 13:15:00,2025-08-11 16:41:00,Med/Surg,72,Transfer,Medicare,19,5.14,0,Home
E000213,P00605,2025-08-06 16:30:00,2025-08-10 06:44:00,Orthopedics,36,Direct Admit,Self Pay,84,3.59,0,Rehab
E001655,P00710,2025-08-06 21:00:00,2025-08-11 03:47:00,Cardiology,40,Scheduled Procedure,Commercial,62,4.28,0,Expired
E001390,P00521,2025-08-07 01:00:00,2025-08-17 21:59:00,Neurology,28,Emergency Department,Medicare,23,10.87,0,Home
E000500,P01150,2025-08-07 08:30:00,2025-08-10 09:11:00,Telemetry,48,Transfer,Medicare,85,3.03,0,Home
E000841,P00966,2025-08-07 12:45:00,2025-08-11 03:37:00,Cardiology,40,Direct Admit,Medicaid,21,3.62,0,Home
E001706,P00559,2025-08-07 23:00:00,2025-08-16 20:07:00,ICU,24,Direct Admit,Self Pay,28,8.88,0,Home
E001480,P00429,2025-08-08 01:00:00,2025-08-11 20:29:00,Neurology,28,Emergency Department,Self Pay,78,3.81,0,Home
E001310,P00019,2025-08-08 06:15:00,2025-08-12 10:54:00,Med/Surg,72,Emergency Department,Medicaid,90,4.19,0,Home Health
E000449,P00886,2025-08-08 08:45:00,2025-08-11 11:10:00,Telemetry,48,Emergency Department,Medicaid,39,3.10,0,Home Health
E001894,P01102,2025-08-08 08:45:00,2025-08-13 00:26:00,Med/Surg,72,Direct Admit,Self Pay,28,4.65,0,Home
E001445,P00234,2025-08-08 20:30:00,2025-08-14 11:22:00,Cardiology,40,Transfer,Medicare,37,5.62,1,Skilled Nursing Facility
E000582,P00347,2025-08-08 21:30:00,2025-08-12 11:21:00,Orthopedics,36,Scheduled Procedure,Medicaid,83,3.58,0,Home
E001223,P00441,2025-08-09 01:00:00,2025-08-12 01:38:00,Cardiology,40,Emergency Department,Medicare,83,3.03,0,Home
E000144,P00238,2025-08-09 06:30:00,2025-08-12 16:16:00,Cardiology,40,Emergency Department,Commercial,92,3.41,0,Home
E002187,P00381,2025-08-09 06:30:00,2025-08-13 09:45:00,Cardiology,40,Direct Admit,Medicare,81,4.14,0,Home
E000399,P01019,2025-08-09 06:45:00,2025-08-11 18:57:00,Med/Surg,72,Emergency Department,Medicare,90,2.51,0,Home
E001758,P01155,2025-08-09 07:30:00,2025-08-15 09:09:00,Cardiology,40,Direct Admit,Medicaid,70,6.07,0,Expired
E001880,P00313,2025-08-09 09:00:00,2025-08-12 16:04:00,Orthopedics,36,Emergency Department,Medicaid,47,3.29,0,Home
E000520,P00562,2025-08-09 16:15:00,2025-08-14 13:49:00,Med/Surg,72,Emergency Department,Self Pay,49,4.90,0,Expired
E001402,P00321,2025-08-09 19:00:00,2025-08-14 16:16:00,Neurology,28,Direct Admit,Medicare,41,4.89,0,Home
E002025,P00489,2025-08-09 22:15:00,2025-08-12 15:20:00,Telemetry,48,Emergency Department,Commercial,55,2.71,0,Home
E001723,P00699,2025-08-10 01:15:00,2025-08-12 10:48:00,Med/Surg,72,Scheduled Procedure,Medicare,46,2.40,0,Rehab
E001928,P00383,2025-08-10 03:15:00,2025-08-13 00:21:00,Orthopedics,36,Emergency Department,Medicare,52,2.88,0,Home Health
E001432,P01218,2025-08-10 06:45:00,2025-08-14 17:50:00,Cardiology,40,Scheduled Procedure,Medicaid,77,4.46,0,Skilled Nursing Facility
E000496,P00851,2025-08-10 08:30:00,2025-08-24 06:41:00,Med/Surg,72,Transfer,Self Pay,42,13.92,0,Home
E001686,P01099,2025-08-10 09:15:00,2025-08-13 21:04:00,Orthopedics,36,Transfer,Commercial,43,3.49,0,Expired
E000705,P00130,2025-08-10 13:45:00,2025-08-14 16:31:00,Neurology,28,Direct Admit,Medicare,24,4.12,0,Home
E000977,P00011,2025-08-10 14:15:00,2025-08-14 18:59:00,Cardiology,40,Emergency Department,Medicare,81,4.20,0,Home Health
E000366,P00630,2025-08-10 14:30:00,2025-08-15 20:27:00,Telemetry,48,Emergency Department,Medicare,87,5.25,0,Home
E002140,P01060,2025-08-11 00:45:00,2025-08-14 10:55:00,Med/Surg,72,Emergency Department,Commercial,47,3.42,0,Home
E001688,P00852,2025-08-11 03:15:00,2025-08-16 09:29:00,Med/Surg,72,Emergency Department,Medicare,48,5.26,0,Home
E000204,P00696,2025-08-11 07:15:00,2025-08-17 08:23:00,Neurology,28,Transfer,Self Pay,58,6.05,0,Home
E001240,P00063,2025-08-11 08:00:00,2025-08-20 12:47:00,ICU,24,Scheduled Procedure,Medicare,32,9.20,0,Home
E001064,P00810,2025-08-11 08:45:00,2025-08-16 11:29:00,Med/Surg,72,Transfer,Commercial,21,5.11,0,Home Health
E000350,P00407,2025-08-11 10:15:00,2025-08-15 17:24:00,ICU,24,Scheduled Procedure,Commercial,75,4.30,0,Home
E000259,P00412,2025-08-11 16:45:00,2025-08-16 18:28:00,Telemetry,48,Emergency Department,Medicaid,53,5.07,0,Home
E000382,P01059,2025-08-11 17:00:00,2025-08-19 00:26:00,ICU,24,Emergency Department,Commercial,89,7.31,0,Rehab
E001879,P00436,2025-08-12 03:30:00,2025-08-14 09:51:00,Orthopedics,36,Emergency Department,Self Pay,75,2.26,0,Home
E001872,P01138,2025-08-12 06:30:00,2025-08-17 13:14:00,Telemetry,48,Emergency Department,Medicare,76,5.28,1,Rehab
E001246,P00218,2025-08-12 09:00:00,2025-08-15 04:41:00,Telemetry,48,Transfer,Medicaid,73,2.82,1,Rehab
E000418,P00942,2025-08-12 10:30:00,2025-08-16 01:23:00,Cardiology,40,Direct Admit,Self Pay,43,3.62,0,Home
E001437,P00095,2025-08-12 12:15:00,2025-08-14 19:21:00,Orthopedics,36,Emergency Department,Medicare,46,2.30,0,Home
E001737,P01252,2025-08-12 14:00:00,2025-08-17 09:17:00,Cardiology,40,Scheduled Procedure,Commercial,60,4.80,0,Home Health
E001183,P00500,2025-08-13 00:00:00,2025-08-22 10:21:00,Telemetry,48,Emergency Department,Self Pay,85,9.43,0,Home
E002152,P00126,2025-08-13 00:45:00,2025-08-19 04:39:00,ICU,24,Emergency Department,Medicare,66,6.16,0,Rehab
E001781,P00387,2025-08-13 02:30:00,2025-08-16 17:58:00,Neurology,28,Scheduled Procedure,Medicare,66,3.64,0,Home
E000874,P00147,2025-08-13 03:30:00,2025-08-17 15:43:00,Orthopedics,36,Emergency Department,Commercial,26,4.51,0,Rehab
E002044,P00058,2025-08-13 03:30:00,2025-08-18 01:35:00,ICU,24,Emergency Department,Self Pay,27,4.92,0,Home
E000299,P01164,2025-08-13 10:00:00,2025-08-16 01:17:00,Med/Surg,72,Emergency Department,Medicare,23,2.64,0,Home
E000114,P00949,2025-08-13 11:15:00,2025-08-18 17:03:00,Cardiology,40,Scheduled Procedure,Commercial,66,5.24,0,Home Health
E001410,P00681,2025-08-13 15:45:00,2025-08-17 04:16:00,Cardiology,40,Transfer,Medicare,27,3.52,0,Home
E001810,P00792,2025-08-13 19:30:00,2025-08-18 00:55:00,Telemetry,48,Emergency Department,Medicaid,19,4.23,0,Rehab
E000956,P00211,2025-08-13 20:45:00,2025-08-16 09:58:00,Med/Surg,72,Emergency Department,Commercial,73,2.55,0,Rehab
E001221,P00230,2025-08-13 21:30:00,2025-08-17 16:22:00,Telemetry,48,Direct Admit,Medicare,75,3.79,0,Home Health
E002065,P00834,2025-08-13 23:00:00,2025-08-24 19:19:00,Med/Surg,72,Emergency Department,Commercial,76,10.85,0,Home
E000791,P00576,2025-08-14 05:15:00,2025-08-18 19:39:00,Med/Surg,72,Scheduled Procedure,Self Pay,43,4.60,0,Home
E000051,P00059,2025-08-14 06:45:00,2025-08-19 19:18:00,Telemetry,48,Emergency Department,Medicaid,18,5.52,0,Home
E001171,P01007,2025-08-14 12:45:00,2025-08-17 22:16:00,Neurology,28,Transfer,Self Pay,89,3.40,0,Home Health
E001373,P00646,2025-08-14 15:30:00,2025-08-17 18:00:00,Neurology,28,Transfer,Medicare,35,3.10,0,Skilled Nursing Facility
E000246,P00123,2025-08-15 07:30:00,2025-08-18 21:21:00,Cardiology,40,Emergency Department,Medicare,25,3.58,0,Home
E002063,P00896,2025-08-15 10:45:00,2025-08-20 03:19:00,Med/Surg,72,Emergency Department,Commercial,58,4.69,0,Home
E001378,P01011,2025-08-15 12:00:00,2025-08-20 00:54:00,Telemetry,48,Emergency Department,Medicare,41,4.54,0,Home
E000954,P01245,2025-08-16 06:30:00,2025-08-21 07:04:00,Telemetry,48,Emergency Department,Self Pay,25,5.02,0,Rehab
E000035,P00123,2025-08-16 07:30:00,2025-08-20 02:55:00,Orthopedics,36,Emergency Department,Self Pay,92,3.81,0,Home Health
E001538,P01244,2025-08-16 11:00:00,2025-08-20 14:34:00,Neurology,28,Emergency Department,Medicare,32,4.15,0,Home
E000383,P00636,2025-08-16 15:15:00,2025-08-22 02:07:00,Telemetry,48,Emergency Department,Self Pay,34,5.45,0,Home
E001146,P00312,2025-08-16 16:15:00,2025-08-18 04:23:00,Orthopedics,36,Scheduled Procedure,Medicare,22,1.51,0,Home
E002027,P00295,2025-08-16 19:00:00,2025-08-21 22:25:00,Telemetry,48,Emergency Department,Commercial,50,5.14,0,Expired
E000855,P00284,2025-08-17 06:15:00,2025-08-20 19:53:00,Neurology,28,Emergency Department,Commercial,26,3.57,0,Home
E000389,P00402,2025-08-17 17:30:00,2025-08-21 06:25:00,Med/Surg,72,Emergency Department,Self Pay,79,3.54,0,Home
E000559,P00018,2025-08-17 18:30:00,2025-08-22 01:36:00,ICU,24,Emergency Department,Self Pay,50,4.30,0,Home
E001989,P01275,2025-08-17 21:00:00,2025-08-21 07:23:00,Cardiology,40,Scheduled Procedure,Commercial,64,3.43,0,Home Health
E000590,P00445,2025-08-18 00:15:00,2025-08-21 09:44:00,Med/Surg,72,Emergency Department,Medicare,41,3.40,0,Home
E001299,P00098,2025-08-18 02:00:00,2025-08-23 05:05:00,Med/Surg,72,Scheduled Procedure,Medicare,56,5.13,0,Skilled Nursing Facility
E001174,P00453,2025-08-18 03:30:00,2025-08-23 06:02:00,Telemetry,48,Emergency Department,Medicare,71,5.11,0,Home
E001856,P00235,2025-08-18 13:00:00,2025-08-25 23:29:00,ICU,24,Emergency Department,Commercial,59,7.44,0,Home
E001914,P00392,2025-08-18 16:30:00,2025-08-22 23:24:00,Telemetry,48,Emergency Department,Medicaid,54,4.29,0,Expired
E001322,P00883,2025-08-18 17:30:00,2025-08-21 21:11:00,Orthopedics,36,Transfer,Self Pay,67,3.15,0,Home
E001910,P00489,2025-08-18 18:15:00,2025-08-27 07:20:00,ICU,24,Transfer,Medicare,52,8.55,0,Rehab
E001461,P00387,2025-08-19 03:00:00,2025-08-25 08:32:00,ICU,24,Emergency Department,Commercial,49,6.23,0,Home
E000992,P01135,2025-08-19 03:45:00,2025-08-22 05:10:00,Orthopedics,36,Emergency Department,Medicaid,26,3.06,1,Home
E000944,P00415,2025-08-19 06:45:00,2025-08-21 14:09:00,Med/Surg,72,Emergency Department,Medicare,81,2.31,0,Home Health
E001795,P01264,2025-08-19 08:15:00,2025-08-23 05:55:00,ICU,24,Direct Admit,Medicare,48,3.90,0,Expired
E001451,P00783,2025-08-19 16:00:00,2025-08-22 03:32:00,Med/Surg,72,Transfer,Medicaid,48,2.48,0,Home
E000268,P00658,2025-08-19 18:15:00,2025-08-22 12:48:00,Telemetry,48,Emergency Department,Medicaid,49,2.77,0,Home
E000003,P00415,2025-08-20 00:00:00,2025-08-23 23:01:00,Telemetry,48,Transfer,Self Pay,56,3.96,0,Home
E000339,P00735,2025-08-20 09:45:00,2025-08-29 22:17:00,ICU,24,Direct Admit,Medicaid,71,9.52,0,Home
E000725,P00657,2025-08-20 10:15:00,2025-08-23 12:40:00,Cardiology,40,Emergency Department,Commercial,89,3.10,1,Home
E002020,P00500,2025-08-20 12:00:00,2025-08-31 03:21:00,Telemetry,48,Emergency Department,Commercial,23,10.64,0,Home
E001709,P00588,2025-08-20 14:00:00,2025-08-25 15:25:00,Cardiology,40,Transfer,Self Pay,42,5.06,0,Skilled Nursing Facility
E000810,P00662,2025-08-20 18:00:00,2025-08-23 19:31:00,Telemetry,48,Emergency Department,Commercial,75,3.06,0,Home
E001219,P00157,2025-08-20 18:30:00,2025-08-22 14:10:00,Orthopedics,36,Emergency Department,Self Pay,78,1.82,0,Home
E002013,P00334,2025-08-20 23:30:00,2025-08-23 01:28:00,Telemetry,48,Transfer,Medicare,74,2.08,0,Home
E000381,P00431,2025-08-21 02:15:00,2025-08-31 05:57:00,ICU,24,Direct Admit,Medicare,59,10.15,0,Home
E000303,P00473,2025-08-21 03:15:00,2025-08-26 15:03:00,Med/Surg,72,Emergency Department,Commercial,53,5.49,0,Home
E000768,P00402,2025-08-21 03:15:00,2025-08-26 06:11:00,Telemetry,48,Emergency Department,Medicare,28,5.12,0,Home Health
E000373,P00488,2025-08-21 04:15:00,2025-08-25 07:20:00,Telemetry,48,Emergency Department,Self Pay,47,4.13,0,Home Health
E000291,P00679,2025-08-21 06:45:00,2025-08-24 16:52:00,Med/Surg,72,Direct Admit,Medicaid,74,3.42,0,Home
E000702,P00606,2025-08-21 10:00:00,2025-08-25 22:10:00,Cardiology,40,Emergency Department,Commercial,31,4.51,0,Home
E001677,P00484,2025-08-21 10:15:00,2025-08-25 15:39:00,Orthopedics,36,Emergency Department,Self Pay,90,4.23,0,Expired
E001859,P01294,2025-08-21 12:15:00,2025-08-26 09:55:00,Telemetry,48,Scheduled Procedure,Self Pay,69,4.90,0,Expired
E000899,P00201,2025-08-21 13:00:00,2025-08-24 05:02:00,Orthopedics,36,Emergency Department,Commercial,56,2.67,0,Home
E000080,P00717,2025-08-21 22:00:00,2025-08-26 12:45:00,Med/Surg,72,Transfer,Self Pay,71,4.61,0,Home
E001385,P00377,2025-08-22 10:30:00,2025-08-27 18:22:00,Cardiology,40,Direct Admit,Medicaid,66,5.33,0,Home
E001646,P00077,2025-08-22 11:45:00,2025-08-24 21:17:00,Med/Surg,72,Emergency Department,Self Pay,80,2.40,0,Home
E000083,P01191,2025-08-22 18:15:00,2025-08-26 19:09:00,Med/Surg,72,Emergency Department,Medicaid,37,4.04,0,Home
E000442,P00402,2025-08-22 18:45:00,2025-08-25 17:04:00,Telemetry,48,Emergency Department,Medicaid,31,2.93,1,Home
E000309,P01133,2025-08-22 21:30:00,2025-08-26 23:09:00,Neurology,28,Emergency Department,Medicare,54,4.07,0,Home
E001765,P00868,2025-08-23 01:30:00,2025-08-27 06:49:00,Cardiology,40,Emergency Department,Self Pay,37,4.22,0,Skilled Nursing Facility
E000754,P00092,2025-08-23 04:00:00,2025-08-29 21:33:00,ICU,24,Emergency Department,Medicaid,77,6.73,0,Skilled Nursing Facility
E001255,P00814,2025-08-23 05:00:00,2025-08-25 21:54:00,Cardiology,40,Emergency Department,Medicaid,25,2.70,0,Home
E000822,P00345,2025-08-23 06:00:00,2025-08-27 03:50:00,Orthopedics,36,Transfer,Self Pay,36,3.91,0,Expired
E000273,P00544,2025-08-23 07:45:00,2025-08-27 20:23:00,Telemetry,48,Emergency Department,Commercial,65,4.53,0,Home
E001082,P00777,2025-08-24 01:30:00,2025-08-28 09:25:00,Neurology,28,Emergency Department,Medicaid,22,4.33,0,Expired
E001370,P00924,2025-08-24 01:30:00,2025-09-02 04:54:00,Neurology,28,Emergency Department,Self Pay,45,9.14,0,Home
E002196,P00539,2025-08-24 02:15:00,2025-08-28 03:00:00,Med/Surg,72,Emergency Department,Medicaid,47,4.03,0,Home
E001412,P00886,2025-08-24 02:30:00,2025-08-29 13:56:00,Med/Surg,72,Direct Admit,Medicaid,81,5.48,1,Home
E001965,P01084,2025-08-24 03:15:00,2025-08-28 15:23:00,Med/Surg,72,Emergency Department,Medicare,53,4.51,0,Skilled Nursing Facility
E002147,P01244,2025-08-24 11:00:00,2025-08-28 05:30:00,Med/Surg,72,Scheduled Procedure,Medicare,46,3.77,0,Home
E000839,P00776,2025-08-24 15:00:00,2025-09-04 00:11:00,Med/Surg,72,Emergency Department,Self Pay,67,10.38,0,Home
E001279,P00162,2025-08-24 18:45:00,2025-08-28 10:27:00,Telemetry,48,Direct Admit,Medicare,77,3.65,0,Expired
E000462,P01161,2025-08-24 21:15:00,2025-08-29 13:54:00,Med/Surg,72,Direct Admit,Self Pay,36,4.69,0,Home
E000065,P00148,2025-08-24 22:00:00,2025-08-28 15:04:00,Telemetry,48,Emergency Department,Commercial,71,3.71,0,Home
E000696,P00389,2025-08-25 01:15:00,2025-08-27 13:48:00,Cardiology,40,Transfer,Self Pay,47,2.52,0,Home Health
E001541,P01081,2025-08-25 02:00:00,2025-08-30 20:04:00,Cardiology,40,Emergency Department,Self Pay,55,5.75,0,Rehab
E002100,P00443,2025-08-25 06:00:00,2025-08-27 17:52:00,Med/Surg,72,Emergency Department,Medicaid,49,2.50,0,Expired
E002085,P01188,2025-08-25 08:30:00,2025-08-30 03:45:00,Telemetry,48,Emergency Department,Medicaid,54,4.80,0,Home
E000458,P00613,2025-08-25 22:30:00,2025-08-30 10:48:00,Telemetry,48,Direct Admit,Medicaid,30,4.51,0,Home
E000274,P00740,2025-08-25 23:15:00,2025-09-04 06:52:00,Telemetry,48,Emergency Department,Medicare,86,9.32,0,Expired
E001309,P00077,2025-08-26 01:15:00,2025-08-31 07:27:00,Cardiology,40,Direct Admit,Medicaid,83,5.26,0,Home
E001993,P00978,2025-08-26 01:30:00,2025-08-30 14:35:00,Neurology,28,Transfer,Medicare,60,4.55,0,Home
E001238,P00556,2025-08-26 03:15:00,2025-08-30 02:16:00,Orthopedics,36,Emergency Department,Commercial,42,3.96,0,Home
E001117,P01271,2025-08-26 09:45:00,2025-09-01 14:48:00,Neurology,28,Transfer,Self Pay,61,6.21,0,Home
E000430,P00800,2025-08-26 13:15:00,2025-08-30 12:29:00,Telemetry,48,Emergency Department,Self Pay,50,3.97,0,Home
E001040,P00713,2025-08-26 14:15:00,2025-08-30 02:53:00,Telemetry,48,Transfer,Self Pay,20,3.53,0,Home
E001206,P01009,2025-08-26 19:45:00,2025-08-29 06:11:00,Telemetry,48,Transfer,Self Pay,52,2.43,0,Home Health
E000169,P00541,2025-08-27 20:00:00,2025-09-01 10:25:00,Neurology,28,Emergency Department,Medicare,84,4.60,0,Expired
E001951,P01123,2025-08-27 23:00:00,2025-09-02 09:38:00,Med/Surg,72,Emergency Department,Commercial,64,5.44,1,Home Health
E000873,P01089,2025-08-28 02:30:00,2025-09-02 13:14:00,Telemetry,48,Emergency Department,Self Pay,48,5.45,0,Home
E000600,P00918,2025-08-28 03:45:00,2025-09-01 00:47:00,Cardiology,40,Emergency Department,Commercial,61,3.88,0,Expired
E002016,P00571,2025-08-28 08:00:00,2025-09-01 00:45:00,Med/Surg,72,Transfer,Medicaid,83,3.70,0,Skilled Nursing Facility
E001978,P01284,2025-08-28 08:30:00,2025-09-01 05:17:00,ICU,24,Transfer,Commercial,43,3.87,0,Home
E000322,P00485,2025-08-28 14:00:00,2025-08-31 04:39:00,Med/Surg,72,Emergency Department,Medicare,69,2.61,0,Home Health
E001797,P00349,2025-08-28 14:45:00,2025-09-01 04:36:00,Orthopedics,36,Emergency Department,Commercial,22,3.58,0,Home
E000407,P00350,2025-08-28 22:30:00,2025-08-31 15:50:00,Orthopedics,36,Emergency Department,Self Pay,19,2.72,0,Home
E000807,P00104,2025-08-28 23:30:00,2025-09-05 01:01:00,ICU,24,Emergency Department,Medicare,79,7.06,0,Home Health
E001943,P00996,2025-09-01 01:30:00,2025-09-12 04:06:00,ICU,24,Scheduled Procedure,Self Pay,49,11.11,0,Skilled Nursing Facility
E000215,P00293,2025-09-01 03:15:00,2025-09-04 21:59:00,Telemetry,48,Emergency Department,Medicaid,85,3.78,0,Home
E000142,P00914,2025-09-01 09:30:00,2025-09-03 14:00:00,Orthopedics,36,Emergency Department,Medicare,34,2.19,0,Home
E000280,P00736,2025-09-01 12:15:00,2025-09-03 15:37:00,Telemetry,48,Transfer,Self Pay,62,2.14,0,Home
E001595,P00404,2025-09-01 16:45:00,2025-09-05 03:22:00,Med/Surg,72,Emergency Department,Commercial,87,3.44,0,Rehab
E001020,P00643,2025-09-01 18:45:00,2025-09-03 23:44:00,Orthopedics,36,Emergency Department,Medicare,22,2.21,0,Expired
E000896,P01077,2025-09-01 19:45:00,2025-09-07 04:07:00,Med/Surg,72,Emergency Department,Medicare,48,5.35,0,Expired
E000260,P00339,2025-09-01 21:00:00,2025-09-07 02:33:00,Telemetry,48,Emergency Department,Commercial,37,5.23,0,Home
E001005,P00747,2025-09-01 23:15:00,2025-09-06 13:19:00,Med/Surg,72,Emergency Department,Self Pay,48,4.59,0,Home
E001166,P00310,2025-09-01 23:15:00,2025-09-05 05:55:00,Orthopedics,36,Emergency Department,Self Pay,49,3.28,0,Expired
E002090,P00675,2025-09-02 00:00:00,2025-09-12 16:07:00,Med/Surg,72,Emergency Department,Medicaid,59,10.67,0,Home
E001343,P00510,2025-09-02 00:15:00,2025-09-06 18:30:00,Telemetry,48,Emergency Department,Commercial,21,4.76,0,Rehab
E001722,P00757,2025-09-02 06:45:00,2025-09-05 12:00:00,Orthopedics,36,Transfer,Medicaid,73,3.22,0,Expired
E000231,P00649,2025-09-02 09:45:00,2025-09-12 08:14:00,ICU,24,Scheduled Procedure,Self Pay,19,9.94,0,Home
E001963,P01009,2025-09-02 10:15:00,2025-09-06 15:37:00,Orthopedics,36,Scheduled Procedure,Self Pay,88,4.22,1,Home
E001283,P00888,2025-09-02 11:00:00,2025-09-05 14:40:00,Orthopedics,36,Emergency Department,Self Pay,36,3.15,0,Home
E000856,P00612,2025-09-02 17:45:00,2025-09-05 07:45:00,Med/Surg,72,Emergency Department,Self Pay,61,2.58,0,Home
E000222,P00411,2025-09-03 01:00:00,2025-09-06 16:50:00,Med/Surg,72,Emergency Department,Commercial,73,3.66,0,Home
E001604,P00155,2025-09-03 04:00:00,2025-09-08 07:46:00,Med/Surg,72,Emergency Department,Medicaid,54,5.16,0,Home
E001124,P01300,2025-09-03 06:30:00,2025-09-06 16:56:00,Orthopedics,36,Emergency Department,Medicaid,89,3.44,0,Home
E001152,P01179,2025-09-03 07:30:00,2025-09-07 00:20:00,Med/Surg,72,Emergency Department,Self Pay,57,3.70,0,Home
E002181,P00837,2025-09-03 08:15:00,2025-09-08 13:27:00,Telemetry,48,Direct Admit,Commercial,87,5.22,0,Home
E001620,P00194,2025-09-03 09:00:00,2025-09-07 08:44:00,ICU,24,Emergency Department,Medicare,82,3.99,0,Home
E000011,P00892,2025-09-03 23:00:00,2025-09-10 08:40:00,ICU,24,Emergency Department,Medicaid,64,6.40,0,Home
E001779,P00506,2025-09-03 23:15:00,2025-09-06 12:24:00,Telemetry,48,Emergency Department,Self Pay,81,2.55,0,Skilled Nursing Facility
E001415,P00925,2025-09-04 03:15:00,2025-09-08 02:54:00,Cardiology,40,Scheduled Procedure,Self Pay,54,3.99,0,Expired
E000680,P00006,2025-09-04 04:15:00,2025-09-08 02:17:00,Telemetry,48,Emergency Department,Commercial,33,3.92,0,Home
E000454,P00222,2025-09-04 05:15:00,2025-09-08 13:33:00,Med/Surg,72,Direct Admit,Medicare,56,4.35,0,Rehab
E000556,P00432,2025-09-04 13:45:00,2025-09-10 11:16:00,ICU,24,Emergency Department,Medicaid,26,5.90,0,Expired
E001284,P00738,2025-09-04 14:00:00,2025-09-13 09:24:00,ICU,24,Scheduled Procedure,Commercial,50,8.81,0,Home
E000605,P00650,2025-09-04 20:00:00,2025-09-08 16:47:00,Neurology,28,Direct Admit,Medicare,89,3.87,0,Home
E000814,P00865,2025-09-04 20:15:00,2025-09-06 22:28:00,Orthopedics,36,Emergency Department,Commercial,32,2.09,1,Home
E001476,P00251,2025-09-04 23:45:00,2025-09-09 13:25:00,ICU,24,Direct Admit,Medicaid,77,4.57,0,Home
E001436,P00277,2025-09-05 01:15:00,2025-09-16 03:41:00,Med/Surg,72,Emergency Department,Commercial,54,11.10,0,Home
E001514,P01001,2025-09-05 03:00:00,2025-09-10 02:27:00,Med/Surg,72,Emergency Department,Self Pay,23,4.98,0,Rehab
E001697,P00818,2025-09-05 04:15:00,2025-09-07 14:56:00,Orthopedics,36,Scheduled Procedure,Medicare,92,2.45,0,Rehab
E001416,P00322,2025-09-05 04:30:00,2025-09-10 14:18:00,Cardiology,40,Transfer,Medicare,59,5.41,0,Home
E001900,P00215,2025-09-05 20:00:00,2025-09-10 11:36:00,Cardiology,40,Emergency Department,Commercial,80,4.65,0,Home
E001821,P00987,2025-09-05 20:45:00,2025-09-10 15:35:00,Telemetry,48,Scheduled Procedure,Medicare,79,4.79,0,Home
E001001,P01159,2025-09-05 21:00:00,2025-09-10 03:20:00,Cardiology,40,Emergency Department,Commercial,82,4.26,0,Home
E000417,P00955,2025-09-05 22:30:00,2025-09-08 10:40:00,Med/Surg,72,Scheduled Procedure,Medicaid,74,2.51,0,Home
E001785,P00927,2025-09-06 00:45:00,2025-09-14 11:55:00,ICU,24,Emergency Department,Medicare,55,8.47,0,Home
E000602,P01113,2025-09-06 03:00:00,2025-09-12 21:40:00,ICU,24,Transfer,Self Pay,76,6.78,0,Home Health
E001912,P00254,2025-09-06 03:15:00,2025-09-10 06:30:00,Neurology,28,Emergency Department,Medicaid,48,4.14,0,Home Health
E000133,P00853,2025-09-06 07:45:00,2025-09-11 00:44:00,Med/Surg,72,Direct Admit,Medicaid,69,4.71,0,Home Health
E000829,P00999,2025-09-06 18:00:00,2025-09-11 15:56:00,Telemetry,48,Scheduled Procedure,Medicare,88,4.91,0,Skilled Nursing Facility
E000771,P01162,2025-09-07 04:15:00,2025-09-12 02:19:00,Telemetry,48,Scheduled Procedure,Medicaid,42,4.92,0,Home Health
E001512,P00274,2025-09-07 05:00:00,2025-09-12 21:25:00,Cardiology,40,Emergency Department,Self Pay,32,5.68,0,Home
E001258,P00994,2025-09-07 11:00:00,2025-09-12 17:56:00,Telemetry,48,Emergency Department,Self Pay,27,5.29,0,Home
E000325,P00737,2025-09-07 15:30:00,2025-09-13 12:12:00,Cardiology,40,Emergency Department,Medicaid,37,5.86,0,Skilled Nursing Facility
E000441,P01197,2025-09-07 18:45:00,2025-09-14 00:33:00,Neurology,28,Emergency Department,Self Pay,63,6.24,0,Rehab
E001572,P00636,2025-09-07 18:45:00,2025-09-12 14:29:00,Orthopedics,36,Emergency Department,Medicaid,22,4.82,0,Expired
E000174,P00932,2025-09-07 21:15:00,2025-09-13 15:27:00,Neurology,28,Emergency Department,Self Pay,57,5.76,0,Home
E001953,P00204,2025-09-08 00:45:00,2025-09-13 06:11:00,Telemetry,48,Emergency Department,Medicare,35,5.23,0,Home
E001009,P00638,2025-09-08 14:30:00,2025-09-12 02:04:00,Med/Surg,72,Direct Admit,Medicare,52,3.48,0,Home Health
E000463,P00593,2025-09-08 20:00:00,2025-09-12 05:40:00,Med/Surg,72,Direct Admit,Medicare,36,3.40,0,Home
E001260,P00954,2025-09-09 08:15:00,2025-09-12 08:53:00,Orthopedics,36,Scheduled Procedure,Self Pay,80,3.03,0,Skilled Nursing Facility
E001933,P00078,2025-09-09 08:15:00,2025-09-14 18:50:00,Med/Surg,72,Emergency Department,Medicare,75,5.44,0,Home
E001878,P00058,2025-09-09 08:45:00,2025-09-12 03:18:00,Orthopedics,36,Emergency Department,Commercial,20,2.77,0,Home
E000959,P00351,2025-09-09 09:45:00,2025-09-12 08:03:00,Cardiology,40,Direct Admit,Medicare,67,2.93,0,Home
E000461,P00820,2025-09-09 14:15:00,2025-09-15 03:44:00,Telemetry,48,Scheduled Procedure,Medicare,76,5.56,0,Home
E002182,P00264,2025-09-09 15:45:00,2025-09-12 01:11:00,Orthopedics,36,Emergency Department,Medicaid,69,2.39,0,Home
E000704,P00931,2025-09-09 18:15:00,2025-09-11 04:16:00,Orthopedics,36,Transfer,Commercial,39,1.42,0,Rehab
E001532,P00015,2025-09-09 18:45:00,2025-09-15 04:26:00,Telemetry,48,Direct Admit,Medicaid,42,5.40,0,Home
E001464,P00273,2025-09-09 23:30:00,2025-09-13 13:36:00,Med/Surg,72,Emergency Department,Commercial,67,3.59,0,Home
E001295,P01269,2025-09-10 00:45:00,2025-09-18 14:55:00,Med/Surg,72,Scheduled Procedure,Medicaid,51,8.59,0,Home
E001769,P00529,2025-09-10 04:45:00,2025-09-14 17:04:00,Med/Surg,72,Emergency Department,Medicaid,52,4.51,0,Home
E000707,P01225,2025-09-10 12:15:00,2025-09-14 01:14:00,Orthopedics,36,Emergency Department,Commercial,39,3.54,0,Home
E001881,P00023,2025-09-10 18:00:00,2025-09-22 14:08:00,ICU,24,Emergency Department,Medicaid,63,11.84,0,Home
E001327,P01025,2025-09-10 18:15:00,2025-09-13 06:00:00,Med/Surg,72,Transfer,Medicare,65,2.49,0,Home
E000610,P01067,2025-09-10 20:30:00,2025-09-16 02:50:00,Med/Surg,72,Emergency Department,Self Pay,46,5.26,0,Home
E001362,P00676,2025-09-11 03:45:00,2025-09-14 05:58:00,Cardiology,40,Scheduled Procedure,Commercial,47,3.09,0,Home
E000898,P00191,2025-09-11 12:15:00,2025-09-15 08:32:00,Cardiology,40,Emergency Department,Commercial,49,3.85,0,Home
E000342,P00529,2025-09-11 15:45:00,2025-09-23 00:05:00,ICU,24,Emergency Department,Self Pay,64,11.35,0,Home
E000667,P00249,2025-09-11 17:45:00,2025-09-15 17:27:00,Neurology,28,Emergency Department,Medicare,22,3.99,0,Home
E001123,P00664,2025-09-11 18:30:00,2025-09-15 02:03:00,Med/Surg,72,Emergency Department,Medicare,64,3.31,0,Expired
E000931,P00936,2025-09-11 18:45:00,2025-09-15 09:49:00,Cardiology,40,Emergency Department,Commercial,38,3.63,0,Home
E001982,P00977,2025-09-11 19:15:00,2025-09-14 22:01:00,Med/Surg,72,Scheduled Procedure,Commercial,28,3.12,0,Home
E001332,P00053,2025-09-12 00:30:00,2025-09-16 12:08:00,Orthopedics,36,Emergency Department,Commercial,79,4.49,0,Home
E000005,P01031,2025-09-12 07:15:00,2025-09-16 05:10:00,Telemetry,48,Transfer,Medicare,75,3.91,0,Home
E000685,P00030,2025-09-12 07:30:00,2025-09-15 13:02:00,Cardiology,40,Emergency Department,Commercial,30,3.23,0,Home
E001492,P00718,2025-09-12 09:00:00,2025-09-18 01:47:00,Med/Surg,72,Emergency Department,Self Pay,90,5.70,0,Home
E000261,P01244,2025-09-12 10:00:00,2025-09-16 13:04:00,Med/Surg,72,Emergency Department,Medicare,66,4.13,0,Expired
E002018,P00123,2025-09-12 19:00:00,2025-09-16 14:54:00,Cardiology,40,Emergency Department,Medicaid,71,3.83,1,Home
E002061,P01011,2025-09-12 21:15:00,2025-09-17 14:19:00,Telemetry,48,Emergency Department,Commercial,68,4.71,0,Rehab
E000745,P00021,2025-09-12 22:30:00,2025-09-17 00:35:00,Neurology,28,Scheduled Procedure,Self Pay,47,4.09,0,Rehab
E000377,P00378,2025-09-12 22:45:00,2025-09-18 03:01:00,Telemetry,48,Emergency Department,Medicare,46,5.18,0,Home
E001942,P00735,2025-09-12 23:00:00,2025-09-16 03:52:00,Cardiology,40,Emergency Department,Medicaid,65,3.20,0,Home
E001770,P01196,2025-09-13 02:45:00,2025-09-15 15:29:00,Telemetry,48,Emergency Department,Commercial,66,2.53,0,Home Health
E000881,P00434,2025-09-13 03:15:00,2025-09-17 19:57:00,Med/Surg,72,Emergency Department,Medicaid,61,4.70,0,Home
E000088,P00265,2025-09-13 09:45:00,2025-09-18 00:45:00,Med/Surg,72,Emergency Department,Commercial,85,4.63,0,Home
E002050,P00533,2025-09-13 10:15:00,2025-09-17 22:46:00,Telemetry,48,Scheduled Procedure,Self Pay,18,4.52,0,Home
E000132,P01083,2025-09-13 15:45:00,2025-09-18 04:28:00,Telemetry,48,Emergency Department,Medicaid,82,4.53,0,Skilled Nursing Facility
E000302,P00437,2025-09-14 02:45:00,2025-09-20 01:18:00,Cardiology,40,Emergency Department,Self Pay,64,5.94,0,Home
E002056,P00964,2025-09-14 03:45:00,2025-09-16 11:31:00,Med/Surg,72,Scheduled Procedure,Medicaid,67,2.32,0,Home
E001300,P00936,2025-09-14 13:45:00,2025-09-19 08:41:00,Telemetry,48,Emergency Department,Medicare,77,4.79,0,Home
E000969,P00233,2025-09-14 17:15:00,2025-09-17 04:29:00,Telemetry,48,Emergency Department,Medicare,90,2.47,0,Home
E000609,P01200,2025-09-14 18:15:00,2025-09-18 21:06:00,Med/Surg,72,Emergency Department,Self Pay,39,4.12,0,Home Health
E000823,P00979,2025-09-14 19:15:00,2025-09-20 01:17:00,Med/Surg,72,Direct Admit,Medicare,59,5.25,0,Expired
E001670,P00364,2025-09-15 03:45:00,2025-09-18 02:03:00,Med/Surg,72,Emergency Department,Self Pay,88,2.93,0,Home
E001103,P00565,2025-09-15 05:00:00,2025-09-22 20:21:00,Med/Surg,72,Scheduled Procedure,Commercial,20,7.64,0,Skilled Nursing Facility
E000907,P01255,2025-09-15 09:30:00,2025-09-17 20:52:00,Med/Surg,72,Direct Admit,Medicare,47,2.47,0,Home Health
E002190,P00324,2025-09-16 02:30:00,2025-09-22 04:22:00,Neurology,28,Transfer,Commercial,25,6.08,0,Home
E000512,P01069,2025-09-16 08:30:00,2025-09-18 19:35:00,Med/Surg,72,Direct Admit,Medicare,66,2.46,0,Home
E002148,P00464,2025-09-16 19:45:00,2025-09-22 08:33:00,Med/Surg,72,Scheduled Procedure,Self Pay,66,5.53,0,Home
E000006,P01082,2025-09-17 00:00:00,2025-09-26 23:03:00,Med/Surg,72,Emergency Department,Medicare,91,9.96,0,Home Health
E002169,P01146,2025-09-17 00:00:00,2025-09-20 22:00:00,Med/Surg,72,Emergency Department,Self Pay,62,3.92,0,Expired
E001386,P00075,2025-09-17 06:00:00,2025-09-21 07:49:00,Orthopedics,36,Emergency Department,Medicaid,87,4.08,0,Home
E000731,P00199,2025-09-17 07:15:00,2025-09-20 12:01:00,Telemetry,48,Emergency Department,Commercial,89,3.20,0,Home
E001487,P00532,2025-09-17 09:45:00,2025-09-20 13:57:00,Orthopedics,36,Scheduled Procedure,Self Pay,52,3.18,0,Home
E000995,P01035,2025-09-17 10:45:00,2025-09-23 05:57:00,Cardiology,40,Emergency Department,Self Pay,39,5.80,0,Expired
E000235,P00515,2025-09-17 12:00:00,2025-09-22 19:06:00,Telemetry,48,Direct Admit,Self Pay,40,5.30,0,Rehab
E001224,P00043,2025-09-17 15:45:00,2025-09-24 07:40:00,ICU,24,Direct Admit,Medicaid,19,6.66,0,Home
E001955,P00218,2025-09-17 17:15:00,2025-09-21 16:44:00,Telemetry,48,Emergency Department,Commercial,24,3.98,0,Rehab
E001131,P00745,2025-09-17 21:45:00,2025-09-23 15:55:00,ICU,24,Emergency Department,Medicare,61,5.76,0,Expired
E001529,P01068,2025-09-17 22:00:00,2025-09-21 23:47:00,Telemetry,48,Scheduled Procedure,Medicaid,78,4.07,0,Home
E001542,P00747,2025-09-18 01:30:00,2025-09-21 07:39:00,Med/Surg,72,Emergency Department,Self Pay,92,3.26,0,Skilled Nursing Facility
E001380,P00593,2025-09-18 07:15:00,2025-09-25 04:05:00,ICU,24,Emergency Department,Medicaid,56,6.87,1,Home
E000620,P00739,2025-09-18 09:00:00,2025-09-26 08:05:00,Telemetry,48,Emergency Department,Self Pay,62,7.96,0,Home
E000052,P00617,2025-09-18 12:30:00,2025-09-21 22:21:00,Telemetry,48,Transfer,Self Pay,22,3.41,0,Home
E000161,P00723,2025-09-18 12:30:00,2025-09-24 08:06:00,Med/Surg,72,Emergency Department,Medicaid,52,5.82,0,Home
E001311,P00761,2025-09-18 15:30:00,2025-09-24 06:18:00,Med/Surg,72,Transfer,Commercial,41,5.62,0,Home
E001807,P00559,2025-09-19 01:45:00,2025-09-23 01:21:00,Med/Surg,72,Emergency Department,Medicaid,85,3.98,0,Home
E000232,P00876,2025-09-19 07:00:00,2025-09-22 21:38:00,Orthopedics,36,Scheduled Procedure,Self Pay,56,3.61,0,Home
E000786,P01247,2025-09-19 15:30:00,2025-09-22 12:21:00,Med/Surg,72,Transfer,Medicare,80,2.87,0,Home
E000072,P01102,2025-09-19 19:45:00,2025-09-23 23:11:00,Orthopedics,36,Transfer,Self Pay,92,4.14,0,Home
E000882,P00468,2025-09-19 20:00:00,2025-09-25 09:38:00,Telemetry,48,Emergency Department,Medicaid,75,5.57,0,Home
E001467,P00587,2025-09-20 00:00:00,2025-09-23 05:53:00,Med/Surg,72,Transfer,Commercial,40,3.25,0,Home
E001543,P01110,2025-09-20 04:45:00,2025-09-25 11:19:00,ICU,24,Transfer,Commercial,33,5.27,0,Home
E001726,P00729,2025-09-20 07:15:00,2025-09-24 23:34:00,Med/Surg,72,Direct Admit,Medicaid,25,4.68,0,Home
E000230,P01255,2025-09-20 09:00:00,2025-09-25 06:16:00,Orthopedics,36,Scheduled Procedure,Self Pay,27,4.89,0,Home Health
E002009,P00396,2025-09-20 16:00:00,2025-09-26 07:00:00,Med/Surg,72,Direct Admit,Commercial,62,5.63,0,Home
E001314,P00748,2025-09-20 16:15:00,2025-09-26 01:58:00,Telemetry,48,Direct Admit,Commercial,77,5.40,0,Home
E000495,P00678,2025-09-20 19:15:00,2025-09-25 05:51:00,Med/Surg,72,Emergency Department,Commercial,48,4.44,0,Home
E000435,P00760,2025-09-20 21:30:00,2025-09-24 19:23:00,Telemetry,48,Emergency Department,Commercial,68,3.91,0,Home Health
E001973,P00319,2025-09-20 21:45:00,2025-10-01 02:15:00,Telemetry,48,Emergency Department,Commercial,38,10.19,0,Home
E000735,P00862,2025-09-21 04:45:00,2025-09-25 17:00:00,Med/Surg,72,Emergency Department,Self Pay,22,4.51,0,Home
E000936,P01089,2025-09-21 10:30:00,2025-09-24 19:44:00,Med/Surg,72,Direct Admit,Medicare,34,3.39,1,Home
E001734,P01037,2025-09-21 18:30:00,2025-09-26 04:25:00,Orthopedics,36,Emergency Department,Self Pay,41,4.41,0,Home
E002165,P00144,2025-09-21 18:45:00,2025-09-28 23:06:00,ICU,24,Scheduled Procedure,Medicaid,43,7.18,0,Home
E000740,P00420,2025-09-22 00:45:00,2025-09-24 19:28:00,Cardiology,40,Emergency Department,Medicaid,78,2.78,0,Home
E000453,P00162,2025-09-22 08:30:00,2025-09-26 05:44:00,Neurology,28,Emergency Department,Medicaid,90,3.89,0,Rehab
E001867,P00735,2025-09-22 08:30:00,2025-09-25 20:17:00,Neurology,28,Transfer,Medicaid,92,3.49,0,Home
E002029,P00720,2025-09-22 11:30:00,2025-09-27 17:46:00,Neurology,28,Emergency Department,Medicare,42,5.26,0,Home Health
E000912,P00068,2025-09-22 15:00:00,2025-09-26 20:57:00,Neurology,28,Scheduled Procedure,Self Pay,48,4.25,0,Home
E002141,P00555,2025-09-22 17:15:00,2025-09-26 20:01:00,Med/Surg,72,Emergency Department,Self Pay,54,4.12,0,Home
E001438,P00088,2025-09-22 21:00:00,2025-09-27 10:26:00,Telemetry,48,Direct Admit,Self Pay,59,4.56,0,Home
E000502,P01229,2025-09-23 04:15:00,2025-09-27 08:39:00,Med/Surg,72,Emergency Department,Commercial,73,4.18,0,Home
E002139,P00047,2025-09-23 05:15:00,2025-09-26 14:13:00,Cardiology,40,Transfer,Self Pay,18,3.37,0,Home
E000070,P01261,2025-09-23 05:45:00,2025-09-26 20:57:00,Cardiology,40,Direct Admit,Self Pay,84,3.63,0,Home Health
E000277,P00644,2025-09-23 06:30:00,2025-09-26 15:40:00,Telemetry,48,Emergency Department,Medicaid,30,3.38,0,Home
E001671,P00364,2025-09-23 14:00:00,2025-09-27 12:22:00,Cardiology,40,Emergency Department,Medicare,25,3.93,1,Home
E000659,P00032,2025-09-23 15:15:00,2025-09-27 04:11:00,Med/Surg,72,Emergency Department,Medicaid,21,3.54,0,Home
E001811,P00928,2025-09-23 19:30:00,2025-09-28 00:49:00,Neurology,28,Emergency Department,Medicare,71,4.22,0,Home
E000781,P00608,2025-09-23 21:30:00,2025-09-26 20:31:00,Cardiology,40,Emergency Department,Medicaid,44,2.96,0,Home
E000891,P01000,2025-09-24 01:30:00,2025-09-26 15:42:00,Cardiology,40,Emergency Department,Self Pay,36,2.59,0,Home
E000837,P01145,2025-09-24 05:00:00,2025-09-28 01:30:00,Med/Surg,72,Emergency Department,Medicare,73,3.85,0,Skilled Nursing Facility
E001920,P00415,2025-09-24 08:45:00,2025-09-27 12:15:00,Med/Surg,72,Emergency Department,Medicare,49,3.15,0,Home
E000918,P00830,2025-09-24 09:45:00,2025-09-27 12:03:00,Telemetry,48,Transfer,Commercial,21,3.10,0,Home
E000323,P00741,2025-09-24 18:30:00,2025-09-30 06:56:00,Med/Surg,72,Emergency Department,Self Pay,32,5.52,0,Home
E001687,P00786,2025-09-25 08:00:00,2025-09-29 12:12:00,Orthopedics,36,Emergency Department,Commercial,91,4.18,0,Home
E000136,P00116,2025-09-25 10:45:00,2025-10-05 17:10:00,Med/Surg,72,Emergency Department,Self Pay,85,10.27,0,Home
E001186,P00495,2025-09-25 22:45:00,2025-09-30 04:18:00,Telemetry,48,Scheduled Procedure,Self Pay,21,4.23,0,Home Health
E000392,P00380,2025-09-26 03:15:00,2025-09-30 21:33:00,Orthopedics,36,Transfer,Medicaid,65,4.76,0,Home
E000487,P00150,2025-09-26 04:15:00,2025-10-06 15:26:00,Med/Surg,72,Emergency Department,Self Pay,24,10.47,0,Home
E001463,P00960,2025-09-26 06:15:00,2025-10-04 09:35:00,ICU,24,Direct Admit,Medicare,42,8.14,0,Home
E002002,P00904,2025-09-26 06:15:00,2025-09-30 19:39:00,Telemetry,48,Emergency Department,Medicare,66,4.56,0,Home
E000785,P00588,2025-09-26 09:30:00,2025-09-29 06:25:00,Med/Surg,72,Emergency Department,Self Pay,73,2.87,0,Home
E001610,P00669,2025-09-26 10:45:00,2025-09-29 19:37:00,Neurology,28,Emergency Department,Medicare,90,3.37,0,Skilled Nursing Facility
E000078,P00848,2025-09-26 13:15:00,2025-09-29 08:29:00,Cardiology,40,Emergency Department,Medicare,59,2.80,0,Home Health
E000845,P01153,2025-09-26 14:15:00,2025-09-30 13:51:00,Orthopedics,36,Emergency Department,Medicare,60,3.98,0,Home
E001576,P00709,2025-09-26 19:45:00,2025-09-30 07:31:00,Med/Surg,72,Scheduled Procedure,Self Pay,27,3.49,0,Expired
E000628,P00628,2025-09-26 23:30:00,2025-09-30 19:34:00,Med/Surg,72,Transfer,Medicaid,90,3.84,0,Home
E001848,P01073,2025-09-27 08:45:00,2025-09-29 12:41:00,Telemetry,48,Direct Admit,Commercial,75,2.16,0,Home
E002163,P00519,2025-09-27 11:30:00,2025-10-02 19:34:00,Telemetry,48,Emergency Department,Medicare,59,5.34,0,Expired
E002034,P00125,2025-09-27 12:00:00,2025-09-29 23:24:00,Orthopedics,36,Emergency Department,Commercial,31,2.48,0,Home
E001096,P00911,2025-09-27 23:30:00,2025-10-06 18:04:00,Orthopedics,36,Direct Admit,Commercial,62,8.77,0,Home
E000655,P00636,2025-09-28 00:15:00,2025-10-01 03:30:00,Telemetry,48,Transfer,Medicare,39,3.14,0,Home
E000793,P01155,2025-09-28 07:15:00,2025-10-02 23:12:00,Med/Surg,72,Transfer,Medicare,42,4.67,0,Home
E001938,P00108,2025-09-28 08:45:00,2025-10-01 11:02:00,Med/Surg,72,Emergency Department,Self Pay,51,3.10,0,Home
E002166,P00580,2025-09-28 11:15:00,2025-10-01 22:39:00,Orthopedics,36,Emergency Department,Medicare,19,3.48,0,Home
E001887,P01109,2025-09-28 17:15:00,2025-10-05 02:12:00,Neurology,28,Scheduled Procedure,Medicare,58,6.37,0,Home
E001321,P00628,2025-10-01 01:45:00,2025-10-06 12:02:00,Telemetry,48,Direct Admit,Self Pay,86,5.43,1,Home
E000024,P00625,2025-10-01 07:00:00,2025-10-05 16:48:00,Med/Surg,72,Emergency Department,Medicare,45,4.41,0,Home
E000466,P00696,2025-10-01 10:00:00,2025-10-06 10:41:00,ICU,24,Scheduled Procedure,Medicaid,32,5.03,0,Home
E000993,P00579,2025-10-01 11:30:00,2025-10-05 10:32:00,ICU,24,Emergency Department,Medicaid,51,3.96,0,Home
E001853,P00518,2025-10-01 12:00:00,2025-10-06 11:49:00,Neurology,28,Emergency Department,Medicaid,73,4.99,0,Home
E000558,P00281,2025-10-01 15:15:00,2025-10-06 16:35:00,Telemetry,48,Emergency Department,Medicare,19,5.06,0,Home
E002106,P00352,2025-10-01 16:30:00,2025-10-04 01:13:00,Med/Surg,72,Scheduled Procedure,Medicaid,29,2.36,0,Home
E002024,P00888,2025-10-01 18:00:00,2025-10-04 09:14:00,Cardiology,40,Scheduled Procedure,Medicaid,43,2.64,0,Home
E000554,P00890,2025-10-02 01:00:00,2025-10-04 12:03:00,Med/Surg,72,Transfer,Medicare,85,2.46,0,Home
E001147,P00525,2025-10-02 02:00:00,2025-10-07 07:02:00,Med/Surg,72,Emergency Department,Self Pay,84,5.21,0,Home
E000815,P00874,2025-10-02 02:15:00,2025-10-05 20:48:00,Orthopedics,36,Emergency Department,Medicare,63,3.77,0,Home
E000084,P00852,2025-10-02 04:45:00,2025-10-06 10:37:00,Telemetry,48,Emergency Department,Commercial,30,4.25,0,Home
E001537,P00988,2025-10-02 08:00:00,2025-10-06 19:12:00,Neurology,28,Emergency Department,Commercial,44,4.47,0,Rehab
E000395,P01227,2025-10-02 19:15:00,2025-10-05 02:27:00,Telemetry,48,Direct Admit,Self Pay,38,2.30,0,Home
E002156,P00512,2025-10-02 20:30:00,2025-10-08 09:46:00,ICU,24,Scheduled Procedure,Self Pay,40,5.55,0,Home
E000595,P01250,2025-10-03 03:00:00,2025-10-07 18:10:00,Telemetry,48,Scheduled Procedure,Commercial,83,4.63,0,Home
E000034,P00255,2025-10-03 13:15:00,2025-10-10 15:48:00,ICU,24,Scheduled Procedure,Medicare,85,7.11,0,Home
E001474,P00404,2025-10-03 14:15:00,2025-10-07 11:19:00,Med/Surg,72,Emergency Department,Medicare,67,3.88,0,Home
E000329,P00519,2025-10-03 14:30:00,2025-10-07 12:07:00,ICU,24,Direct Admit,Medicare,70,3.90,0,Home
E000372,P00295,2025-10-03 15:45:00,2025-10-07 23:44:00,Med/Surg,72,Direct Admit,Self Pay,27,4.33,0,Home
E000032,P00064,2025-10-03 16:45:00,2025-10-16 06:00:00,ICU,24,Emergency Department,Medicaid,91,12.55,0,Home
E001591,P01286,2025-10-03 17:15:00,2025-10-19 17:47:00,ICU,24,Direct Admit,Commercial,69,16.02,0,Home
E000408,P01234,2025-10-03 19:15:00,2025-10-11 04:29:00,ICU,24,Emergency Department,Self Pay,52,7.38,0,Home
E002099,P00795,2025-10-03 19:45:00,2025-10-06 10:38:00,Cardiology,40,Emergency Department,Commercial,25,2.62,0,Home Health
E000915,P00510,2025-10-04 04:30:00,2025-10-07 12:40:00,Med/Surg,72,Scheduled Procedure,Self Pay,40,3.34,0,Home
E001841,P00643,2025-10-04 06:45:00,2025-10-09 13:53:00,Med/Surg,72,Emergency Department,Medicare,70,5.30,0,Home Health
E001925,P00414,2025-10-04 09:15:00,2025-10-08 09:09:00,Orthopedics,36,Emergency Department,Medicare,82,4.00,0,Home
E001125,P00822,2025-10-04 15:15:00,2025-10-07 10:46:00,Cardiology,40,Transfer,Commercial,92,2.81,0,Home
E000275,P00333,2025-10-04 22:00:00,2025-10-07 11:26:00,Telemetry,48,Emergency Department,Commercial,18,2.56,0,Home Health
E001334,P01286,2025-10-05 02:00:00,2025-10-12 23:48:00,ICU,24,Emergency Department,Medicare,86,7.91,0,Home
E000501,P00900,2025-10-05 02:15:00,2025-10-10 09:37:00,Telemetry,48,Emergency Department,Self Pay,27,5.31,0,Home
E002188,P00880,2025-10-05 13:15:00,2025-10-11 00:47:00,Telemetry,48,Emergency Department,Medicaid,61,5.48,0,Home
E001634,P01165,2025-10-05 17:15:00,2025-10-08 03:44:00,Med/Surg,72,Emergency Department,Commercial,28,2.44,0,Home
E001643,P00605,2025-10-05 18:30:00,2025-10-07 22:20:00,Orthopedics,36,Transfer,Self Pay,77,2.16,0,Skilled Nursing Facility
E002130,P00584,2025-10-05 20:45:00,2025-10-08 19:52:00,Med/Surg,72,Emergency Department,Commercial,36,2.96,0,Rehab
E001830,P01164,2025-10-06 00:30:00,2025-10-08 09:07:00,Med/Surg,72,Scheduled Procedure,Self Pay,81,2.36,0,Home
E001592,P00840,2025-10-06 14:30:00,2025-10-10 18:28:00,Med/Surg,72,Emergency Department,Medicaid,87,4.17,0,Home
E000691,P01193,2025-10-06 17:30:00,2025-10-12 15:57:00,Neurology,28,Emergency Department,Medicaid,76,5.94,0,Home
E001187,P00306,2025-10-06 23:00:00,2025-10-12 09:02:00,Med/Surg,72,Emergency Department,Medicaid,78,5.42,0,Home
E001423,P00029,2025-10-06 23:30:00,2025-10-10 12:50:00,Telemetry,48,Emergency Department,Medicare,59,3.56,0,Home
E002073,P00434,2025-10-07 03:30:00,2025-10-11 11:31:00,Telemetry,48,Emergency Department,Commercial,80,4.33,0,Expired
E000111,P00243,2025-10-07 03:45:00,2025-10-12 14:16:00,Med/Surg,72,Emergency Department,Medicare,24,5.44,0,Home
E001546,P01063,2025-10-07 10:30:00,2025-10-12 01:54:00,Med/Surg,72,Emergency Department,Self Pay,52,4.64,0,Expired
E000014,P00443,2025-10-07 15:45:00,2025-10-10 17:58:00,Neurology,28,Scheduled Procedure,Medicare,18,3.09,0,Home
E000866,P00527,2025-10-07 16:00:00,2025-10-09 13:01:00,Orthopedics,36,Emergency Department,Medicaid,54,1.88,0,Home
E000321,P00073,2025-10-07 20:45:00,2025-10-11 05:07:00,Telemetry,48,Emergency Department,Commercial,54,3.35,0,Home
E001738,P00714,2025-10-07 22:15:00,2025-10-10 16:18:00,Orthopedics,36,Scheduled Procedure,Commercial,20,2.75,0,Home
E000238,P00736,2025-10-08 02:45:00,2025-10-13 12:58:00,ICU,24,Transfer,Self Pay,81,5.43,0,Rehab
E000106,P00602,2025-10-08 05:45:00,2025-10-12 06:47:00,Telemetry,48,Emergency Department,Medicaid,23,4.04,0,Home
E000498,P00458,2025-10-08 06:15:00,2025-10-11 20:03:00,Cardiology,40,Emergency Department,Medicaid,79,3.58,0,Home
E000029,P00102,2025-10-08 08:15:00,2025-10-10 03:58:00,Orthopedics,36,Emergency Department,Commercial,50,1.82,0,Home
E000962,P00753,2025-10-08 10:30:00,2025-10-11 11:45:00,Neurology,28,Emergency Department,Medicaid,65,3.05,0,Home
E001433,P01238,2025-10-08 11:45:00,2025-10-12 03:08:00,Telemetry,48,Direct Admit,Medicare,88,3.64,0,Home
E002032,P00475,2025-10-08 17:30:00,2025-10-12 04:59:00,Neurology,28,Direct Admit,Medicare,43,3.48,0,Home
E000223,P00601,2025-10-08 19:30:00,2025-10-13 04:03:00,Med/Surg,72,Direct Admit,Medicare,56,4.36,0,Home
E001468,P01154,2025-10-08 22:15:00,2025-10-13 00:00:00,Orthopedics,36,Emergency Department,Medicare,86,4.07,0,Expired
E000698,P00873,2025-10-09 04:15:00,2025-10-13 09:06:00,Med/Surg,72,Emergency Department,Medicare,26,4.20,0,Home
E001629,P00628,2025-10-09 04:30:00,2025-10-12 23:04:00,Med/Surg,72,Direct Admit,Medicaid,87,3.77,1,Rehab
E001263,P00220,2025-10-09 07:45:00,2025-10-14 17:46:00,Telemetry,48,Emergency Department,Medicare,37,5.42,0,Home
E000177,P01166,2025-10-09 10:45:00,2025-10-15 12:11:00,Neurology,28,Direct Admit,Medicaid,92,6.06,0,Expired
E001035,P01195,2025-10-09 22:15:00,2025-10-18 19:20:00,ICU,24,Emergency Department,Medicaid,52,8.88,0,Rehab
E001359,P00631,2025-10-10 04:00:00,2025-10-15 09:15:00,Cardiology,40,Direct Admit,Medicare,61,5.22,0,Home
E000550,P00720,2025-10-10 04:30:00,2025-10-15 16:05:00,Telemetry,48,Scheduled Procedure,Medicare,27,5.48,0,Home
E001616,P00604,2025-10-10 05:15:00,2025-10-13 16:24:00,Orthopedics,36,Emergency Department,Medicaid,44,3.47,0,Skilled Nursing Facility
E000638,P00140,2025-10-10 11:15:00,2025-10-12 08:23:00,Orthopedics,36,Emergency Department,Commercial,34,1.88,0,Home Health
E001684,P00302,2025-10-10 20:45:00,2025-10-14 10:44:00,Med/Surg,72,Direct Admit,Self Pay,73,3.58,0,Home
E001857,P01274,2025-10-10 23:30:00,2025-10-19 17:00:00,Orthopedics,36,Emergency Department,Self Pay,31,8.73,0,Skilled Nursing Facility
E000799,P01000,2025-10-11 01:00:00,2025-10-15 10:42:00,ICU,24,Emergency Department,Medicare,82,4.40,0,Home
E001076,P00047,2025-10-11 03:00:00,2025-10-15 01:50:00,Telemetry,48,Emergency Department,Commercial,62,3.95,0,Home
E001094,P00349,2025-10-11 06:45:00,2025-10-17 03:25:00,Neurology,28,Scheduled Procedure,Self Pay,44,5.86,0,Home
E001197,P00299,2025-10-11 10:45:00,2025-10-15 20:17:00,Telemetry,48,Direct Admit,Medicaid,65,4.40,0,Home
E001233,P00226,2025-10-11 14:00:00,2025-10-15 11:31:00,Orthopedics,36,Transfer,Medicaid,62,3.90,0,Home
E000150,P00693,2025-10-11 19:00:00,2025-10-15 14:57:00,Med/Surg,72,Emergency Department,Medicaid,29,3.83,0,Skilled Nursing Facility
E001773,P00346,2025-10-11 23:00:00,2025-10-16 12:38:00,Cardiology,40,Scheduled Procedure,Commercial,34,4.57,0,Home
E001360,P00606,2025-10-12 01:15:00,2025-10-16 06:38:00,Orthopedics,36,Emergency Department,Medicaid,47,4.22,0,Skilled Nursing Facility
E000285,P01237,2025-10-12 02:45:00,2025-10-17 15:31:00,Med/Surg,72,Emergency Department,Medicaid,18,5.53,0,Home
E000852,P01218,2025-10-12 04:30:00,2025-10-14 15:10:00,Telemetry,48,Emergency Department,Commercial,57,2.44,0,Home
E002127,P00624,2025-10-12 04:30:00,2025-10-16 00:35:00,Neurology,28,Emergency Department,Commercial,25,3.84,0,Expired
E001861,P01278,2025-10-12 10:15:00,2025-10-16 00:53:00,Med/Surg,72,Emergency Department,Medicare,76,3.61,0,Home
E002162,P00124,2025-10-12 10:15:00,2025-10-16 04:15:00,Telemetry,48,Direct Admit,Self Pay,65,3.75,0,Home
E000220,P00113,2025-10-12 10:45:00,2025-10-18 10:07:00,Neurology,28,Emergency Department,Medicaid,20,5.97,0,Home
E001851,P00387,2025-10-12 19:15:00,2025-10-15 12:07:00,Cardiology,40,Emergency Department,Commercial,84,2.70,0,Home Health
E002102,P00742,2025-10-12 19:45:00,2025-10-24 02:05:00,Neurology,28,Transfer,Self Pay,82,11.26,0,Home
E002173,P00533,2025-10-12 20:15:00,2025-10-17 03:04:00,Med/Surg,72,Direct Admit,Medicare,57,4.28,1,Rehab
E001091,P01037,2025-10-12 20:30:00,2025-10-15 04:31:00,Telemetry,48,Scheduled Procedure,Medicare,87,2.33,0,Home
E001413,P00254,2025-10-12 23:00:00,2025-10-18 08:09:00,Telemetry,48,Scheduled Procedure,Medicaid,86,5.38,0,Home
E000851,P00409,2025-10-12 23:30:00,2025-10-17 15:42:00,Med/Surg,72,Transfer,Medicare,61,4.68,0,Home Health
E000355,P00183,2025-10-13 15:00:00,2025-10-19 00:31:00,ICU,24,Emergency Department,Medicaid,38,5.40,0,Home
E002082,P01025,2025-10-13 23:15:00,2025-10-17 12:22:00,Med/Surg,72,Direct Admit,Commercial,18,3.55,0,Expired
E001775,P00484,2025-10-14 00:45:00,2025-10-20 01:42:00,Neurology,28,Emergency Department,Medicaid,83,6.04,0,Home
E002177,P00748,2025-10-14 02:45:00,2025-10-18 02:04:00,Cardiology,40,Direct Admit,Medicare,91,3.97,1,Home
E000384,P00255,2025-10-14 04:30:00,2025-10-16 04:06:00,Orthopedics,36,Emergency Department,Commercial,37,1.98,1,Home
E001627,P00783,2025-10-14 07:45:00,2025-10-18 15:54:00,Med/Surg,72,Emergency Department,Commercial,91,4.34,0,Home
E001406,P01239,2025-10-14 13:45:00,2025-10-17 17:20:00,Neurology,28,Emergency Department,Medicare,68,3.15,0,Home
E001113,P01109,2025-10-14 16:30:00,2025-10-18 22:55:00,Med/Surg,72,Emergency Department,Commercial,55,4.27,0,Home
E001632,P01146,2025-10-14 17:00:00,2025-10-19 19:40:00,Med/Surg,72,Transfer,Commercial,41,5.11,0,Home
E001587,P00457,2025-10-14 17:30:00,2025-10-22 08:34:00,Med/Surg,72,Emergency Department,Commercial,49,7.63,0,Skilled Nursing Facility
E001958,P00236,2025-10-14 18:15:00,2025-10-17 03:46:00,Telemetry,48,Emergency Department,Medicare,74,2.40,0,Rehab
E001565,P00633,2025-10-15 00:30:00,2025-10-19 15:03:00,Neurology,28,Emergency Department,Self Pay,75,4.61,0,Home
E000212,P00177,2025-10-15 01:15:00,2025-10-24 20:12:00,ICU,24,Emergency Department,Medicare,50,9.79,0,Home Health
E001017,P01040,2025-10-15 08:45:00,2025-10-17 21:02:00,Cardiology,40,Scheduled Procedure,Medicaid,53,2.51,0,Rehab
E001008,P00103,2025-10-15 10:15:00,2025-10-19 01:36:00,Med/Surg,72,Emergency Department,Commercial,36,3.64,0,Home
E001367,P00543,2025-10-15 16:15:00,2025-10-19 12:29:00,Telemetry,48,Transfer,Commercial,25,3.84,0,Home
E000741,P00502,2025-10-15 19:30:00,2025-10-20 09:21:00,Med/Surg,72,Direct Admit,Self Pay,21,4.58,0,Home
E000337,P00858,2025-10-15 23:30:00,2025-10-20 15:29:00,Med/Surg,72,Emergency Department,Medicaid,21,4.67,0,Home
E001384,P00164,2025-10-16 00:15:00,2025-10-22 16:17:00,ICU,24,Transfer,Commercial,55,6.67,0,Home
E001347,P01034,2025-10-16 00:45:00,2025-10-25 06:53:00,Med/Surg,72,Direct Admit,Commercial,82,9.26,0,Home
E001032,P01202,2025-10-16 08:00:00,2025-10-21 11:31:00,ICU,24,Emergency Department,Medicare,25,5.15,0,Home
E001683,P01104,2025-10-16 12:30:00,2025-10-19 11:12:00,Neurology,28,Emergency Department,Self Pay,70,2.95,0,Skilled Nursing Facility
E001998,P00281,2025-10-16 16:00:00,2025-10-22 22:45:00,ICU,24,Emergency Department,Medicaid,20,6.28,1,Home
E000310,P00984,2025-10-16 19:00:00,2025-10-22 23:59:00,Neurology,28,Scheduled Procedure,Self Pay,50,6.21,0,Home
E000305,P00096,2025-10-16 21:45:00,2025-10-22 04:51:00,Neurology,28,Emergency Department,Medicare,37,5.30,0,Home
E000981,P00878,2025-10-17 03:15:00,2025-10-21 19:05:00,Telemetry,48,Emergency Department,Self Pay,73,4.66,0,Home
E000661,P00872,2025-10-17 04:45:00,2025-10-19 11:46:00,Orthopedics,36,Emergency Department,Commercial,69,2.29,0,Rehab
E001728,P00245,2025-10-17 08:45:00,2025-10-22 11:39:00,ICU,24,Emergency Department,Medicare,47,5.12,0,Home
E002116,P01038,2025-10-17 09:30:00,2025-10-21 11:07:00,Med/Surg,72,Emergency Department,Medicare,87,4.07,0,Rehab
E001628,P01076,2025-10-17 11:00:00,2025-10-20 09:04:00,Cardiology,40,Transfer,Medicaid,71,2.92,0,Home
E000857,P00605,2025-10-18 01:15:00,2025-10-20 22:18:00,Med/Surg,72,Emergency Department,Self Pay,30,2.88,0,Home
E000569,P00134,2025-10-18 12:15:00,2025-10-29 14:09:00,Neurology,28,Emergency Department,Medicare,61,11.08,0,Home
E001588,P00140,2025-10-18 13:00:00,2025-10-22 23:23:00,Med/Surg,72,Direct Admit,Medicaid,40,4.43,0,Home
E000930,P00194,2025-10-18 14:00:00,2025-10-21 19:20:00,Med/Surg,72,Emergency Department,Commercial,31,3.22,0,Home
E001525,P00420,2025-10-18 14:30:00,2025-10-23 10:25:00,ICU,24,Emergency Department,Medicaid,61,4.83,1,Expired
E001969,P01174,2025-10-18 17:45:00,2025-10-23 00:47:00,Med/Surg,72,Emergency Department,Self Pay,87,4.29,0,Home
E002149,P00412,2025-10-18 18:30:00,2025-10-23 05:49:00,Neurology,28,Emergency Department,Commercial,50,4.47,0,Home Health
E000338,P00548,2025-10-18 19:15:00,2025-10-21 06:48:00,Orthopedics,36,Emergency Department,Commercial,76,2.48,0,Home
E001038,P00146,2025-10-18 23:15:00,2025-10-24 16:29:00,Cardiology,40,Direct Admit,Medicare,34,5.72,0,Home
E001473,P01142,2025-10-18 23:45:00,2025-10-22 20:45:00,Med/Surg,72,Emergency Department,Self Pay,28,3.88,0,Rehab
E002015,P01202,2025-10-19 06:00:00,2025-10-22 01:26:00,Neurology,28,Emergency Department,Commercial,79,2.81,0,Home
E002080,P01115,2025-10-19 07:45:00,2025-10-22 10:48:00,Med/Surg,72,Emergency Department,Commercial,53,3.13,0,Home
E000690,P00814,2025-10-19 16:15:00,2025-10-21 16:45:00,Telemetry,48,Emergency Department,Medicaid,50,2.02,0,Expired
E000053,P00546,2025-10-19 20:00:00,2025-10-25 23:07:00,ICU,24,Emergency Department,Medicaid,83,6.13,0,Home
E001245,P01120,2025-10-19 23:00:00,2025-10-24 12:21:00,Telemetry,48,Emergency Department,Medicare,78,4.56,0,Home
E000026,P00630,2025-10-20 13:30:00,2025-10-24 22:48:00,Telemetry,48,Emergency Department,Medicare,21,4.39,0,Home
E000109,P00886,2025-10-20 20:45:00,2025-10-23 17:57:00,Orthopedics,36,Emergency Department,Commercial,44,2.88,0,Rehab
E000987,P00163,2025-10-21 06:15:00,2025-10-26 10:02:00,Telemetry,48,Emergency Department,Medicare,40,5.16,0,Home
E001025,P00457,2025-10-21 12:00:00,2025-10-24 17:11:00,Telemetry,48,Emergency Department,Commercial,73,3.22,0,Home
E000765,P00258,2025-10-21 13:15:00,2025-10-24 17:19:00,Cardiology,40,Emergency Department,Self Pay,63,3.17,0,Home Health
E001718,P00001,2025-10-21 16:15:00,2025-10-24 03:35:00,Med/Surg,72,Scheduled Procedure,Commercial,88,2.47,0,Home
E001441,P00288,2025-10-21 16:45:00,2025-10-24 11:00:00,Med/Surg,72,Emergency Department,Self Pay,85,2.76,0,Home
E002057,P00425,2025-10-21 18:45:00,2025-10-25 22:11:00,Neurology,28,Scheduled Procedure,Medicare,74,4.14,0,Home Health
E000379,P01218,2025-10-21 21:15:00,2025-10-31 01:17:00,Cardiology,40,Emergency Department,Self Pay,25,9.17,0,Home
E000037,P00020,2025-10-22 03:00:00,2025-10-25 06:48:00,Telemetry,48,Emergency Department,Medicaid,85,3.16,0,Home
E001976,P00030,2025-10-22 08:45:00,2025-10-26 02:11:00,Med/Surg,72,Emergency Department,Medicare,30,3.73,0,Home Health
E001084,P01189,2025-10-22 13:45:00,2025-10-26 04:08:00,Cardiology,40,Emergency Department,Medicare,72,3.60,0,Home
E000644,P00189,2025-10-22 16:00:00,2025-10-26 12:44:00,Neurology,28,Transfer,Medicaid,54,3.86,0,Home Health
E000391,P00864,2025-10-22 18:15:00,2025-10-26 15:13:00,Cardiology,40,Emergency Department,Medicare,62,3.87,0,Home Health
E000333,P00045,2025-10-22 18:45:00,2025-10-28 07:55:00,Telemetry,48,Scheduled Procedure,Medicare,36,5.55,0,Rehab
E001944,P00745,2025-10-22 21:30:00,2025-11-03 06:12:00,Neurology,28,Emergency Department,Self Pay,71,11.36,0,Home
E001052,P00356,2025-10-22 22:15:00,2025-10-27 12:28:00,Neurology,28,Direct Admit,Self Pay,20,4.59,0,Home
E000319,P00528,2025-10-22 22:45:00,2025-10-24 22:11:00,Orthopedics,36,Direct Admit,Self Pay,46,1.98,0,Home
E000102,P00774,2025-10-23 14:30:00,2025-10-28 05:56:00,Med/Surg,72,Emergency Department,Medicaid,82,4.64,0,Home
E001069,P00830,2025-10-24 00:00:00,2025-10-28 17:20:00,Med/Surg,72,Emergency Department,Medicaid,91,4.72,1,Home
E000199,P00361,2025-10-24 03:00:00,2025-10-30 22:39:00,ICU,24,Scheduled Procedure,Self Pay,35,6.82,0,Home Health
E002179,P01066,2025-10-24 07:15:00,2025-10-28 18:43:00,Med/Surg,72,Emergency Department,Self Pay,21,4.48,0,Rehab
E000560,P00070,2025-10-24 07:30:00,2025-10-27 06:22:00,Cardiology,40,Direct Admit,Medicaid,91,2.95,0,Expired
E001732,P00218,2025-10-24 10:30:00,2025-10-30 16:05:00,Neurology,28,Transfer,Medicare,38,6.23,0,Home Health
E000283,P00594,2025-10-24 12:15:00,2025-10-29 08:22:00,Orthopedics,36,Scheduled Procedure,Self Pay,89,4.84,0,Home
E000175,P00178,2025-10-24 15:00:00,2025-10-28 09:56:00,Telemetry,48,Emergency Department,Medicare,38,3.79,0,Expired
E001397,P01111,2025-10-25 00:45:00,2025-10-27 21:35:00,Cardiology,40,Emergency Department,Medicare,71,2.87,0,Home
E000460,P01035,2025-10-25 04:45:00,2025-10-27 07:27:00,Telemetry,48,Emergency Department,Medicaid,41,2.11,0,Home
E000202,P01136,2025-10-25 13:00:00,2025-10-27 05:26:00,Orthopedics,36,Emergency Department,Medicaid,36,1.68,0,Rehab
E001736,P00218,2025-10-25 16:30:00,2025-10-31 04:40:00,ICU,24,Direct Admit,Medicare,29,5.51,0,Home
E000197,P00745,2025-10-25 17:45:00,2025-10-30 20:45:00,Cardiology,40,Transfer,Commercial,47,5.13,0,Home Health
E000847,P01238,2025-10-25 19:45:00,2025-10-29 04:45:00,Med/Surg,72,Transfer,Commercial,86,3.38,0,Home
E000727,P00025,2025-10-25 21:00:00,2025-10-31 00:44:00,Telemetry,48,Emergency Department,Commercial,69,5.16,0,Home
E000396,P00663,2025-10-25 23:00:00,2025-11-03 05:33:00,ICU,24,Emergency Department,Self Pay,78,8.27,0,Home
E001898,P00010,2025-10-25 23:00:00,2025-11-06 19:15:00,Neurology,28,Scheduled Procedure,Medicare,92,11.84,0,Home
E001440,P00397,2025-10-26 00:15:00,2025-10-30 19:54:00,Telemetry,48,Emergency Department,Commercial,79,4.82,0,Expired
E000242,P01257,2025-10-26 12:15:00,2025-10-31 22:46:00,Med/Surg,72,Emergency Department,Self Pay,86,5.44,0,Home
E001189,P00578,2025-10-26 17:30:00,2025-10-30 08:00:00,Telemetry,48,Emergency Department,Self Pay,32,3.60,0,Home
E000236,P01113,2025-10-26 18:30:00,2025-10-30 20:50:00,Orthopedics,36,Emergency Department,Medicare,64,4.10,0,Home
E001979,P00182,2025-10-26 22:30:00,2025-11-01 08:55:00,Telemetry,48,Emergency Department,Medicaid,73,5.43,0,Home
E000972,P00775,2025-10-27 00:00:00,2025-10-30 09:21:00,Telemetry,48,Transfer,Medicaid,77,3.39,0,Home
E000872,P00204,2025-10-27 02:45:00,2025-10-30 09:36:00,Med/Surg,72,Direct Admit,Medicaid,87,3.29,0,Home
E000276,P00965,2025-10-27 05:45:00,2025-10-31 02:54:00,Med/Surg,72,Emergency Department,Commercial,26,3.88,0,Home Health
E000953,P01290,2025-10-27 06:15:00,2025-11-08 12:03:00,ICU,24,Scheduled Procedure,Self Pay,49,12.24,0,Home
E001937,P01204,2025-10-27 10:45:00,2025-10-30 17:36:00,Med/Surg,72,Scheduled Procedure,Self Pay,21,3.29,0,Rehab
E000522,P00782,2025-10-27 14:15:00,2025-10-30 12:16:00,Orthopedics,36,Emergency Department,Medicare,28,2.92,0,Skilled Nursing Facility
E001237,P00574,2025-10-27 15:30:00,2025-10-29 23:51:00,Telemetry,48,Emergency Department,Medicaid,37,2.35,0,Rehab
E000666,P00119,2025-10-27 20:30:00,2025-11-01 15:38:00,Med/Surg,72,Scheduled Procedure,Commercial,63,4.80,0,Home Health
E000129,P01158,2025-10-27 22:30:00,2025-10-31 14:50:00,Telemetry,48,Direct Admit,Medicaid,35,3.68,0,Home
E001264,P01284,2025-10-28 02:15:00,2025-11-02 21:35:00,Neurology,28,Emergency Department,Self Pay,67,5.81,0,Home
E000227,P00636,2025-10-28 03:00:00,2025-10-31 11:56:00,Telemetry,48,Emergency Department,Medicare,69,3.37,0,Home
E000884,P00555,2025-10-28 03:45:00,2025-11-02 07:27:00,Neurology,28,Direct Admit,Medicare,82,5.15,0,Home
E000405,P00518,2025-10-28 04:15:00,2025-11-02 06:18:00,Med/Surg,72,Emergency Department,Medicare,35,5.09,0,Home
E001936,P00388,2025-10-28 12:00:00,2025-11-02 16:34:00,Neurology,28,Emergency Department,Medicaid,26,5.19,0,Home
E001167,P00896,2025-10-28 13:30:00,2025-11-01 18:08:00,Cardiology,40,Emergency Department,Medicaid,30,4.19,0,Home
E001458,P00952,2025-10-28 21:15:00,2025-11-03 12:39:00,Cardiology,40,Emergency Department,Commercial,23,5.64,0,Home
E000542,P01290,2025-11-01 12:15:00,2025-11-07 07:34:00,Neurology,28,Emergency Department,Medicaid,35,5.81,0,Expired
E001700,P01120,2025-11-01 14:15:00,2025-11-08 01:01:00,ICU,24,Emergency Department,Medicare,69,6.45,1,Home
E001945,P00530,2025-11-01 22:15:00,2025-11-07 02:33:00,Cardiology,40,Transfer,Commercial,92,5.18,0,Home
E000519,P01230,2025-11-01 22:30:00,2025-11-04 21:22:00,Orthopedics,36,Emergency Department,Self Pay,46,2.95,0,Home
E001060,P01257,2025-11-02 00:15:00,2025-11-05 04:28:00,Telemetry,48,Scheduled Procedure,Self Pay,40,3.18,1,Home
E001594,P00620,2025-11-02 00:45:00,2025-11-06 23:55:00,Med/Surg,72,Emergency Department,Medicaid,52,4.97,0,Home
E001663,P00150,2025-11-02 03:30:00,2025-11-07 21:56:00,Med/Surg,72,Scheduled Procedure,Medicare,72,5.77,1,Home
E001651,P01130,2025-11-02 05:45:00,2025-11-05 02:22:00,Telemetry,48,Emergency Department,Commercial,24,2.86,0,Rehab
E001425,P01119,2025-11-02 09:45:00,2025-11-04 00:37:00,Orthopedics,36,Emergency Department,Medicare,65,1.62,0,Home
E000985,P01173,2025-11-02 10:30:00,2025-11-06 12:28:00,Med/Surg,72,Transfer,Commercial,47,4.08,0,Home
E002064,P01165,2025-11-02 10:30:00,2025-11-05 04:14:00,Telemetry,48,Transfer,Self Pay,51,2.74,0,Home
E000505,P00210,2025-11-02 16:00:00,2025-11-06 01:27:00,Telemetry,48,Emergency Department,Medicaid,24,3.39,0,Home Health
E001072,P00905,2025-11-02 17:30:00,2025-11-08 20:42:00,ICU,24,Emergency Department,Self Pay,50,6.13,0,Home
E000639,P00153,2025-11-02 17:45:00,2025-11-08 02:28:00,Med/Surg,72,Emergency Department,Self Pay,22,5.36,0,Home
E001422,P00519,2025-11-02 17:45:00,2025-11-05 17:20:00,Cardiology,40,Emergency Department,Medicare,70,2.98,0,Skilled Nursing Facility
E001217,P00642,2025-11-03 08:00:00,2025-11-08 02:26:00,Neurology,28,Emergency Department,Medicare,46,4.77,0,Home
E000240,P00751,2025-11-03 13:00:00,2025-11-08 06:12:00,Cardiology,40,Direct Admit,Medicare,59,4.72,0,Home
E001273,P00620,2025-11-03 13:30:00,2025-11-09 11:09:00,Cardiology,40,Emergency Department,Commercial,36,5.90,0,Home
E002075,P00442,2025-11-03 15:45:00,2025-11-06 05:04:00,Med/Surg,72,Scheduled Procedure,Medicare,35,2.56,0,Rehab
E000626,P01260,2025-11-03 21:15:00,2025-11-10 02:58:00,ICU,24,Direct Admit,Medicare,52,6.24,0,Rehab
E001381,P00745,2025-11-04 01:30:00,2025-11-07 16:32:00,Orthopedics,36,Transfer,Self Pay,39,3.63,0,Home
E001799,P00035,2025-11-04 07:15:00,2025-11-10 09:56:00,Neurology,28,Transfer,Commercial,18,6.11,0,Home
E000141,P01064,2025-11-04 17:30:00,2025-11-10 10:16:00,Med/Surg,72,Transfer,Medicaid,21,5.70,0,Home Health
E001102,P01226,2025-11-04 17:30:00,2025-11-08 10:05:00,Med/Surg,72,Direct Admit,Medicaid,62,3.69,0,Home
E001829,P01124,2025-11-05 00:45:00,2025-11-07 08:33:00,Med/Surg,72,Direct Admit,Self Pay,62,2.33,0,Rehab
E000474,P00211,2025-11-05 07:45:00,2025-11-09 10:24:00,Med/Surg,72,Transfer,Self Pay,61,4.11,0,Skilled Nursing Facility
E000482,P00580,2025-11-05 07:45:00,2025-11-11 20:09:00,ICU,24,Emergency Department,Medicare,81,6.52,0,Home
E001786,P00730,2025-11-05 08:30:00,2025-11-07 16:33:00,Telemetry,48,Emergency Department,Medicaid,77,2.34,0,Skilled Nursing Facility
E000386,P00687,2025-11-05 23:30:00,2025-11-10 15:06:00,Med/Surg,72,Emergency Department,Commercial,82,4.65,0,Home
E000436,P00615,2025-11-05 23:45:00,2025-11-09 04:31:00,Med/Surg,72,Emergency Department,Medicaid,65,3.20,0,Home
E000483,P00695,2025-11-06 00:00:00,2025-11-17 09:44:00,Med/Surg,72,Emergency Department,Commercial,86,11.41,0,Rehab
E001502,P00176,2025-11-06 03:30:00,2025-11-09 21:59:00,Telemetry,48,Scheduled Procedure,Medicaid,60,3.77,0,Rehab
E000858,P00701,2025-11-06 05:30:00,2025-11-11 21:30:00,Med/Surg,72,Transfer,Commercial,59,5.67,0,Home
E000219,P00860,2025-11-06 13:30:00,2025-11-14 15:15:00,Telemetry,48,Emergency Department,Self Pay,90,8.07,0,Home
E000820,P00025,2025-11-07 10:30:00,2025-11-10 17:11:00,Cardiology,40,Direct Admit,Commercial,62,3.28,1,Home
E001329,P00398,2025-11-07 11:15:00,2025-11-12 22:04:00,Med/Surg,72,Emergency Department,Medicare,19,5.45,0,Home Health
E000625,P00712,2025-11-07 12:15:00,2025-11-09 00:27:00,Orthopedics,36,Direct Admit,Medicaid,34,1.51,0,Home
E001434,P01220,2025-11-07 15:00:00,2025-11-11 02:34:00,Orthopedics,36,Emergency Department,Commercial,26,3.48,0,Home Health
E000759,P00913,2025-11-08 06:15:00,2025-11-10 19:18:00,Med/Surg,72,Emergency Department,Medicare,80,2.54,0,Home
E000748,P01110,2025-11-08 12:30:00,2025-11-16 22:01:00,ICU,24,Scheduled Procedure,Medicaid,34,8.40,0,Home
E000316,P00791,2025-11-08 17:15:00,2025-11-13 21:51:00,Cardiology,40,Scheduled Procedure,Medicaid,28,5.19,0,Home Health
E001701,P00121,2025-11-09 02:30:00,2025-11-12 12:16:00,Cardiology,40,Emergency Department,Medicaid,55,3.41,0,Expired
E000812,P00941,2025-11-09 05:00:00,2025-11-20 19:13:00,ICU,24,Emergency Department,Medicaid,66,11.59,0,Home
E001074,P00182,2025-11-09 11:15:00,2025-11-11 23:09:00,Telemetry,48,Emergency Department,Self Pay,34,2.50,0,Rehab
E000184,P01091,2025-11-09 16:15:00,2025-11-12 11:51:00,Orthopedics,36,Emergency Department,Medicaid,79,2.82,0,Home
E001151,P00563,2025-11-09 16:15:00,2025-11-17 20:40:00,ICU,24,Emergency Department,Commercial,70,8.18,0,Home
E001352,P00244,2025-11-10 01:30:00,2025-11-15 15:38:00,Med/Surg,72,Transfer,Self Pay,68,5.59,0,Home
E000801,P00587,2025-11-10 05:15:00,2025-11-14 08:10:00,Med/Surg,72,Emergency Department,Commercial,30,4.12,0,Home
E001817,P00750,2025-11-10 09:30:00,2025-11-15 02:48:00,ICU,24,Emergency Department,Commercial,38,4.72,0,Home
E001988,P00959,2025-11-10 09:45:00,2025-11-15 10:46:00,Med/Surg,72,Scheduled Procedure,Medicare,84,5.04,0,Home
E000012,P00403,2025-11-10 18:00:00,2025-11-14 15:15:00,Telemetry,48,Scheduled Procedure,Self Pay,33,3.89,0,Home
E001251,P00114,2025-11-10 23:15:00,2025-11-13 15:17:00,Telemetry,48,Emergency Department,Commercial,67,2.67,0,Home
E001456,P00126,2025-11-11 04:30:00,2025-11-13 12:32:00,Orthopedics,36,Emergency Department,Medicare,48,2.34,0,Home Health
E000493,P00470,2025-11-11 05:30:00,2025-11-15 07:26:00,Med/Surg,72,Emergency Department,Medicare,21,4.08,0,Home
E000457,P00673,2025-11-11 07:45:00,2025-11-15 12:55:00,Neurology,28,Emergency Department,Self Pay,65,4.22,0,Home
E001916,P00918,2025-11-11 11:00:00,2025-11-15 18:57:00,Orthopedics,36,Emergency Department,Medicare,59,4.33,0,Rehab
E001790,P00389,2025-11-11 12:00:00,2025-11-18 07:29:00,Orthopedics,36,Emergency Department,Medicare,33,6.81,0,Home
E000105,P00008,2025-11-11 12:15:00,2025-11-15 02:58:00,Med/Surg,72,Emergency Department,Commercial,36,3.61,0,Home Health
E000365,P01287,2025-11-11 13:00:00,2025-11-16 17:12:00,Med/Surg,72,Emergency Department,Commercial,40,5.18,0,Home
E001178,P00537,2025-11-11 14:45:00,2025-11-22 01:51:00,Telemetry,48,Transfer,Commercial,32,10.46,0,Skilled Nursing Facility
E001899,P00823,2025-11-11 23:45:00,2025-11-14 23:12:00,Med/Surg,72,Scheduled Procedure,Medicare,37,2.98,0,Home
E000499,P00645,2025-11-12 01:00:00,2025-11-15 09:02:00,Med/Surg,72,Emergency Department,Medicare,58,3.34,0,Home
E000651,P01218,2025-11-12 04:00:00,2025-11-15 23:33:00,Telemetry,48,Emergency Department,Commercial,22,3.82,0,Home Health
E000376,P00570,2025-11-12 04:15:00,2025-11-22 22:25:00,ICU,24,Emergency Department,Medicare,79,10.76,0,Home
E001248,P00734,2025-11-12 06:00:00,2025-11-16 10:32:00,ICU,24,Emergency Department,Medicare,88,4.19,0,Home
E000151,P00451,2025-11-12 06:45:00,2025-11-15 12:21:00,Med/Surg,72,Transfer,Medicare,61,3.23,0,Skilled Nursing Facility
E001741,P00312,2025-11-12 07:00:00,2025-11-17 22:21:00,Med/Surg,72,Emergency Department,Medicare,84,5.64,0,Rehab
E001694,P00891,2025-11-12 08:30:00,2025-11-17 00:48:00,Cardiology,40,Transfer,Medicare,84,4.68,0,Home
E001600,P00463,2025-11-12 09:00:00,2025-11-15 03:09:00,Cardiology,40,Direct Admit,Medicare,80,2.76,0,Home
E002051,P00481,2025-11-12 13:15:00,2025-11-17 10:13:00,Neurology,28,Emergency Department,Commercial,39,4.87,0,Home
E000596,P00445,2025-11-12 18:00:00,2025-11-18 13:26:00,Cardiology,40,Emergency Department,Medicaid,33,5.81,0,Home
E001611,P00372,2025-11-12 18:00:00,2025-12-01 03:04:00,ICU,24,Direct Admit,Medicaid,82,18.38,0,Home
E001470,P00888,2025-11-12 18:30:00,2025-11-18 02:58:00,Neurology,28,Emergency Department,Medicaid,69,5.35,0,Home
E000103,P00697,2025-11-12 19:45:00,2025-11-25 01:29:00,Cardiology,40,Transfer,Medicaid,73,12.24,0,Expired
E002200,P00945,2025-11-12 22:30:00,2025-11-17 02:36:00,Med/Surg,72,Direct Admit,Commercial,57,4.17,0,Home
E001985,P00435,2025-11-12 23:00:00,2025-11-18 07:26:00,Med/Surg,72,Scheduled Procedure,Commercial,52,5.35,0,Home
E001465,P00422,2025-11-13 10:30:00,2025-11-17 23:31:00,Orthopedics,36,Direct Admit,Medicare,20,4.54,0,Home
E001625,P00090,2025-11-13 12:00:00,2025-11-18 16:04:00,Med/Surg,72,Emergency Department,Self Pay,33,5.17,0,Home Health
E000721,P00830,2025-11-13 16:30:00,2025-11-16 00:56:00,Med/Surg,72,Scheduled Procedure,Medicare,90,2.35,0,Skilled Nursing Facility
E001340,P00013,2025-11-13 16:30:00,2025-11-25 23:37:00,Orthopedics,36,Emergency Department,Commercial,82,12.30,0,Expired
E001644,P00263,2025-11-13 19:15:00,2025-11-18 07:46:00,Med/Surg,72,Scheduled Procedure,Commercial,66,4.52,0,Home
E002131,P00760,2025-11-13 22:30:00,2025-11-17 21:44:00,Telemetry,48,Transfer,Medicare,38,3.97,0,Home
E000553,P00550,2025-11-13 22:45:00,2025-11-17 09:36:00,Telemetry,48,Direct Admit,Commercial,46,3.45,0,Home Health
E000147,P00362,2025-11-14 08:45:00,2025-11-17 18:53:00,Med/Surg,72,Scheduled Procedure,Medicare,92,3.42,0,Home
E001401,P00020,2025-11-14 12:30:00,2025-11-18 13:55:00,Cardiology,40,Transfer,Medicaid,82,4.06,0,Home
E000589,P00921,2025-11-14 17:15:00,2025-11-19 19:40:00,ICU,24,Transfer,Self Pay,91,5.10,0,Home
E001747,P01083,2025-11-14 18:15:00,2025-11-21 18:39:00,ICU,24,Transfer,Commercial,26,7.02,0,Home Health
E001498,P00121,2025-11-14 19:45:00,2025-11-18 07:44:00,Orthopedics,36,Scheduled Procedure,Medicaid,74,3.50,0,Home
E001633,P00777,2025-11-14 20:30:00,2025-11-17 16:03:00,Med/Surg,72,Scheduled Procedure,Medicare,92,2.82,0,Home
E001909,P01128,2025-11-15 00:00:00,2025-11-18 12:05:00,Med/Surg,72,Emergency Department,Medicaid,47,3.50,0,Home
E000955,P00694,2025-11-15 02:30:00,2025-11-19 01:20:00,Med/Surg,72,Emergency Department,Medicare,81,3.95,0,Home
E000834,P01264,2025-11-15 07:30:00,2025-11-25 21:47:00,Med/Surg,72,Transfer,Medicare,22,10.60,0,Expired
E000927,P00112,2025-11-15 10:15:00,2025-11-18 09:53:00,Cardiology,40,Emergency Department,Medicare,61,2.98,0,Skilled Nursing Facility
E001181,P00427,2025-11-15 10:15:00,2025-11-20 09:35:00,Neurology,28,Emergency Department,Medicaid,37,4.97,0,Home Health
E000040,P01282,2025-11-15 12:45:00,2025-11-18 14:24:00,Med/Surg,72,Transfer,Self Pay,51,3.07,0,Rehab
E000905,P00530,2025-11-15 19:00:00,2025-11-20 05:45:00,Med/Surg,72,Emergency Department,Commercial,84,4.45,0,Home
E000164,P00111,2025-11-16 02:30:00,2025-11-19 12:41:00,Cardiology,40,Scheduled Procedure,Medicaid,28,3.42,0,Home
E001110,P01223,2025-11-16 04:30:00,2025-11-19 21:47:00,Orthopedics,36,Scheduled Procedure,Medicaid,73,3.72,0,Expired
E000746,P00715,2025-11-16 04:45:00,2025-11-18 19:05:00,Med/Surg,72,Emergency Department,Commercial,35,2.60,0,Home
E000361,P00329,2025-11-16 15:45:00,2025-11-22 09:26:00,Med/Surg,72,Scheduled Procedure,Self Pay,78,5.74,0,Home
E001022,P01190,2025-11-16 18:45:00,2025-11-21 12:12:00,Cardiology,40,Emergency Department,Commercial,90,4.73,0,Home Health
E001290,P01243,2025-11-16 19:15:00,2025-11-19 12:44:00,Med/Surg,72,Direct Admit,Medicaid,90,2.73,0,Rehab
E001535,P01039,2025-11-17 01:00:00,2025-11-22 02:14:00,Neurology,28,Emergency Department,Commercial,36,5.05,0,Home
E000779,P00338,2025-11-17 01:30:00,2025-11-27 01:55:00,ICU,24,Emergency Department,Medicare,82,10.02,0,Home Health
E000226,P00310,2025-11-17 12:15:00,2025-11-23 01:41:00,Neurology,28,Emergency Department,Medicare,66,5.56,0,Expired
E000098,P00541,2025-11-17 13:00:00,2025-11-20 00:57:00,Orthopedics,36,Emergency Department,Medicaid,33,2.50,0,Home
E000719,P01087,2025-11-17 13:00:00,2025-11-21 05:15:00,Orthopedics,36,Transfer,Medicare,25,3.68,0,Home
E000775,P00252,2025-11-17 13:45:00,2025-11-20 11:55:00,Med/Surg,72,Emergency Department,Medicaid,33,2.92,0,Rehab
E000019,P00454,2025-11-17 18:30:00,2025-11-20 20:11:00,Orthopedics,36,Emergency Department,Self Pay,76,3.07,0,Expired
E001249,P01068,2025-11-17 21:00:00,2025-11-20 01:59:00,Telemetry,48,Emergency Department,Medicare,48,2.21,0,Home Health
E001839,P00146,2025-11-17 21:45:00,2025-11-19 22:03:00,Telemetry,48,Direct Admit,Self Pay,41,2.01,0,Home
E001868,P00154,2025-11-17 23:30:00,2025-11-23 21:20:00,Cardiology,40,Transfer,Medicare,24,5.91,0,Home
E000284,P00559,2025-11-18 00:30:00,2025-11-21 06:45:00,Telemetry,48,Scheduled Procedure,Self Pay,35,3.26,0,Home Health
E002097,P00328,2025-11-18 01:15:00,2025-11-22 01:16:00,Telemetry,48,Scheduled Procedure,Commercial,38,4.00,0,Rehab
E000913,P00153,2025-11-18 02:30:00,2025-11-23 18:42:00,Neurology,28,Emergency Department,Medicaid,82,5.68,1,Home
E001252,P01134,2025-11-18 09:15:00,2025-11-20 13:53:00,Orthopedics,36,Emergency Department,Medicaid,18,2.19,0,Expired
E001835,P00538,2025-11-18 18:45:00,2025-11-23 15:53:00,ICU,24,Scheduled Procedure,Commercial,67,4.88,0,Home
E000853,P00577,2025-11-18 20:30:00,2025-11-21 22:27:00,Med/Surg,72,Scheduled Procedure,Medicaid,80,3.08,0,Home
E000730,P00008,2025-11-19 09:15:00,2025-11-21 20:26:00,Telemetry,48,Scheduled Procedure,Commercial,73,2.47,0,Expired
E001580,P00426,2025-11-19 09:15:00,2025-11-22 04:32:00,Orthopedics,36,Emergency Department,Medicare,88,2.80,0,Skilled Nursing Facility
E000477,P00463,2025-11-19 17:15:00,2025-11-23 02:42:00,Orthopedics,36,Direct Admit,Medicaid,73,3.39,0,Skilled Nursing Facility
E000932,P00812,2025-11-19 20:00:00,2025-11-25 12:02:00,Med/Surg,72,Emergency Department,Commercial,35,5.67,0,Rehab
E001702,P00200,2025-11-20 00:45:00,2025-11-25 06:39:00,Cardiology,40,Direct Admit,Self Pay,62,5.25,0,Expired
E001520,P00268,2025-11-20 04:45:00,2025-11-22 15:11:00,Orthopedics,36,Emergency Department,Medicaid,19,2.44,0,Rehab
E002014,P01102,2025-11-20 07:00:00,2025-11-30 00:58:00,ICU,24,Transfer,Self Pay,18,9.75,0,Home
E001179,P00499,2025-11-20 10:00:00,2025-11-24 15:24:00,Med/Surg,72,Emergency Department,Self Pay,42,4.23,0,Home
E001116,P00575,2025-11-20 11:45:00,2025-11-24 20:53:00,Cardiology,40,Emergency Department,Medicaid,39,4.38,0,Home
E000578,P00569,2025-11-20 15:15:00,2025-11-22 17:45:00,Telemetry,48,Transfer,Self Pay,66,2.10,0,Home
E000427,P00521,2025-11-20 19:30:00,2025-11-24 12:15:00,Neurology,28,Direct Admit,Commercial,83,3.70,0,Home
E002103,P00981,2025-11-20 19:30:00,2025-12-01 14:13:00,Telemetry,48,Emergency Department,Self Pay,38,10.78,0,Home
E001545,P01144,2025-11-20 21:30:00,2025-11-23 09:46:00,Orthopedics,36,Emergency Department,Medicare,49,2.51,0,Home
E001818,P00263,2025-11-21 00:15:00,2025-11-26 20:16:00,Cardiology,40,Emergency Department,Commercial,40,5.83,1,Home
E001557,P00624,2025-11-21 04:15:00,2025-11-25 11:36:00,Med/Surg,72,Emergency Department,Commercial,22,4.31,0,Rehab
E001442,P00386,2025-11-21 08:15:00,2025-11-28 10:53:00,ICU,24,Emergency Department,Self Pay,58,7.11,0,Home
E001101,P01235,2025-11-21 14:45:00,2025-11-23 16:53:00,Telemetry,48,Emergency Department,Commercial,81,2.09,0,Home
E002083,P01062,2025-11-21 14:45:00,2025-11-24 10:01:00,Med/Surg,72,Emergency Department,Commercial,31,2.80,0,Home
E000921,P01114,2025-11-21 17:15:00,2025-11-25 12:02:00,Med/Surg,72,Emergency Department,Medicare,18,3.78,0,Home
E000443,P00852,2025-11-21 19:15:00,2025-12-04 06:03:00,ICU,24,Emergency Department,Medicare,92,12.45,0,Home
E001027,P00747,2025-11-21 19:30:00,2025-11-27 09:45:00,Med/Surg,72,Transfer,Medicare,83,5.59,0,Home
E000864,P00994,2025-11-21 23:45:00,2025-11-26 23:55:00,Telemetry,48,Scheduled Procedure,Self Pay,40,5.01,0,Home
E001324,P00910,2025-11-22 06:15:00,2025-11-26 03:02:00,Telemetry,48,Emergency Department,Commercial,85,3.87,0,Home Health
E000271,P00889,2025-11-22 22:30:00,2025-11-29 19:48:00,ICU,24,Emergency Department,Commercial,65,6.89,0,Home Health
E000720,P00036,2025-11-23 01:00:00,2025-11-25 19:37:00,Telemetry,48,Scheduled Procedure,Commercial,46,2.78,0,Home
E000890,P00724,2025-11-23 02:00:00,2025-11-28 19:49:00,Cardiology,40,Emergency Department,Medicare,50,5.74,0,Home
E001019,P00387,2025-11-23 03:15:00,2025-12-07 00:08:00,Neurology,28,Emergency Department,Self Pay,18,13.87,0,Expired
E000346,P00907,2025-11-23 05:45:00,2025-11-27 21:48:00,Telemetry,48,Emergency Department,Self Pay,46,4.67,0,Expired
E001631,P00270,2025-11-23 05:45:00,2025-11-26 14:08:00,Telemetry,48,Emergency Department,Medicare,64,3.35,0,Home
E001931,P01063,2025-11-23 17:45:00,2025-11-27 11:23:00,Orthopedics,36,Transfer,Self Pay,45,3.74,0,Home
E000674,P00481,2025-11-23 22:00:00,2025-11-27 08:41:00,Cardiology,40,Direct Admit,Medicaid,60,3.45,0,Skilled Nursing Facility
E001902,P01008,2025-11-23 22:45:00,2025-11-27 21:03:00,Orthopedics,36,Emergency Department,Self Pay,18,3.93,0,Home
E000549,P00653,2025-11-24 05:15:00,2025-11-28 00:32:00,Neurology,28,Emergency Department,Self Pay,43,3.80,0,Home
E001778,P00285,2025-11-24 06:30:00,2025-11-30 05:08:00,Cardiology,40,Emergency Department,Medicare,34,5.94,0,Rehab
E001459,P00330,2025-11-24 12:30:00,2025-11-29 09:26:00,Med/Surg,72,Scheduled Procedure,Commercial,69,4.87,0,Home
E001997,P01203,2025-11-24 12:30:00,2025-11-29 05:42:00,Neurology,28,Emergency Department,Medicaid,88,4.72,0,Home
E000675,P00644,2025-11-25 01:45:00,2025-11-27 10:09:00,Orthopedics,36,Emergency Department,Medicare,22,2.35,0,Skilled Nursing Facility
E000282,P01041,2025-11-25 05:00:00,2025-11-30 12:26:00,Med/Surg,72,Emergency Department,Self Pay,75,5.31,0,Home
E000797,P00376,2025-11-25 11:30:00,2025-11-29 06:41:00,Telemetry,48,Direct Admit,Self Pay,84,3.80,0,Home
E001523,P00674,2025-11-25 11:45:00,2025-11-30 15:16:00,ICU,24,Scheduled Procedure,Commercial,22,5.15,0,Expired
E000607,P01103,2025-11-25 16:30:00,2025-11-27 21:35:00,Telemetry,48,Transfer,Medicare,30,2.21,0,Rehab
E001479,P01084,2025-11-25 16:30:00,2025-12-01 08:01:00,Med/Surg,72,Transfer,Commercial,70,5.65,0,Expired
E000128,P00209,2025-11-25 19:00:00,2025-12-03 18:25:00,ICU,24,Emergency Department,Medicaid,54,7.98,0,Home
E001906,P00781,2025-11-25 21:30:00,2025-11-29 02:23:00,Orthopedics,36,Emergency Department,Medicaid,58,3.20,0,Home
E001960,P00359,2025-11-26 01:15:00,2025-11-30 22:50:00,Orthopedics,36,Direct Admit,Medicaid,19,4.90,0,Home
E001640,P00131,2025-11-26 05:15:00,2025-12-02 23:55:00,ICU,24,Transfer,Self Pay,79,6.78,0,Home
E002040,P01281,2025-11-26 12:30:00,2025-12-01 07:54:00,Med/Surg,72,Emergency Department,Medicaid,27,4.81,0,Home
E001085,P01140,2025-11-26 21:30:00,2025-12-04 19:04:00,ICU,24,Emergency Department,Self Pay,73,7.90,0,Home
E000272,P00427,2025-11-27 09:00:00,2025-12-03 05:32:00,Cardiology,40,Emergency Department,Self Pay,31,5.86,0,Home
E001182,P00309,2025-11-27 12:15:00,2025-11-29 10:33:00,Orthopedics,36,Emergency Department,Commercial,87,1.93,0,Home
E002155,P01203,2025-11-27 12:30:00,2025-12-04 20:28:00,ICU,24,Direct Admit,Self Pay,29,7.33,0,Home
E001649,P01254,2025-11-27 18:30:00,2025-12-01 00:01:00,Neurology,28,Emergency Department,Medicare,22,3.23,0,Home
E001763,P00060,2025-11-27 22:15:00,2025-11-30 20:42:00,Med/Surg,72,Emergency Department,Self Pay,53,2.94,0,Home
E001293,P01031,2025-11-28 03:45:00,2025-11-29 12:10:00,Orthopedics,36,Scheduled Procedure,Commercial,58,1.35,0,Rehab
E001814,P00325,2025-11-28 04:15:00,2025-12-03 10:31:00,Neurology,28,Scheduled Procedure,Medicare,65,5.26,0,Home Health
E001257,P01260,2025-11-28 06:30:00,2025-12-04 08:11:00,ICU,24,Direct Admit,Medicaid,23,6.07,0,Home
E000617,P00945,2025-11-28 08:15:00,2025-12-02 20:16:00,Telemetry,48,Scheduled Procedure,Medicaid,46,4.50,0,Skilled Nursing Facility
E000942,P01232,2025-11-28 11:00:00,2025-12-04 00:52:00,Telemetry,48,Direct Admit,Commercial,27,5.58,0,Rehab
E001805,P01166,2025-11-28 11:00:00,2025-12-03 18:17:00,Telemetry,48,Emergency Department,Medicare,37,5.30,0,Home
E001550,P00759,2025-11-28 11:15:00,2025-12-05 09:56:00,ICU,24,Emergency Department,Medicare,33,6.95,0,Home
E000124,P00349,2025-11-28 15:00:00,2025-12-02 07:24:00,Telemetry,48,Emergency Department,Self Pay,23,3.68,0,Home
E001935,P01057,2025-11-28 16:15:00,2025-12-03 09:25:00,Telemetry,48,Transfer,Commercial,38,4.72,0,Home
E000806,P00751,2025-11-28 17:00:00,2025-12-04 16:28:00,Neurology,28,Emergency Department,Commercial,41,5.98,1,Home
E001002,P00605,2025-11-28 17:30:00,2025-12-02 16:55:00,Med/Surg,72,Emergency Department,Commercial,84,3.98,0,Rehab
E000523,P00503,2025-11-28 18:30:00,2025-12-01 13:54:00,Med/Surg,72,Scheduled Procedure,Medicare,60,2.81,0,Home
E001637,P00207,2025-11-28 18:30:00,2025-12-02 13:08:00,Neurology,28,Transfer,Medicaid,52,3.78,0,Home
E002041,P01294,2025-11-28 19:15:00,2025-12-01 08:33:00,Med/Surg,72,Scheduled Procedure,Medicare,58,2.55,0,Home
E001664,P00199,2025-12-01 03:30:00,2025-12-03 16:13:00,Med/Surg,72,Transfer,Commercial,70,2.53,0,Expired
E000624,P01226,2025-12-01 10:15:00,2025-12-05 09:01:00,Neurology,28,Emergency Department,Commercial,33,3.95,0,Home
E001302,P01036,2025-12-01 20:45:00,2025-12-04 19:14:00,Orthopedics,36,Emergency Department,Self Pay,46,2.94,0,Rehab
E000375,P00144,2025-12-01 21:45:00,2025-12-05 21:47:00,Cardiology,40,Emergency Department,Medicaid,41,4.00,0,Home
E000455,P01150,2025-12-02 05:00:00,2025-12-06 11:49:00,Neurology,28,Scheduled Procedure,Medicaid,54,4.28,0,Home
E001986,P00139,2025-12-02 11:30:00,2025-12-07 09:08:00,Cardiology,40,Emergency Department,Medicaid,49,4.90,0,Home
E000332,P00995,2025-12-02 12:45:00,2025-12-07 23:17:00,Med/Surg,72,Scheduled Procedure,Medicaid,49,5.44,0,Home
E001452,P00388,2025-12-02 14:15:00,2025-12-07 19:39:00,Med/Surg,72,Direct Admit,Medicaid,24,5.23,0,Home
E001400,P00819,2025-12-02 15:30:00,2025-12-14 16:01:00,ICU,24,Scheduled Procedure,Commercial,71,12.02,0,Expired
E000990,P01244,2025-12-02 17:15:00,2025-12-06 23:26:00,Med/Surg,72,Emergency Department,Medicaid,58,4.26,0,Home Health
E001149,P00506,2025-12-02 19:45:00,2025-12-08 00:25:00,Med/Surg,72,Emergency Department,Medicare,80,5.19,0,Home Health
E000722,P00710,2025-12-02 21:30:00,2025-12-08 15:16:00,Med/Surg,72,Emergency Department,Self Pay,84,5.74,0,Home
E001650,P00876,2025-12-02 22:00:00,2025-12-07 05:01:00,Telemetry,48,Emergency Department,Commercial,72,4.29,0,Home
E000734,P00018,2025-12-03 01:15:00,2025-12-07 03:00:00,Telemetry,48,Transfer,Medicare,44,4.07,0,Home
E000773,P00750,2025-12-03 03:30:00,2025-12-08 07:05:00,Telemetry,48,Emergency Department,Medicare,53,5.15,0,Home Health
E001250,P01171,2025-12-03 10:45:00,2025-12-07 20:36:00,Orthopedics,36,Scheduled Procedure,Medicaid,38,4.41,0,Home
E000738,P00888,2025-12-03 11:45:00,2025-12-07 06:16:00,Med/Surg,72,Transfer,Medicaid,81,3.77,0,Home
E000491,P00126,2025-12-03 18:30:00,2025-12-08 20:29:00,Telemetry,48,Emergency Department,Self Pay,89,5.08,0,Home
E001136,P00563,2025-12-04 04:15:00,2025-12-09 19:22:00,Med/Surg,72,Emergency Department,Medicare,73,5.63,0,Home
E001497,P00399,2025-12-04 08:15:00,2025-12-08 04:36:00,Orthopedics,36,Emergency Department,Medicaid,44,3.85,0,Home Health
E002117,P00323,2025-12-04 14:45:00,2025-12-08 14:36:00,ICU,24,Emergency Department,Commercial,84,3.99,0,Expired
E000504,P00922,2025-12-04 17:15:00,2025-12-09 13:45:00,ICU,24,Emergency Department,Commercial,67,4.85,0,Home
E001394,P01163,2025-12-04 17:30:00,2025-12-06 19:56:00,Telemetry,48,Emergency Department,Medicare,77,2.10,0,Home
E001144,P00666,2025-12-04 22:45:00,2025-12-09 04:19:00,Med/Surg,72,Emergency Department,Medicaid,21,4.23,0,Home
E000456,P00938,2025-12-05 00:30:00,2025-12-10 04:58:00,Med/Surg,72,Transfer,Self Pay,54,5.19,0,Home
E000429,P01069,2025-12-05 01:30:00,2025-12-08 12:51:00,Med/Surg,72,Direct Admit,Medicaid,29,3.47,0,Home
E001956,P01286,2025-12-05 06:00:00,2025-12-08 03:03:00,Cardiology,40,Scheduled Procedure,Self Pay,42,2.88,0,Home
E001750,P00232,2025-12-05 09:45:00,2025-12-09 14:02:00,Telemetry,48,Emergency Department,Medicare,72,4.18,0,Home
E002135,P00521,2025-12-05 10:30:00,2025-12-08 21:46:00,Orthopedics,36,Emergency Department,Medicare,18,3.47,0,Home Health
E000254,P00588,2025-12-05 11:30:00,2025-12-09 09:29:00,Telemetry,48,Scheduled Procedure,Self Pay,89,3.92,0,Home
E000552,P00740,2025-12-05 12:00:00,2025-12-15 06:48:00,ICU,24,Transfer,Commercial,31,9.78,0,Home
E000883,P00209,2025-12-05 20:15:00,2025-12-11 22:34:00,Cardiology,40,Emergency Department,Medicare,26,6.10,0,Skilled Nursing Facility
E001048,P00280,2025-12-05 20:45:00,2025-12-08 09:21:00,Telemetry,48,Emergency Department,Self Pay,32,2.53,0,Home
E002189,P00292,2025-12-05 22:45:00,2025-12-08 13:31:00,Telemetry,48,Scheduled Procedure,Medicaid,61,2.62,0,Skilled Nursing Facility
E001454,P01063,2025-12-06 02:15:00,2025-12-08 11:40:00,Med/Surg,72,Emergency Department,Commercial,43,2.39,0,Expired
E001268,P00224,2025-12-06 06:45:00,2025-12-14 14:51:00,Neurology,28,Emergency Department,Self Pay,41,8.34,0,Home
E001485,P00393,2025-12-06 11:30:00,2025-12-09 16:48:00,Telemetry,48,Emergency Department,Self Pay,47,3.22,0,Home
E000094,P00026,2025-12-06 11:45:00,2025-12-09 12:45:00,Orthopedics,36,Emergency Department,Commercial,32,3.04,0,Expired
E000248,P00625,2025-12-06 15:15:00,2025-12-11 00:16:00,Med/Surg,72,Direct Admit,Commercial,88,4.38,0,Skilled Nursing Facility
E000656,P01225,2025-12-06 18:45:00,2025-12-10 11:41:00,Med/Surg,72,Transfer,Medicare,22,3.71,0,Expired
E001209,P00586,2025-12-06 18:45:00,2025-12-12 10:46:00,Med/Surg,72,Emergency Department,Medicare,40,5.67,0,Home
E000594,P00294,2025-12-06 20:15:00,2025-12-11 19:35:00,Med/Surg,72,Emergency Department,Medicare,31,4.97,0,Expired
E001782,P00526,2025-12-06 22:30:00,2025-12-12 20:53:00,ICU,24,Scheduled Procedure,Medicaid,69,5.93,0,Rehab
E000817,P00495,2025-12-06 23:00:00,2025-12-10 03:34:00,Med/Surg,72,Emergency Department,Commercial,47,3.19,0,Skilled Nursing Facility
E000503,P00527,2025-12-07 01:30:00,2025-12-10 16:06:00,Neurology,28,Emergency Department,Self Pay,19,3.61,0,Home
E001940,P00801,2025-12-07 05:00:00,2025-12-12 16:29:00,Telemetry,48,Direct Admit,Medicaid,78,5.48,0,Home
E001021,P01237,2025-12-07 06:15:00,2025-12-12 03:45:00,Telemetry,48,Emergency Department,Commercial,41,4.90,0,Home
E000584,P01262,2025-12-07 11:30:00,2025-12-13 21:53:00,ICU,24,Emergency Department,Self Pay,50,6.43,0,Home Health
E001551,P00517,2025-12-07 16:15:00,2025-12-10 10:47:00,Med/Surg,72,Emergency Department,Commercial,19,2.77,0,Home
E001569,P00111,2025-12-07 21:00:00,2025-12-12 04:39:00,Orthopedics,36,Direct Admit,Self Pay,48,4.32,0,Home
E000527,P00229,2025-12-07 21:15:00,2025-12-11 08:00:00,Telemetry,48,Transfer,Commercial,56,3.45,0,Expired
E001111,P01057,2025-12-07 23:15:00,2025-12-12 11:07:00,Med/Surg,72,Emergency Department,Self Pay,64,4.50,0,Rehab
E001721,P00454,2025-12-07 23:45:00,2025-12-10 14:15:00,Telemetry,48,Emergency Department,Medicaid,80,2.60,0,Expired
E001054,P00257,2025-12-08 01:30:00,2025-12-11 10:09:00,Neurology,28,Emergency Department,Medicare,77,3.36,0,Home
E001080,P00154,2025-12-08 04:15:00,2025-12-10 10:50:00,Orthopedics,36,Transfer,Self Pay,18,2.27,0,Home
E000777,P00016,2025-12-08 06:45:00,2025-12-11 02:42:00,Neurology,28,Emergency Department,Medicaid,72,2.83,0,Home
E001720,P00951,2025-12-08 12:30:00,2025-12-13 22:25:00,Cardiology,40,Direct Admit,Medicaid,49,5.41,0,Expired
E002022,P00221,2025-12-08 20:00:00,2025-12-14 18:23:00,Neurology,28,Transfer,Medicaid,28,5.93,0,Rehab
E001307,P00434,2025-12-08 20:45:00,2025-12-14 02:06:00,Telemetry,48,Emergency Department,Commercial,30,5.22,0,Home
E001173,P00095,2025-12-08 21:45:00,2025-12-12 18:43:00,Telemetry,48,Emergency Department,Medicaid,59,3.87,0,Home
E001987,P00290,2025-12-09 00:00:00,2025-12-13 11:56:00,Cardiology,40,Emergency Department,Medicare,39,4.50,0,Expired
E000281,P00215,2025-12-09 00:15:00,2025-12-12 06:08:00,Telemetry,48,Emergency Department,Commercial,75,3.25,0,Home Health
E000975,P01288,2025-12-09 00:45:00,2025-12-12 18:28:00,Cardiology,40,Emergency Department,Medicaid,91,3.74,0,Home
E000041,P01258,2025-12-09 01:00:00,2025-12-12 02:37:00,Neurology,28,Emergency Department,Medicare,63,3.07,0,Home
E000073,P01266,2025-12-09 07:00:00,2025-12-11 21:06:00,Med/Surg,72,Emergency Department,Self Pay,85,2.59,0,Home
E000171,P00949,2025-12-09 09:00:00,2025-12-17 09:54:00,Neurology,28,Emergency Department,Self Pay,22,8.04,0,Home
E002053,P00001,2025-12-09 10:45:00,2025-12-13 23:03:00,Med/Surg,72,Direct Admit,Medicaid,36,4.51,0,Home
E001860,P00032,2025-12-09 11:00:00,2025-12-14 07:31:00,Orthopedics,36,Emergency Department,Medicare,62,4.86,0,Home
E000676,P01006,2025-12-09 15:15:00,2025-12-13 17:12:00,Med/Surg,72,Scheduled Procedure,Self Pay,33,4.08,0,Home
E000662,P00473,2025-12-09 18:30:00,2025-12-12 21:45:00,Orthopedics,36,Direct Admit,Medicaid,45,3.14,0,Home
E000002,P00179,2025-12-09 21:00:00,2025-12-17 03:12:00,ICU,24,Direct Admit,Medicare,68,7.26,0,Home
E001350,P01296,2025-12-09 23:15:00,2025-12-22 23:43:00,Telemetry,48,Direct Admit,Medicare,47,13.02,0,Home
E001843,P01144,2025-12-10 01:15:00,2025-12-12 16:33:00,Orthopedics,36,Direct Admit,Self Pay,34,2.64,0,Skilled Nursing Facility
E000844,P00791,2025-12-10 10:45:00,2025-12-13 12:47:00,Neurology,28,Emergency Department,Self Pay,83,3.09,1,Home
E002171,P01123,2025-12-10 18:15:00,2025-12-16 05:54:00,Med/Surg,72,Emergency Department,Self Pay,25,5.49,0,Home
E001409,P01110,2025-12-10 20:15:00,2025-12-13 07:44:00,Med/Surg,72,Scheduled Procedure,Self Pay,62,2.48,1,Home
E001744,P00158,2025-12-11 01:00:00,2025-12-14 14:18:00,Orthopedics,36,Scheduled Procedure,Medicare,35,3.55,0,Home Health
E001787,P00482,2025-12-11 02:45:00,2025-12-15 09:03:00,Orthopedics,36,Emergency Department,Self Pay,48,4.26,0,Home
E002122,P00319,2025-12-11 03:15:00,2025-12-17 18:32:00,ICU,24,Scheduled Procedure,Medicaid,90,6.64,0,Home
E000251,P00012,2025-12-11 05:30:00,2025-12-13 06:42:00,Telemetry,48,Emergency Department,Self Pay,74,2.05,0,Home
E001011,P01254,2025-12-11 07:30:00,2025-12-16 02:27:00,Med/Surg,72,Emergency Department,Self Pay,63,4.79,0,Home
E000178,P00523,2025-12-11 08:00:00,2025-12-12 19:28:00,Orthopedics,36,Emergency Department,Medicare,35,1.48,0,Home Health
E000989,P00595,2025-12-11 12:45:00,2025-12-14 06:25:00,Med/Surg,72,Emergency Department,Medicare,71,2.74,0,Home
E000307,P00614,2025-12-12 00:45:00,2025-12-16 01:47:00,Med/Surg,72,Emergency Department,Self Pay,24,4.04,0,Home
E002170,P00744,2025-12-12 07:15:00,2025-12-18 01:47:00,Cardiology,40,Scheduled Procedure,Commercial,35,5.77,0,Home
E002088,P00219,2025-12-12 13:15:00,2025-12-15 02:47:00,Med/Surg,72,Emergency Department,Self Pay,21,2.56,0,Home
E001609,P00291,2025-12-12 20:15:00,2025-12-16 10:00:00,Telemetry,48,Transfer,Medicaid,54,3.57,0,Home Health
E001735,P01144,2025-12-12 22:00:00,2025-12-16 18:12:00,Neurology,28,Transfer,Commercial,77,3.84,1,Expired
E000062,P00808,2025-12-13 01:00:00,2025-12-18 08:05:00,ICU,24,Emergency Department,Medicare,37,5.30,0,Home
E000867,P00981,2025-12-13 05:15:00,2025-12-16 19:03:00,Orthopedics,36,Transfer,Medicaid,80,3.58,0,Home
E001421,P00528,2025-12-13 06:00:00,2025-12-16 06:21:00,Neurology,28,Emergency Department,Medicare,20,3.01,0,Home
E000509,P00964,2025-12-13 08:45:00,2025-12-18 16:00:00,Med/Surg,72,Emergency Department,Medicaid,30,5.30,0,Home
E001188,P00671,2025-12-13 12:30:00,2025-12-17 04:16:00,Orthopedics,36,Scheduled Procedure,Medicare,37,3.66,0,Home
E002185,P00916,2025-12-13 14:45:00,2025-12-19 05:19:00,Cardiology,40,Emergency Department,Medicaid,31,5.61,0,Home
E001645,P00006,2025-12-14 01:45:00,2025-12-20 09:29:00,Neurology,28,Direct Admit,Self Pay,85,6.32,0,Home
E001345,P00120,2025-12-14 10:00:00,2025-12-19 18:11:00,Telemetry,48,Emergency Department,Self Pay,71,5.34,0,Home
E001767,P01087,2025-12-14 20:00:00,2025-12-17 19:04:00,Orthopedics,36,Emergency Department,Self Pay,19,2.96,0,Home
E001801,P00741,2025-12-15 00:15:00,2025-12-17 11:46:00,Orthopedics,36,Direct Admit,Self Pay,23,2.48,0,Home
E000172,P00856,2025-12-15 01:15:00,2025-12-18 17:07:00,Med/Surg,72,Transfer,Self Pay,41,3.66,0,Home
E001777,P01095,2025-12-15 02:45:00,2025-12-18 08:22:00,Med/Surg,72,Emergency Department,Commercial,71,3.23,0,Home
E001499,P00708,2025-12-15 03:15:00,2025-12-23 09:34:00,Med/Surg,72,Emergency Department,Self Pay,61,8.26,0,Home
E001682,P01193,2025-12-15 07:15:00,2025-12-17 09:08:00,Telemetry,48,Emergency Department,Self Pay,59,2.08,0,Home
E002174,P00208,2025-12-16 00:45:00,2025-12-18 23:52:00,Neurology,28,Scheduled Procedure,Self Pay,91,2.96,0,Home
E001229,P01262,2025-12-16 07:45:00,2025-12-20 00:36:00,Orthopedics,36,Direct Admit,Commercial,32,3.70,0,Home
E001379,P01026,2025-12-16 12:15:00,2025-12-22 05:51:00,ICU,24,Emergency Department,Self Pay,64,5.73,0,Rehab
E002069,P00766,2025-12-16 20:00:00,2025-12-19 04:58:00,Telemetry,48,Emergency Department,Commercial,35,2.37,0,Home
E000712,P00484,2025-12-16 21:30:00,2025-12-18 07:09:00,Orthopedics,36,Transfer,Medicare,86,1.40,0,Rehab
E001041,P00618,2025-12-16 22:15:00,2025-12-22 04:04:00,ICU,24,Emergency Department,Commercial,32,5.24,0,Expired
E002067,P00280,2025-12-16 23:45:00,2025-12-21 04:29:00,Med/Surg,72,Emergency Department,Self Pay,83,4.20,0,Home
E000118,P00540,2025-12-17 07:30:00,2025-12-23 20:15:00,ICU,24,Transfer,Medicare,25,6.53,0,Home
E002092,P00836,2025-12-17 08:00:00,2025-12-20 16:16:00,Telemetry,48,Direct Admit,Medicaid,38,3.34,0,Home
E001908,P01016,2025-12-17 12:15:00,2025-12-23 11:51:00,ICU,24,Transfer,Self Pay,39,5.98,0,Home
E001624,P00745,2025-12-17 17:30:00,2025-12-20 14:23:00,Cardiology,40,Emergency Department,Commercial,49,2.87,0,Home
E000516,P01111,2025-12-17 18:15:00,2025-12-21 17:47:00,Med/Surg,72,Emergency Department,Commercial,75,3.98,0,Home
E001375,P00144,2025-12-17 19:30:00,2025-12-21 21:52:00,Med/Surg,72,Emergency Department,Commercial,46,4.10,1,Rehab
E000225,P00063,2025-12-17 21:15:00,2025-12-21 04:44:00,Med/Surg,72,Emergency Department,Commercial,23,3.31,0,Home
E001211,P00201,2025-12-18 00:30:00,2025-12-21 22:36:00,Med/Surg,72,Emergency Department,Self Pay,51,3.92,0,Home
E000885,P00546,2025-12-18 06:15:00,2025-12-22 04:17:00,Med/Surg,72,Emergency Department,Medicare,43,3.92,0,Home
E002059,P00152,2025-12-18 10:00:00,2025-12-22 04:41:00,Neurology,28,Transfer,Medicare,67,3.78,0,Home
E000185,P01222,2025-12-18 19:00:00,2025-12-22 21:42:00,Orthopedics,36,Scheduled Procedure,Self Pay,37,4.11,0,Skilled Nursing Facility
E001570,P00335,2025-12-18 20:15:00,2025-12-24 08:33:00,Neurology,28,Emergency Department,Commercial,80,5.51,0,Expired
E002193,P00551,2025-12-18 20:30:00,2025-12-22 08:04:00,Med/Surg,72,Emergency Department,Self Pay,66,3.48,0,Home
E000207,P01103,2025-12-18 21:45:00,2025-12-21 11:55:00,Orthopedics,36,Emergency Department,Medicaid,39,2.59,0,Skilled Nursing Facility
E001339,P00828,2025-12-19 02:15:00,2026-01-02 06:45:00,ICU,24,Emergency Department,Self Pay,46,14.19,0,Home
E001494,P00019,2025-12-19 05:30:00,2025-12-21 13:19:00,Telemetry,48,Emergency Department,Commercial,68,2.33,0,Home
E001198,P00083,2025-12-19 06:45:00,2025-12-23 03:10:00,Neurology,28,Direct Admit,Self Pay,49,3.85,0,Home
E001654,P00743,2025-12-19 13:45:00,2025-12-22 07:49:00,Cardiology,40,Emergency Department,Commercial,53,2.75,0,Home
E001876,P00902,2025-12-19 14:15:00,2025-12-24 14:34:00,Telemetry,48,Scheduled Procedure,Self Pay,79,5.01,0,Home
E001772,P00401,2025-12-19 20:00:00,2025-12-25 12:23:00,Med/Surg,72,Emergency Department,Self Pay,63,5.68,0,Home
E001460,P00776,2025-12-20 02:15:00,2025-12-24 11:25:00,Cardiology,40,Scheduled Procedure,Medicaid,55,4.38,0,Home
E000139,P00462,2025-12-20 02:45:00,2025-12-25 00:44:00,Med/Surg,72,Scheduled Procedure,Commercial,80,4.92,0,Home
E000515,P00673,2025-12-20 04:00:00,2025-12-23 17:26:00,Telemetry,48,Transfer,Commercial,69,3.56,0,Home
E001316,P00760,2025-12-20 06:00:00,2025-12-23 21:35:00,Telemetry,48,Emergency Department,Medicare,51,3.65,0,Home
E002167,P00124,2025-12-20 11:30:00,2025-12-24 10:40:00,Med/Surg,72,Direct Admit,Medicare,23,3.97,0,Expired
E001748,P01229,2025-12-20 12:15:00,2025-12-26 20:17:00,Neurology,28,Emergency Department,Commercial,68,6.33,0,Home
E001849,P00084,2025-12-21 02:00:00,2025-12-26 09:40:00,Cardiology,40,Emergency Department,Medicare,78,5.32,0,Skilled Nursing Facility
E001959,P00852,2025-12-21 03:45:00,2025-12-23 11:40:00,Med/Surg,72,Transfer,Medicaid,85,2.33,0,Skilled Nursing Facility
E002078,P00341,2025-12-21 05:15:00,2025-12-25 18:24:00,ICU,24,Direct Admit,Commercial,54,4.55,0,Home
E001513,P01100,2025-12-21 09:15:00,2025-12-27 17:20:00,ICU,24,Scheduled Procedure,Commercial,53,6.34,0,Home Health
E001715,P01069,2025-12-21 17:15:00,2025-12-25 13:59:00,Med/Surg,72,Transfer,Medicaid,78,3.86,0,Home
E001107,P01032,2025-12-21 20:15:00,2025-12-26 12:04:00,Cardiology,40,Emergency Department,Medicare,64,4.66,0,Home
E002023,P00163,2025-12-21 21:00:00,2025-12-26 19:27:00,Neurology,28,Scheduled Procedure,Medicaid,24,4.94,0,Home
E000709,P00097,2025-12-21 21:30:00,2025-12-25 21:32:00,Orthopedics,36,Emergency Department,Self Pay,74,4.00,0,Home
E001971,P01095,2025-12-22 05:15:00,2025-12-27 20:10:00,Cardiology,40,Direct Admit,Commercial,76,5.62,1,Home Health
E002175,P00971,2025-12-22 12:00:00,2025-12-26 11:08:00,Telemetry,48,Emergency Department,Commercial,36,3.96,0,Skilled Nursing Facility
E001130,P00343,2025-12-22 12:15:00,2025-12-29 13:46:00,ICU,24,Emergency Department,Medicaid,49,7.06,0,Skilled Nursing Facility
E001608,P00263,2025-12-23 04:30:00,2025-12-28 14:02:00,Med/Surg,72,Emergency Department,Medicaid,92,5.40,0,Expired
E001296,P00217,2025-12-23 11:30:00,2025-12-27 07:31:00,Telemetry,48,Scheduled Procedure,Self Pay,69,3.83,0,Home
E001561,P01064,2025-12-23 21:00:00,2025-12-26 18:02:00,Telemetry,48,Transfer,Commercial,38,2.88,0,Home
E001399,P00543,2025-12-24 01:00:00,2025-12-29 18:25:00,Neurology,28,Emergency Department,Medicare,19,5.73,0,Rehab
E001717,P00472,2025-12-24 02:00:00,2025-12-27 17:03:00,Orthopedics,36,Emergency Department,Commercial,76,3.63,0,Home Health
E000717,P00008,2025-12-24 02:45:00,2025-12-28 15:57:00,Med/Surg,72,Emergency Department,Commercial,77,4.55,0,Rehab
E000606,P00680,2025-12-24 08:15:00,2025-12-27 14:22:00,Telemetry,48,Emergency Department,Commercial,84,3.26,0,Home
E000576,P01237,2025-12-24 09:30:00,2025-12-28 18:11:00,ICU,24,Transfer,Self Pay,42,4.36,0,Home
E000488,P00467,2025-12-24 13:30:00,2025-12-29 06:07:00,Med/Surg,72,Emergency Department,Self Pay,45,4.69,0,Home
E000832,P01292,2025-12-24 15:00:00,2025-12-26 21:59:00,Telemetry,48,Direct Admit,Self Pay,56,2.29,0,Home
E001505,P01214,2025-12-24 15:15:00,2025-12-29 22:06:00,Med/Surg,72,Direct Admit,Self Pay,43,5.29,0,Home
E001071,P00135,2025-12-24 15:30:00,2025-12-27 18:29:00,Telemetry,48,Emergency Department,Self Pay,84,3.12,0,Home
E001105,P00803,2025-12-24 16:15:00,2025-12-26 01:44:00,Orthopedics,36,Scheduled Procedure,Commercial,30,1.40,0,Home Health
E001847,P01171,2025-12-25 04:00:00,2025-12-27 17:29:00,Telemetry,48,Direct Admit,Medicare,80,2.56,1,Rehab
E001992,P00252,2025-12-25 09:15:00,2025-12-30 12:18:00,Med/Surg,72,Emergency Department,Self Pay,59,5.13,0,Home
E001539,P00669,2025-12-25 19:45:00,2025-12-30 09:30:00,Med/Surg,72,Emergency Department,Self Pay,35,4.57,0,Rehab
E000135,P00076,2025-12-26 00:30:00,2025-12-30 21:14:00,Cardiology,40,Direct Admit,Medicaid,39,4.86,0,Home
E000112,P00957,2025-12-26 05:45:00,2025-12-28 19:27:00,Telemetry,48,Scheduled Procedure,Medicaid,19,2.57,0,Home
E002036,P00034,2025-12-26 06:00:00,2025-12-30 10:25:00,Med/Surg,72,Scheduled Procedure,Medicaid,56,4.18,0,Home
E000414,P01147,2025-12-26 06:15:00,2025-12-29 14:26:00,Telemetry,48,Emergency Department,Commercial,26,3.34,0,Expired
E001016,P00936,2025-12-26 12:15:00,2025-12-31 07:03:00,Telemetry,48,Emergency Department,Medicare,54,4.78,0,Home Health
E000840,P01106,2025-12-26 13:15:00,2026-01-08 09:14:00,Neurology,28,Transfer,Medicaid,87,12.83,0,Skilled Nursing Facility
E000166,P01174,2025-12-27 04:00:00,2025-12-30 18:29:00,Med/Surg,72,Emergency Department,Self Pay,88,3.60,0,Home
E001315,P00658,2025-12-27 09:45:00,2025-12-30 10:42:00,Med/Surg,72,Emergency Department,Medicare,89,3.04,0,Home
E000448,P00440,2025-12-27 11:45:00,2026-01-01 23:31:00,Med/Surg,72,Emergency Department,Medicaid,58,5.49,0,Home Health
E000792,P00776,2025-12-27 13:00:00,2026-01-01 09:03:00,ICU,24,Emergency Department,Self Pay,81,4.84,0,Home
E001659,P00768,2025-12-27 14:45:00,2026-01-01 20:43:00,Med/Surg,72,Emergency Department,Medicare,30,5.25,0,Home
E002132,P00446,2025-12-27 23:00:00,2026-01-01 11:42:00,Med/Surg,72,Transfer,Medicaid,62,4.53,0,Home
E001613,P01021,2025-12-27 23:30:00,2026-01-02 09:37:00,Neurology,28,Emergency Department,Commercial,61,5.42,0,Skilled Nursing Facility
E001852,P01239,2025-12-28 05:30:00,2026-01-02 01:45:00,Telemetry,48,Emergency Department,Medicaid,62,4.84,0,Home
E000297,P00421,2025-12-28 08:00:00,2026-01-01 06:48:00,Med/Surg,72,Emergency Department,Medicaid,70,3.95,0,Home
E000940,P00866,2025-12-28 08:00:00,2026-01-01 06:02:00,Orthopedics,36,Emergency Department,Commercial,24,3.92,0,Home
E001190,P00518,2025-12-28 08:30:00,2026-01-02 02:13:00,Cardiology,40,Emergency Department,Commercial,51,4.74,0,Home
E001330,P00541,2025-12-28 08:30:00,2026-01-02 04:29:00,Telemetry,48,Scheduled Procedure,Self Pay,52,4.83,0,Home
E001507,P00720,2025-12-28 18:45:00,2026-01-02 13:27:00,Telemetry,48,Emergency Department,Medicare,22,4.78,0,Home
E000015,P00228,2025-12-28 19:00:00,2026-01-03 06:39:00,Neurology,28,Emergency Department,Commercial,72,5.49,0,Home
E000813,P00454,2025-12-28 21:00:00,2026-01-02 12:55:00,Telemetry,48,Emergency Department,Self Pay,24,4.66,0,Expired